         t[s]                   u[ft/s]               v[ft/s]                 w[ft/s]                p[rad/s]             q[rad/s]            r[rad/s]                x[ft]                  y[ft]                  z[ft]                    e0                   ex                      ey                   ez
   0.0000000000000E+00   0.5089393285943E+03   0.3443388842937E+00   0.1066800883049E+03  -0.9159555604454E-01   0.2171078717088E+00   0.3828197550645E-01   0.0000000000000E+00   0.0000000000000E+00  -0.2000000000000E+04   0.7512442556469E+00   0.6303687778374E+00   0.1498537860416E+00  -0.1257422565981E+00
   0.1000000000000E-01   0.5089393203928E+03   0.3443388437803E+00   0.1066801186975E+03  -0.9159555775037E-01   0.2171078698305E+00   0.3828197944135E-01   0.4773505003535E+01  -0.1044298590428E+01  -0.2001778504719E+04   0.7513938114573E+00   0.6301894572976E+00   0.1506061126594E+00  -0.1248454518360E+00
   0.2000000000000E-01   0.5089392957712E+03   0.3443386606366E+00   0.1066802093930E+03  -0.9159556241135E-01   0.2171078605306E+00   0.3828199124377E-01   0.9549489326830E+01  -0.2077199117840E+01  -0.2003557009278E+04   0.7515422967182E+00   0.6300092388691E+00   0.1513582246550E+00  -0.1239484691812E+00
   0.3000000000000E-01   0.5089392547084E+03   0.3443382437796E+00   0.1066803596554E+03  -0.9159556932161E-01   0.2171078384256E+00   0.3828201089147E-01   0.1432792564509E+02  -0.3098696287768E+01  -0.2005335513519E+04   0.7516897112388E+00   0.6298281227985E+00   0.1521101208956E+00  -0.1230513099121E+00
   0.4000000000000E-01   0.5089391971890E+03   0.3443375040796E+00   0.1066805687327E+03  -0.9159557774992E-01   0.2171077982823E+00   0.3828203833764E-01   0.1910878662281E+02  -0.4108784864909E+01  -0.2007114017287E+04   0.7518360548315E+00   0.6296461093334E+00   0.1528618002285E+00  -0.1221539753246E+00
   0.5000000000000E-01   0.5089391232033E+03   0.3443363545148E+00   0.1066808358574E+03  -0.9159558694209E-01   0.2171077350176E+00   0.3828207351151E-01   0.2389204491387E+02  -0.5107459673254E+01  -0.2008892520424E+04   0.7519813273124E+00   0.6294631987227E+00   0.1536132614815E+00  -0.1212564667319E+00
   0.6000000000000E-01   0.5089390327471E+03   0.3443347103187E+00   0.1066811602481E+03  -0.9159559612331E-01   0.2171076436970E+00   0.3828211631890E-01   0.2867767316165E+02  -0.6094715596216E+01  -0.2010671022778E+04   0.7521255285003E+00   0.6292793912168E+00   0.1543645034639E+00  -0.1203587854642E+00
   0.7000000000000E-01   0.5089389258218E+03   0.3443324891206E+00   0.1066815411096E+03  -0.9159560450055E-01   0.2171075195339E+00   0.3828216664296E-01   0.3346564399914E+02  -0.7070547576766E+01  -0.2012449524195E+04   0.7522686582173E+00   0.6290946870674E+00   0.1551155249667E+00  -0.1194609328681E+00
   0.8000000000000E-01   0.5089388024337E+03   0.3443296110786E+00   0.1066819776341E+03  -0.9159561126486E-01   0.2171073578880E+00   0.3828222434486E-01   0.3825593004907E+02  -0.8034950617558E+01  -0.2014228024524E+04   0.7524107162887E+00   0.6289090865287E+00   0.1558663247635E+00  -0.1185629103064E+00
   0.9000000000000E-01   0.5089386625944E+03   0.3443259990055E+00   0.1066824690022E+03  -0.9159561559380E-01   0.2171071542645E+00   0.3828228926444E-01   0.4304850392400E+02  -0.8987919781067E+01  -0.2016006523616E+04   0.7525517025424E+00   0.6287225898565E+00   0.1566169016111E+00  -0.1176647191576E+00
   0.1000000000000E+00   0.5089385063207E+03   0.3443215784877E+00   0.1066830143832E+03  -0.9159561665366E-01   0.2171069043124E+00   0.3828236122103E-01   0.4784333822646E+02  -0.9929450189722E+01  -0.2017785021320E+04   0.7526916168094E+00   0.6285351973092E+00   0.1573672542501E+00  -0.1167663608157E+00
   0.1100000000000E+00   0.5089383336337E+03   0.3443162779964E+00   0.1066836129363E+03  -0.9159561360180E-01   0.2171066038238E+00   0.3828244001419E-01   0.5264040554906E+02  -0.1085953702603E+02  -0.2019563517490E+04   0.7528304589233E+00   0.6283469091479E+00   0.1581173814054E+00  -0.1158678366898E+00
   0.1200000000000E+00   0.5089381445598E+03   0.3443100289911E+00   0.1066842638113E+03  -0.9159560558893E-01   0.2171062487320E+00   0.3828252542449E-01   0.5743967847459E+02  -0.1177817553274E+02  -0.2021342011979E+04   0.7529682287206E+00   0.6281577256362E+00   0.1588672817869E+00  -0.1149691482034E+00
   0.1300000000000E+00   0.5089379391294E+03   0.3443027660161E+00   0.1066849661492E+03  -0.9159559176131E-01   0.2171058351104E+00   0.3828261721436E-01   0.6224112957619E+02  -0.1268536101291E+02  -0.2023120504642E+04   0.7531049260404E+00   0.6279676470406E+00   0.1596169540902E+00  -0.1140702967947E+00
   0.1400000000000E+00   0.5089377173778E+03   0.3442944267894E+00   0.1066857190832E+03  -0.9159557126297E-01   0.2171053591707E+00   0.3828271512890E-01   0.6704473141742E+02  -0.1358108883013E+02  -0.2024898995334E+04   0.7532405507246E+00   0.6277766736310E+00   0.1603663969970E+00  -0.1131712839157E+00
   0.1500000000000E+00   0.5089374793443E+03   0.3442849522835E+00   0.1066865217390E+03  -0.9159554323788E-01   0.2171048172620E+00   0.3828281889675E-01   0.7185045655243E+02  -0.1446535440859E+02  -0.2026677483913E+04   0.7533751026175E+00   0.6275848056800E+00   0.1611156091757E+00  -0.1122721110317E+00
   0.1600000000000E+00   0.5089372250724E+03   0.3442742867995E+00   0.1066873732361E+03  -0.9159550683204E-01   0.2171042058687E+00   0.3828292823091E-01   0.7665827752605E+02  -0.1533815323323E+02  -0.2028455970236E+04   0.7535085815662E+00   0.6273920434641E+00   0.1618645892821E+00  -0.1113727796216E+00
   0.1700000000000E+00   0.5089369546097E+03   0.3442623780331E+00   0.1066882726879E+03  -0.9159546119560E-01   0.2171035216091E+00   0.3828304282972E-01   0.8146816687393E+02  -0.1619948084990E+02  -0.2030234454164E+04   0.7536409874200E+00   0.6271983872628E+00   0.1626133359600E+00  -0.1104732911769E+00
   0.1800000000000E+00   0.5089366680078E+03   0.3442491771333E+00   0.1066892192029E+03  -0.9159540548487E-01   0.2171027612340E+00   0.3828316237763E-01   0.8628009712268E+02  -0.1704933286546E+02  -0.2032012935555E+04   0.7537723200311E+00   0.6270038373595E+00   0.1633618478416E+00  -0.1095736472017E+00
   0.1900000000000E+00   0.5089363653218E+03   0.3442346387535E+00   0.1066902118851E+03  -0.9159533886430E-01   0.2171019216247E+00   0.3828328654621E-01   0.9109404079000E+02  -0.1788770494791E+02  -0.2033791414271E+04   0.7539025792540E+00   0.6268083940412E+00   0.1641101235481E+00  -0.1086738492121E+00
   0.2000000000000E+00   0.5089360466106E+03   0.3442187210951E+00   0.1066912498346E+03  -0.9159526050840E-01   0.2171009997915E+00   0.3828341499501E-01   0.9590997038478E+02  -0.1871459282658E+02  -0.2035569890175E+04   0.7540317649458E+00   0.6266120575987E+00   0.1648581616905E+00  -0.1077738987360E+00
   0.2100000000000E+00   0.5089357119366E+03   0.3442013859442E+00   0.1066923321483E+03  -0.9159516960368E-01   0.2170999928721E+00   0.3828354737249E-01   0.1007278584073E+03  -0.1952999229218E+02  -0.2037348363129E+04   0.7541598769658E+00   0.6264148283265E+00   0.1656059608695E+00  -0.1068737973127E+00
   0.2200000000000E+00   0.5089353613656E+03   0.3441825987005E+00   0.1066934579207E+03  -0.9159506535037E-01   0.2170988981295E+00   0.3828368331694E-01   0.1055476773493E+03  -0.2033389919700E+02  -0.2039126832998E+04   0.7542869151762E+00   0.6262167065233E+00   0.1663535196770E+00  -0.1059735464924E+00
   0.2300000000000E+00   0.5089349949667E+03   0.3441623283989E+00   0.1066946262442E+03  -0.9159494696426E-01   0.2170977129506E+00   0.3828382245742E-01   0.1103693996940E+03  -0.2112630945501E+02  -0.2040905299647E+04   0.7544128794414E+00   0.6260176924915E+00   0.1671008366956E+00  -0.1050731478360E+00
   0.2400000000000E+00   0.5089346128120E+03   0.3441405477248E+00   0.1066958362099E+03  -0.9159481367837E-01   0.2170964348443E+00   0.3828396441468E-01   0.1151929979168E+03  -0.2190721904199E+02  -0.2042683762941E+04   0.7545377696283E+00   0.6258177865378E+00   0.1678479105000E+00  -0.1041726029146E+00
   0.2500000000000E+00   0.5089342149768E+03   0.3441172330208E+00   0.1066970869082E+03  -0.9159466474459E-01   0.2170950614395E+00   0.3828410880212E-01   0.1200184444844E+03  -0.2267662399567E+02  -0.2044462222748E+04   0.7546615856064E+00   0.6256169889728E+00   0.1685947396569E+00  -0.1032719133093E+00
   0.2600000000000E+00   0.5089338015391E+03   0.3440923642884E+00   0.1066983774290E+03  -0.9159449943526E-01   0.2170935904834E+00   0.3828425522665E-01   0.1248457118560E+03  -0.2343452041587E+02  -0.2046240678935E+04   0.7547843272477E+00   0.6254153001113E+00   0.1693413227256E+00  -0.1023710806107E+00
   0.2700000000000E+00   0.5089333725798E+03   0.3440659251813E+00   0.1066997068630E+03  -0.9159431704466E-01   0.2170920198397E+00   0.3828440328971E-01   0.1296747724829E+03  -0.2418090446460E+02  -0.2048019131371E+04   0.7549059944267E+00   0.6252127202721E+00   0.1700876582589E+00  -0.1014701064185E+00
   0.2800000000000E+00   0.5089329281825E+03   0.3440379029927E+00   0.1067010743012E+03  -0.9159411689044E-01   0.2170903474866E+00   0.3828455258809E-01   0.1345055988085E+03  -0.2491577236620E+02  -0.2049797579926E+04   0.7550265870204E+00   0.6250092497783E+00   0.1708337448030E+00  -0.1005689923412E+00
   0.2900000000000E+00   0.5089324684333E+03   0.3440082886363E+00   0.1067024788364E+03  -0.9159389831504E-01   0.2170885715147E+00   0.3828470271494E-01   0.1393381632688E+03  -0.2563912040747E+02  -0.2051576024468E+04   0.7551461049084E+00   0.6248048889570E+00   0.1715795808983E+00  -0.9966773999600E-01
   0.3000000000000E+00   0.5089319934208E+03   0.3439770766201E+00   0.1067039195631E+03  -0.9159366068693E-01   0.2170866901257E+00   0.3828485326060E-01   0.1441724382925E+03  -0.2635094493781E+02  -0.2053354464870E+04   0.7552645479730E+00   0.6245996381394E+00   0.1723251650799E+00  -0.9876635100786E-01
   0.3100000000000E+00   0.5089315032357E+03   0.3439442650148E+00   0.1067053955781E+03  -0.9159340340187E-01   0.2170847016297E+00   0.3828500381355E-01   0.1490083963010E+03  -0.2705124236932E+02  -0.2055132901002E+04   0.7553819160991E+00   0.6243934976610E+00   0.1730704958779E+00  -0.9786482700964E-01
   0.3200000000000E+00   0.5089309979712E+03   0.3439098554155E+00   0.1067069059811E+03  -0.9159312588405E-01   0.2170826044437E+00   0.3828515396127E-01   0.1538460097085E+03  -0.2774000917692E+02  -0.2056911332737E+04   0.7554982091743E+00   0.6241864678612E+00   0.1738155718178E+00  -0.9696316964153E-01
   0.3300000000000E+00   0.5089304777225E+03   0.3438738528979E+00   0.1067084498752E+03  -0.9159282758718E-01   0.2170803970897E+00   0.3828530329111E-01   0.1586852509224E+03  -0.2841724189849E+02  -0.2058689759949E+04   0.7556134270889E+00   0.6239785490837E+00   0.1745603914212E+00  -0.9606138055075E-01
   0.3400000000000E+00   0.5089299425868E+03   0.3438362659684E+00   0.1067100263670E+03  -0.9159250799549E-01   0.2170780781925E+00   0.3828545139119E-01   0.1635260923433E+03  -0.2908293713500E+02  -0.2060468182511E+04   0.7557275697359E+00   0.6237697416759E+00   0.1753049532059E+00  -0.9515946139116E-01
   0.3500000000000E+00   0.5089293926630E+03   0.3437971065091E+00   0.1067116345675E+03  -0.9159216662466E-01   0.2170756464778E+00   0.3828559785120E-01   0.1683685063649E+03  -0.2973709155061E+02  -0.2062246600297E+04   0.7558406370111E+00   0.6235600459894E+00   0.1760492556863E+00  -0.9425741382292E-01
   0.3600000000000E+00   0.5089288280521E+03   0.3437563897166E+00   0.1067132735919E+03  -0.9159180302269E-01   0.2170731007701E+00   0.3828574226325E-01   0.1732124653748E+03  -0.3037970187278E+02  -0.2064025013182E+04   0.7559526288134E+00   0.6233494623798E+00   0.1767932973744E+00  -0.9335523951217E-01
   0.3700000000000E+00   0.5089282488567E+03   0.3437141340370E+00   0.1067149425609E+03  -0.9159141677068E-01   0.2170704399911E+00   0.3828588422270E-01   0.1780579417539E+03  -0.3101076489240E+02  -0.2065803421043E+04   0.7560635450444E+00   0.6231379912064E+00   0.1775370767793E+00  -0.9245294013064E-01
   0.3800000000000E+00   0.5089276551808E+03   0.3436703610942E+00   0.1067166406000E+03  -0.9159100748351E-01   0.2170676631571E+00   0.3828602332893E-01   0.1829049078773E+03  -0.3163027746392E+02  -0.2067581823755E+04   0.7561733856087E+00   0.6229256328324E+00   0.1782805924082E+00  -0.9155051735531E-01
   0.3900000000000E+00   0.5089270471301E+03   0.3436250956150E+00   0.1067183668410E+03  -0.9159057481051E-01   0.2170647693776E+00   0.3828615918613E-01   0.1877533361137E+03  -0.3223823650545E+02  -0.2069360221196E+04   0.7562821504138E+00   0.6227123876249E+00   0.1790238427665E+00  -0.9064797286809E-01
   0.4000000000000E+00   0.5089264248117E+03   0.3435783653486E+00   0.1067201204212E+03  -0.9159011843599E-01   0.2170617578530E+00   0.3828629140406E-01   0.1926031988262E+03  -0.3283463899886E+02  -0.2071138613242E+04   0.7563898393704E+00   0.6224982559545E+00   0.1797668263584E+00  -0.8974530835546E-01
   0.4100000000000E+00   0.5089257883338E+03   0.3435302009822E+00   0.1067219004850E+03  -0.9158963807973E-01   0.2170586278725E+00   0.3828641959877E-01   0.1974544683719E+03  -0.3341948198989E+02  -0.2072916999771E+04   0.7564964523924E+00   0.6222832381954E+00   0.1805095416869E+00  -0.8884252550812E-01
   0.4200000000000E+00   0.5089251378060E+03   0.3434806360524E+00   0.1067237061829E+03  -0.9158913349740E-01   0.2170553788124E+00   0.3828654339332E-01   0.2023071171028E+03  -0.3399276258831E+02  -0.2074695380663E+04   0.7566019893968E+00   0.6220673347255E+00   0.1812519872544E+00  -0.8793962602068E-01
   0.4300000000000E+00   0.5089244733389E+03   0.3434297068525E+00   0.1067255366730E+03  -0.9158860448087E-01   0.2170520101337E+00   0.3828666241848E-01   0.2071611173650E+03  -0.3455447796796E+02  -0.2076473755796E+04   0.7567064503036E+00   0.6218505459261E+00   0.1819941615631E+00  -0.8703661159130E-01
   0.4400000000000E+00   0.5089237950441E+03   0.3433774523367E+00   0.1067273911205E+03  -0.9158805085845E-01   0.2170485213807E+00   0.3828677631338E-01   0.2120164414997E+03  -0.3510462536689E+02  -0.2078252125050E+04   0.7568098350365E+00   0.6216328721817E+00   0.1827360631150E+00  -0.8613348392140E-01
   0.4500000000000E+00   0.5089231030343E+03   0.3433239140197E+00   0.1067292686986E+03  -0.9158747249515E-01   0.2170449121783E+00   0.3828688472617E-01   0.2168730618429E+03  -0.3564320208746E+02  -0.2080030488304E+04   0.7569121435222E+00   0.6214143138803E+00   0.1834776904124E+00  -0.8523024471528E-01
   0.4600000000000E+00   0.5089223974230E+03   0.3432691358746E+00   0.1067311685881E+03  -0.9158686929270E-01   0.2170411822305E+00   0.3828698731458E-01   0.2217309507257E+03  -0.3617020549645E+02  -0.2081808845440E+04   0.7570133756912E+00   0.6211948714129E+00   0.1842190419582E+00  -0.8432689567981E-01
   0.4700000000000E+00   0.5089216783243E+03   0.3432131642262E+00   0.1067330899784E+03  -0.9158624118968E-01   0.2170373313185E+00   0.3828708374660E-01   0.2265900804745E+03  -0.3668563302514E+02  -0.2083587196338E+04   0.7571135314770E+00   0.6209745451737E+00   0.1849601162562E+00  -0.8342343852416E-01
   0.4800000000000E+00   0.5089209458531E+03   0.3431560476427E+00   0.1067350320671E+03  -0.9158558816142E-01   0.2170333592981E+00   0.3828717370096E-01   0.2314504234112E+03  -0.3718948216945E+02  -0.2085365540879E+04   0.7572126108170E+00   0.6207533355600E+00   0.1857009118113E+00  -0.8251987495941E-01
   0.4900000000000E+00   0.5089202001250E+03   0.3430978368245E+00   0.1067369940608E+03  -0.9158491021994E-01   0.2170292660985E+00   0.3828725686770E-01   0.2363119518530E+03  -0.3768175048997E+02  -0.2087143878945E+04   0.7573106136520E+00   0.6205312429717E+00   0.1864414271298E+00  -0.8161620669828E-01
   0.5000000000000E+00   0.5089194412559E+03   0.3430385844903E+00   0.1067389751750E+03  -0.9158420741380E-01   0.2170250517200E+00   0.3828733294868E-01   0.2411746381131E+03  -0.3816243561212E+02  -0.2088922210418E+04   0.7574075399266E+00   0.6203082678116E+00   0.1871816607198E+00  -0.8071243545481E-01
   0.5100000000000E+00   0.5089186693625E+03   0.3429783452617E+00   0.1067409746343E+03  -0.9158347982782E-01   0.2170207162317E+00   0.3828740165805E-01   0.2460384545005E+03  -0.3863153522622E+02  -0.2090700535182E+04   0.7575033895889E+00   0.6200844104854E+00   0.1879216110912E+00  -0.7980856294406E-01
   0.5200000000000E+00   0.5089178845614E+03   0.3429171755457E+00   0.1067429916729E+03  -0.9158272758284E-01   0.2170162597703E+00   0.3828746272270E-01   0.2509033733205E+03  -0.3908904708757E+02  -0.2092478853117E+04   0.7575981625910E+00   0.6198596714010E+00   0.1886612767561E+00  -0.7890459088180E-01
   0.5300000000000E+00   0.5089170869700E+03   0.3428551334155E+00   0.1067450255345E+03  -0.9158195083531E-01   0.2170116825377E+00   0.3828751588268E-01   0.2557693668742E+03  -0.3953496901655E+02  -0.2094257164109E+04   0.7576918588885E+00   0.6196340509691E+00   0.1894006562289E+00  -0.7800052098421E-01
   0.5400000000000E+00   0.5089162767055E+03   0.3427922784900E+00   0.1067470754727E+03  -0.9158114977693E-01   0.2170069847991E+00   0.3828756089158E-01   0.2606364074596E+03  -0.3996929889872E+02  -0.2096035468040E+04   0.7577844784412E+00   0.6194075496026E+00   0.1901397480267E+00  -0.7709635496761E-01
   0.5500000000000E+00   0.5089154538855E+03   0.3427286718119E+00   0.1067491407509E+03  -0.9158032463410E-01   0.2170021668814E+00   0.3828759751692E-01   0.2655044673710E+03  -0.4039203468488E+02  -0.2097813764795E+04   0.7578760212125E+00   0.6191801677168E+00   0.1908785506695E+00  -0.7619209454814E-01
   0.5600000000000E+00   0.5089146186277E+03   0.3426643757258E+00   0.1067512206429E+03  -0.9157947566743E-01   0.2169972291710E+00   0.3828762554046E-01   0.2703735188995E+03  -0.4080317439119E+02  -0.2099592054257E+04   0.7579664871701E+00   0.6189519057289E+00   0.1916170626802E+00  -0.7528774144150E-01
   0.5700000000000E+00   0.5089137710497E+03   0.3425994537542E+00   0.1067533144325E+03  -0.9157860317113E-01   0.2169921721120E+00   0.3828764475850E-01   0.2752435343333E+03  -0.4120271609920E+02  -0.2101370336312E+04   0.7580558762855E+00   0.6187227640584E+00   0.1923552825849E+00  -0.7438329736268E-01
   0.5800000000000E+00   0.5089129112692E+03   0.3425339704740E+00   0.1067554214143E+03  -0.9157770747235E-01   0.2169869962047E+00   0.3828765498218E-01   0.2801144859574E+03  -0.4159065795599E+02  -0.2103148610843E+04   0.7581441885343E+00   0.6184927431268E+00   0.1930932089132E+00  -0.7347876402564E-01
   0.5900000000000E+00   0.5089120394037E+03   0.3424679913925E+00   0.1067575408932E+03  -0.9157678893048E-01   0.2169817020031E+00   0.3828765603766E-01   0.2849863460543E+03  -0.4196699817420E+02  -0.2104926877737E+04   0.7582314238963E+00   0.6182618433571E+00   0.1938308401981E+00  -0.7257414314309E-01
   0.6000000000000E+00   0.5089111555705E+03   0.3424015828231E+00   0.1067596721849E+03  -0.9157584793643E-01   0.2169762901139E+00   0.3828764776642E-01   0.2898590869039E+03  -0.4233173503215E+02  -0.2106705136878E+04   0.7583175823553E+00   0.6180300651744E+00   0.1945681749767E+00  -0.7166943642622E-01
   0.6100000000000E+00   0.5089102598868E+03   0.3423348117618E+00   0.1067618146160E+03  -0.9157488491176E-01   0.2169707611940E+00   0.3828763002536E-01   0.2947326807837E+03  -0.4268486687386E+02  -0.2108483388152E+04   0.7584026638993E+00   0.6177974090053E+00   0.1953052117895E+00  -0.7076464558441E-01
   0.6200000000000E+00   0.5089093524695E+03   0.3422677457631E+00   0.1067639675240E+03  -0.9157390030789E-01   0.2169651159490E+00   0.3828760268700E-01   0.2996070999689E+03  -0.4302639210917E+02  -0.2110261631445E+04   0.7584866685207E+00   0.6175638752778E+00   0.1960419491815E+00  -0.6985977232502E-01
   0.6300000000000E+00   0.5089084334350E+03   0.3422004528174E+00   0.1067661302573E+03  -0.9157289460518E-01   0.2169593551317E+00   0.3828756563959E-01   0.3044823167328E+03  -0.4335630921380E+02  -0.2112039866643E+04   0.7585695962161E+00   0.6173294644216E+00   0.1967783857017E+00  -0.6895481835310E-01
   0.6400000000000E+00   0.5089075028997E+03   0.3421330012290E+00   0.1067683021755E+03  -0.9157186831201E-01   0.2169534795399E+00   0.3828751878720E-01   0.3093583033468E+03  -0.4367461672941E+02  -0.2113818093632E+04   0.7586514469863E+00   0.6170941768676E+00   0.1975145199035E+00  -0.6804978537120E-01
   0.6500000000000E+00   0.5089065609791E+03   0.3420654594942E+00   0.1067704826495E+03  -0.9157082196377E-01   0.2169474900150E+00   0.3828746204978E-01   0.3142350320806E+03  -0.4398131326364E+02  -0.2115596312300E+04   0.7587322208364E+00   0.6168580130479E+00   0.1982503503445E+00  -0.6714467507908E-01
   0.6600000000000E+00   0.5089056077885E+03   0.3419978961823E+00   0.1067726710613E+03  -0.9156975612188E-01   0.2169413874401E+00   0.3828739536321E-01   0.3191124752022E+03  -0.4427639749025E+02  -0.2117374522532E+04   0.7588119177761E+00   0.6166209733960E+00   0.1989858755873E+00  -0.6623948917352E-01
   0.6700000000000E+00   0.5089046434425E+03   0.3419303798159E+00   0.1067748668044E+03  -0.9156867137274E-01   0.2169351727386E+00   0.3828731867929E-01   0.3239906049785E+03  -0.4455986814910E+02  -0.2119152724216E+04   0.7588905378191E+00   0.6163830583461E+00   0.1997210941988E+00  -0.6533422934808E-01
   0.6800000000000E+00   0.5089036680553E+03   0.3418629787547E+00   0.1067770692834E+03  -0.9156756832662E-01   0.2169288468722E+00   0.3828723196575E-01   0.3288693936753E+03  -0.4483172404627E+02  -0.2120930917239E+04   0.7589680809839E+00   0.6161442683337E+00   0.2004560047511E+00  -0.6442889729288E-01
   0.6900000000000E+00   0.5089026817404E+03   0.3417957610794E+00   0.1067792779146E+03  -0.9156644761657E-01   0.2169224108397E+00   0.3828713520616E-01   0.3337488135570E+03  -0.4509196405407E+02  -0.2122709101488E+04   0.7590445472931E+00   0.6159046037950E+00   0.2011906058207E+00  -0.6352349469440E-01
   0.7000000000000E+00   0.5089016846105E+03   0.3417287944787E+00   0.1067814921256E+03  -0.9156530989729E-01   0.2169158656748E+00   0.3828702839986E-01   0.3386288368877E+03  -0.4534058711114E+02  -0.2124487276850E+04   0.7591199367739E+00   0.6156640651671E+00   0.2019248959896E+00  -0.6261802323526E-01
   0.7100000000000E+00   0.5089006767777E+03   0.3416621461377E+00   0.1067837113555E+03  -0.9156415584393E-01   0.2169092124452E+00   0.3828691156190E-01   0.3435094359304E+03  -0.4557759222249E+02  -0.2126265443214E+04   0.7591942494578E+00   0.6154226528878E+00   0.2026588738444E+00  -0.6171248459405E-01
   0.7200000000000E+00   0.5088996583533E+03   0.3415958826287E+00   0.1067859350549E+03  -0.9156298615091E-01   0.2169024522505E+00   0.3828678472287E-01   0.3483905829480E+03  -0.4580297845953E+02  -0.2128043600468E+04   0.7592674853809E+00   0.6151803673957E+00   0.2033925379773E+00  -0.6080688044509E-01
   0.7300000000000E+00   0.5088986294478E+03   0.3415300698043E+00   0.1067881626861E+03  -0.9156180153072E-01   0.2168955862210E+00   0.3828664792875E-01   0.3532722502028E+03  -0.4601674496016E+02  -0.2129821748498E+04   0.7593396445835E+00   0.6149372091297E+00   0.2041258869852E+00  -0.5990121245828E-01
   0.7400000000000E+00   0.5088975901710E+03   0.3414647726932E+00   0.1067903937226E+03  -0.9156060271268E-01   0.2168886155158E+00   0.3828650124075E-01   0.3581544099573E+03  -0.4621889092878E+02  -0.2131599887193E+04   0.7594107271107E+00   0.6146931785296E+00   0.2048589194708E+00  -0.5899548229893E-01
   0.7500000000000E+00   0.5088965406316E+03   0.3414000553985E+00   0.1067926276497E+03  -0.9155939044171E-01   0.2168815413219E+00   0.3828634473508E-01   0.3630370344739E+03  -0.4640941563636E+02  -0.2133378016443E+04   0.7594807330117E+00   0.6144482760352E+00   0.2055916340419E+00  -0.5808969162754E-01
   0.7600000000000E+00   0.5088954809374E+03   0.3413359809990E+00   0.1067948639641E+03  -0.9155816547702E-01   0.2168743648521E+00   0.3828617850277E-01   0.3679200960151E+03  -0.4658831842050E+02  -0.2135156136134E+04   0.7595496623404E+00   0.6142025020870E+00   0.2063240293117E+00  -0.5718384209967E-01
   0.7700000000000E+00   0.5088944111956E+03   0.3412726114529E+00   0.1067971021739E+03  -0.9155692859089E-01   0.2168670873440E+00   0.3828600264936E-01   0.3728035668441E+03  -0.4675559868542E+02  -0.2136934246155E+04   0.7596175151549E+00   0.6139558571259E+00   0.2070561038988E+00  -0.5627793536578E-01
   0.7800000000000E+00   0.5088933315121E+03   0.3412100075053E+00   0.1067993417989E+03  -0.9155568056736E-01   0.2168597100585E+00   0.3828581729467E-01   0.3776874192245E+03  -0.4691125590206E+02  -0.2138712346396E+04   0.7596842915178E+00   0.6137083415928E+00   0.2077878564274E+00  -0.5537197307106E-01
   0.7900000000000E+00   0.5088922419918E+03   0.3411482285981E+00   0.1068015823701E+03  -0.9155442220093E-01   0.2168522342783E+00   0.3828562257250E-01   0.3825716254209E+03  -0.4705528960807E+02  -0.2140490436744E+04   0.7597499914963E+00   0.6134599559291E+00   0.2085192855273E+00  -0.5446595685530E-01
   0.8000000000000E+00   0.5088911427388E+03   0.3410873327842E+00   0.1068038234303E+03  -0.9155315429531E-01   0.2168446613064E+00   0.3828541863031E-01   0.3874561576985E+03  -0.4718769940789E+02  -0.2142268517090E+04   0.7598146151616E+00   0.6132107005761E+00   0.2092503898336E+00  -0.5355988835273E-01
   0.8100000000000E+00   0.5088900338558E+03   0.3410273766434E+00   0.1068060645332E+03  -0.9155187766206E-01   0.2168369924653E+00   0.3828520562890E-01   0.3923409883239E+03  -0.4730848497275E+02  -0.2144046587321E+04   0.7598781625895E+00   0.6129605759755E+00   0.2099811679874E+00  -0.5265376919191E-01
   0.8200000000000E+00   0.5088889154449E+03   0.3409684152037E+00   0.1068083052441E+03  -0.9155059311934E-01   0.2168292290951E+00   0.3828498374202E-01   0.3972260895650E+03  -0.4741764604074E+02  -0.2145824647326E+04   0.7599406338600E+00   0.6127095825690E+00   0.2107116186350E+00  -0.5174760099560E-01
   0.8300000000000E+00   0.5088877876065E+03   0.3409105018646E+00   0.1068105451397E+03  -0.9154930149059E-01   0.2168213725525E+00   0.3828475315607E-01   0.4021114336910E+03  -0.4751518241678E+02  -0.2147602696996E+04   0.7600020290576E+00   0.6124577207983E+00   0.2114417404286E+00  -0.5084138538060E-01
   0.8400000000000E+00   0.5088866504404E+03   0.3408536883251E+00   0.1068127838076E+03  -0.9154800360325E-01   0.2168134242095E+00   0.3828451406963E-01   0.4069969929730E+03  -0.4760109397274E+02  -0.2149380736219E+04   0.7600623482708E+00   0.6122049911053E+00   0.2121715320259E+00  -0.4993512395772E-01
   0.8500000000000E+00   0.5088855040449E+03   0.3407980245145E+00   0.1068150208469E+03  -0.9154670028746E-01   0.2168053854521E+00   0.3828426669313E-01   0.4118827396838E+03  -0.4767538064737E+02  -0.2151158764885E+04   0.7601215915924E+00   0.6119513939317E+00   0.2129009920905E+00  -0.4902881833159E-01
   0.8600000000000E+00   0.5088843485173E+03   0.3407435585273E+00   0.1068172558675E+03  -0.9154539237481E-01   0.2167972576792E+00   0.3828401124839E-01   0.4167686460982E+03  -0.4773804244639E+02  -0.2152936782882E+04   0.7601797591194E+00   0.6116969297194E+00   0.2136301192915E+00  -0.4812247010060E-01
   0.8700000000000E+00   0.5088831839535E+03   0.3406903365627E+00   0.1068194884906E+03  -0.9154408069703E-01   0.2167890423014E+00   0.3828374796821E-01   0.4216546844933E+03  -0.4778907944252E+02  -0.2154714790101E+04   0.7602368509529E+00   0.6114415989101E+00   0.2143589123036E+00  -0.4721608085682E-01
   0.8800000000000E+00   0.5088820104485E+03   0.3406384028664E+00   0.1068217183482E+03  -0.9154276608477E-01   0.2167807407396E+00   0.3828347709588E-01   0.4265408271484E+03  -0.4782849177544E+02  -0.2156492786432E+04   0.7602928671982E+00   0.6111854019455E+00   0.2150873698074E+00  -0.4630965218590E-01
   0.8900000000000E+00   0.5088808280959E+03   0.3405877996777E+00   0.1068239450832E+03  -0.9154144936635E-01   0.2167723544245E+00   0.3828319888479E-01   0.4314270463455E+03  -0.4785627965187E+02  -0.2158270771763E+04   0.7603478079644E+00   0.6109283392673E+00   0.2158154904891E+00  -0.4540318566697E-01
   0.9000000000000E+00   0.5088796369879E+03   0.3405385671797E+00   0.1068261683492E+03  -0.9154013136653E-01   0.2167638847945E+00   0.3828291359789E-01   0.4363133143693E+03  -0.4787244334556E+02  -0.2160048745985E+04   0.7604016733649E+00   0.6106704113170E+00   0.2165432730405E+00  -0.4449668287260E-01
   0.9100000000000E+00   0.5088784372157E+03   0.3404907434541E+00   0.1068283878107E+03  -0.9153881290530E-01   0.2167553332955E+00   0.3828262150727E-01   0.4411996035074E+03  -0.4787698319733E+02  -0.2161826708988E+04   0.7604544635166E+00   0.6104116185362E+00   0.2172707161591E+00  -0.4359014536873E-01
   0.9200000000000E+00   0.5088772288691E+03   0.3404443644392E+00   0.1068306031428E+03  -0.9153749479672E-01   0.2167467013796E+00   0.3828232289362E-01   0.4460858860505E+03  -0.4786989961506E+02  -0.2163604660661E+04   0.7605061785407E+00   0.6101519613663E+00   0.2179978185482E+00  -0.4268357471460E-01
   0.9300000000000E+00   0.5088760120365E+03   0.3403994638929E+00   0.1068328140308E+03  -0.9153617784771E-01   0.2167379905038E+00   0.3828201804576E-01   0.4509721342925E+03  -0.4785119307371E+02  -0.2165382600895E+04   0.7605568185619E+00   0.6098914402487E+00   0.2187245789165E+00  -0.4177697246271E-01
   0.9400000000000E+00   0.5088747868053E+03   0.3403560733586E+00   0.1068350201707E+03  -0.9153486285695E-01   0.2167292021293E+00   0.3828170726012E-01   0.4558583205307E+03  -0.4782086411533E+02  -0.2167160529579E+04   0.7606063837087E+00   0.6096300556247E+00   0.2194509959784E+00  -0.4087034015874E-01
   0.9500000000000E+00   0.5088735532613E+03   0.3403142221363E+00   0.1068372212688E+03  -0.9153355061374E-01   0.2167203377204E+00   0.3828139084022E-01   0.4607444170662E+03  -0.4777891334910E+02  -0.2168938446604E+04   0.7606548741133E+00   0.6093678079356E+00   0.2201770684540E+00  -0.3996367934158E-01
   0.9600000000000E+00   0.5088723114891E+03   0.3402739372565E+00   0.1068394170416E+03  -0.9153224189691E-01   0.2167113987434E+00   0.3828106909617E-01   0.4656303962037E+03  -0.4772534145128E+02  -0.2170716351860E+04   0.7607022899114E+00   0.6091046976225E+00   0.2209027950690E+00  -0.3905699154323E-01
   0.9700000000000E+00   0.5088710615719E+03   0.3402352434593E+00   0.1068416072155E+03  -0.9153093747377E-01   0.2167023866662E+00   0.3828074234413E-01   0.4705162302519E+03  -0.4766014916528E+02  -0.2172494245237E+04   0.7607486312424E+00   0.6088407251268E+00   0.2216281745546E+00  -0.3815027828879E-01
   0.9800000000000E+00   0.5088698035917E+03   0.3401981631765E+00   0.1068437915270E+03  -0.9152963809906E-01   0.2166933029567E+00   0.3828041090577E-01   0.4754018915236E+03  -0.4758333730161E+02  -0.2174272126625E+04   0.7607938982490E+00   0.6085758908896E+00   0.2223532056474E+00  -0.3724354109649E-01
   0.9900000000000E+00   0.5088685376291E+03   0.3401627165179E+00   0.1068459697227E+03  -0.9152834451397E-01   0.2166841490825E+00   0.3828007510775E-01   0.4802873523362E+03  -0.4749490673793E+02  -0.2176049995916E+04   0.7608380910772E+00   0.6083101953522E+00   0.2230778870897E+00  -0.3633678147758E-01
   0.1000000000000E+01   0.5088672637633E+03   0.3401289212621E+00   0.1068481415585E+03  -0.9152705744513E-01   0.2166749265095E+00   0.3827973528122E-01   0.4851725850112E+03  -0.4739485841903E+02  -0.2177827852999E+04   0.7608812098765E+00   0.6080436389560E+00   0.2238022176293E+00  -0.3543000093643E-01
   0.1010000000000E+01   0.5088659820721E+03   0.3400967928504E+00   0.1068503068002E+03  -0.9152577760371E-01   0.2166656367018E+00   0.3827939176119E-01   0.4900575618750E+03  -0.4728319335681E+02  -0.2179605697765E+04   0.7609232547993E+00   0.6077762221422E+00   0.2245261960192E+00  -0.3452320097045E-01
   0.1020000000000E+01   0.5088646926321E+03   0.3400663443853E+00   0.1068524652231E+03  -0.9152450568451E-01   0.2166562811201E+00   0.3827904488609E-01   0.4949422552588E+03  -0.4715991263031E+02  -0.2181383530104E+04   0.7609642260015E+00   0.6075079453526E+00   0.2252498210182E+00  -0.3361638307012E-01
   0.1030000000000E+01   0.5088633955185E+03   0.3400375866316E+00   0.1068546166119E+03  -0.9152324236506E-01   0.2166468612215E+00   0.3827869499719E-01   0.4998266374988E+03  -0.4702501738572E+02  -0.2183161349908E+04   0.7610041236417E+00   0.6072388090287E+00   0.2259730913902E+00  -0.3270954871901E-01
   0.1040000000000E+01   0.5088620908050E+03   0.3400105280228E+00   0.1068567607604E+03  -0.9152198830482E-01   0.2166373784585E+00   0.3827834243807E-01   0.5047106809364E+03  -0.4687850883631E+02  -0.2184939157067E+04   0.7610429478815E+00   0.6069688136124E+00   0.2266960059044E+00  -0.3180269939377E-01
   0.1050000000000E+01   0.5088607785640E+03   0.3399851746702E+00   0.1068588974716E+03  -0.9152074414437E-01   0.2166278342783E+00   0.3827798755407E-01   0.5095943579184E+03  -0.4672038826251E+02  -0.2186716951471E+04   0.7610806988855E+00   0.6066979595460E+00   0.2274185633357E+00  -0.3089583656419E-01
   0.1060000000000E+01   0.5088594588667E+03   0.3399615303754E+00   0.1068610265575E+03  -0.9151951050468E-01   0.2166182301222E+00   0.3827763069179E-01   0.5144776407970E+03  -0.4655065701182E+02  -0.2188494733012E+04   0.7611173768210E+00   0.6064262472718E+00   0.2281407624638E+00  -0.2998896169319E-01
   0.1070000000000E+01   0.5088581317828E+03   0.3399395966473E+00   0.1068631478389E+03  -0.9151828798633E-01   0.2166085674247E+00   0.3827727219856E-01   0.5193605019303E+03  -0.4636931649888E+02  -0.2190272501581E+04   0.7611529818579E+00   0.6061536772325E+00   0.2288626020740E+00  -0.2908207623686E-01
   0.1080000000000E+01   0.5088567973806E+03   0.3399193727219E+00   0.1068652611455E+03  -0.9151707716890E-01   0.2165988476130E+00   0.3827691242189E-01   0.5242429136822E+03  -0.4617636820539E+02  -0.2192050257069E+04   0.7611875141687E+00   0.6058802498714E+00   0.2295840809567E+00  -0.2817518164452E-01
   0.1090000000000E+01   0.5088554557271E+03   0.3399008555853E+00   0.1068673663154E+03  -0.9151587861027E-01   0.2165890721065E+00   0.3827655170900E-01   0.5291248484228E+03  -0.4597181368014E+02  -0.2193827999366E+04   0.7612209739284E+00   0.6056059656321E+00   0.2303051979073E+00  -0.2726827935874E-01
   0.1100000000000E+01   0.5088541068880E+03   0.3398840400009E+00   0.1068694631951E+03  -0.9151469284608E-01   0.2165792423158E+00   0.3827619040626E-01   0.5340062785281E+03  -0.4575565453900E+02  -0.2195605728364E+04   0.7612533613145E+00   0.6053308249585E+00   0.2310259517267E+00  -0.2636137081537E-01
   0.1110000000000E+01   0.5088527509275E+03   0.3398689185387E+00   0.1068715516396E+03  -0.9151352038912E-01   0.2165693596423E+00   0.3827582885873E-01   0.5388871763808E+03  -0.4552789246486E+02  -0.2197383443955E+04   0.7612846765066E+00   0.6050548282953E+00   0.2317463412205E+00  -0.2545445744365E-01
   0.1120000000000E+01   0.5088513879086E+03   0.3398554816086E+00   0.1068736315119E+03  -0.9151236172883E-01   0.2165594254779E+00   0.3827546740963E-01   0.5437675143701E+03  -0.4528852920769E+02  -0.2199161146029E+04   0.7613149196865E+00   0.6047779760877E+00   0.2324663651996E+00  -0.2454754066621E-01
   0.1130000000000E+01   0.5088500178929E+03   0.3398437174967E+00   0.1068757026832E+03  -0.9151121733086E-01   0.2165494412040E+00   0.3827510639989E-01   0.5486472648920E+03  -0.4503756658443E+02  -0.2200938834477E+04   0.7613440910384E+00   0.6045002687817E+00   0.2331860224798E+00  -0.2364062189916E-01
   0.1140000000000E+01   0.5088486409406E+03   0.3398336124035E+00   0.1068777650324E+03  -0.9151008763658E-01   0.2165394081914E+00   0.3827474616766E-01   0.5535264003493E+03  -0.4477500647907E+02  -0.2202716509193E+04   0.7613721907482E+00   0.6042217068237E+00   0.2339053118820E+00  -0.2273370255215E-01
   0.1150000000000E+01   0.5088472571106E+03   0.3398251504865E+00   0.1068798184462E+03  -0.9150897306273E-01   0.2165293277993E+00   0.3827438704780E-01   0.5584048931520E+03  -0.4450085084254E+02  -0.2204494170066E+04   0.7613992190037E+00   0.6039422906613E+00   0.2346242322318E+00  -0.2182678402842E-01
   0.1160000000000E+01   0.5088458664607E+03   0.3398183139043E+00   0.1068818628190E+03  -0.9150787400105E-01   0.2165192013753E+00   0.3827402937150E-01   0.5632827157174E+03  -0.4421510169276E+02  -0.2206271816988E+04   0.7614251759947E+00   0.6036620207425E+00   0.2353427823598E+00  -0.2091986772492E-01
   0.1170000000000E+01   0.5088444690470E+03   0.3398130828638E+00   0.1068838980525E+03  -0.9150679081798E-01   0.2165090302546E+00   0.3827367346578E-01   0.5681598404701E+03  -0.4391776111459E+02  -0.2208049449852E+04   0.7614500619126E+00   0.6033808975166E+00   0.2360609611016E+00  -0.2001295503236E-01
   0.1180000000000E+01   0.5088430649246E+03   0.3398094356700E+00   0.1068859240558E+03  -0.9150572385441E-01   0.2164988157598E+00   0.3827331965305E-01   0.5730362398425E+03  -0.4360883125977E+02  -0.2209827068549E+04   0.7614738769504E+00   0.6030989214337E+00   0.2367787672974E+00  -0.1910604733526E-01
   0.1190000000000E+01   0.5088416541471E+03   0.3398073487780E+00   0.1068879407452E+03  -0.9150467342545E-01   0.2164885592005E+00   0.3827296825074E-01   0.5779118862745E+03  -0.4328831434698E+02  -0.2211604672971E+04   0.7614966213027E+00   0.6028160929448E+00   0.2374961997922E+00  -0.1819914601211E-01
   0.1200000000000E+01   0.5088402367669E+03   0.3398067968472E+00   0.1068899480439E+03  -0.9150363982022E-01   0.2164782618724E+00   0.3827261957084E-01   0.5827867522142E+03  -0.4295621266173E+02  -0.2213382263010E+04   0.7615182951655E+00   0.6025324125022E+00   0.2382132574358E+00  -0.1729225243538E-01
   0.1210000000000E+01   0.5088388128352E+03   0.3398077527980E+00   0.1068919458821E+03  -0.9150262330176E-01   0.2164679250575E+00   0.3827227391951E-01   0.5876608101178E+03  -0.4261252855638E+02  -0.2215159838558E+04   0.7615388987360E+00   0.6022478805594E+00   0.2389299390827E+00  -0.1638536797168E-01
   0.1220000000000E+01   0.5088373824017E+03   0.3398101878704E+00   0.1068939341966E+03  -0.9150162410690E-01   0.2164575500237E+00   0.3827193159672E-01   0.5925340324496E+03  -0.4225726445010E+02  -0.2216937399507E+04   0.7615584322128E+00   0.6019624975710E+00   0.2396462435919E+00  -0.1547849398181E-01
   0.1230000000000E+01   0.5088359455150E+03   0.3398140716840E+00   0.1068959129309E+03  -0.9150064244622E-01   0.2164471380239E+00   0.3827159289586E-01   0.5974063916825E+03  -0.4189042282885E+02  -0.2218714945750E+04   0.7615768957956E+00   0.6016762639929E+00   0.2403621698271E+00  -0.1457163182087E-01
   0.1240000000000E+01   0.5088345022226E+03   0.3398193723011E+00   0.1068978820349E+03  -0.9149967850403E-01   0.2164366902963E+00   0.3827125810342E-01   0.6022778602981E+03  -0.4151200624534E+02  -0.2220492477178E+04   0.7615942896851E+00   0.6013891802824E+00   0.2410777166566E+00  -0.1366478283838E-01
   0.1250000000000E+01   0.5088330525703E+03   0.3398260562897E+00   0.1068998414648E+03  -0.9149873243839E-01   0.2164262080639E+00   0.3827092749858E-01   0.6071484107865E+03  -0.4112201731899E+02  -0.2222269993685E+04   0.7616106140829E+00   0.6011012468983E+00   0.2417928829531E+00  -0.1275794837835E-01
   0.1260000000000E+01   0.5088315966032E+03   0.3398340887898E+00   0.1069017911829E+03  -0.9149780438119E-01   0.2164156925338E+00   0.3827060135296E-01   0.6120180156471E+03  -0.4072045873591E+02  -0.2224047495163E+04   0.7616258691916E+00   0.6008124643009E+00   0.2425076675940E+00  -0.1185112977943E-01
   0.1270000000000E+01   0.5088301343648E+03   0.3398434335796E+00   0.1069037311575E+03  -0.9149689443823E-01   0.2164051448977E+00   0.3827027993027E-01   0.6168866473883E+03  -0.4030733324888E+02  -0.2225824981504E+04   0.7616400552144E+00   0.6005228329519E+00   0.2432220694609E+00  -0.1094432837496E-01
   0.1280000000000E+01   0.5088286658976E+03   0.3398540531446E+00   0.1069056613630E+03  -0.9149600268937E-01   0.2163945663310E+00   0.3826996348602E-01   0.6217542785276E+03  -0.3988264367729E+02  -0.2227602452602E+04   0.7616531723555E+00   0.6002323533148E+00   0.2439360874399E+00  -0.1003754549315E-01
   0.1290000000000E+01   0.5088271912428E+03   0.3398659087459E+00   0.1069075817791E+03  -0.9149512918873E-01   0.2163839579928E+00   0.3826965226727E-01   0.6266208815923E+03  -0.3944639290712E+02  -0.2229379908350E+04   0.7616652208193E+00   0.5999410258547E+00   0.2446497204215E+00  -0.9130782457143E-02
   0.1300000000000E+01   0.5088257104405E+03   0.3398789604917E+00   0.1069094923914E+03  -0.9149427396487E-01   0.2163733210257E+00   0.3826934651232E-01   0.6314864291190E+03  -0.3899858389088E+02  -0.2231157348639E+04   0.7616762008111E+00   0.5996488510387E+00   0.2453629673004E+00  -0.8224040585142E-02
   0.1310000000000E+01   0.5088242235296E+03   0.3398931674080E+00   0.1069113931909E+03  -0.9149343702108E-01   0.2163626565554E+00   0.3826904645052E-01   0.6363508936544E+03  -0.3853921964763E+02  -0.2232934773364E+04   0.7616861125362E+00   0.5993558293353E+00   0.2460758269759E+00  -0.7317321190537E-02
   0.1320000000000E+01   0.5088227305479E+03   0.3399084875107E+00   0.1069132841737E+03  -0.9149261833563E-01   0.2163519656910E+00   0.3826875230199E-01   0.6412142477549E+03  -0.3806830326287E+02  -0.2234712182419E+04   0.7616949562007E+00   0.5990619612152E+00   0.2467882983512E+00  -0.6410625582012E-02
   0.1330000000000E+01   0.5088212315320E+03   0.3399248778790E+00   0.1069151653412E+03  -0.9149181786213E-01   0.2163412495242E+00   0.3826846427746E-01   0.6460764639871E+03  -0.3758583788855E+02  -0.2236489575695E+04   0.7617027320106E+00   0.5987672471510E+00   0.2475003803339E+00  -0.5503955063671E-02
   0.1340000000000E+01   0.5088197265173E+03   0.3399422947283E+00   0.1069170366998E+03  -0.9149103552984E-01   0.2163305091294E+00   0.3826818257803E-01   0.6509375149279E+03  -0.3709182674302E+02  -0.2238266953087E+04   0.7617094401724E+00   0.5984716876173E+00   0.2482120718357E+00  -0.4597310935157E-02
   0.1350000000000E+01   0.5088182155383E+03   0.3399606934839E+00   0.1069188982608E+03  -0.9149027124409E-01   0.2163197455639E+00   0.3826790739502E-01   0.6557973731647E+03  -0.3658627311097E+02  -0.2240044314489E+04   0.7617150808925E+00   0.5981752830906E+00   0.2489233717725E+00  -0.3690694491772E-02
   0.1360000000000E+01   0.5088166986283E+03   0.3399800288555E+00   0.1069207500402E+03  -0.9148952488671E-01   0.2163089598671E+00   0.3826763890980E-01   0.6606560112955E+03  -0.3606918034342E+02  -0.2241821659794E+04   0.7617196543774E+00   0.5978780340499E+00   0.2496342790643E+00  -0.2784107024600E-02
   0.1370000000000E+01   0.5088151758195E+03   0.3400002549111E+00   0.1069225920586E+03  -0.9148879631644E-01   0.2162981530609E+00   0.3826737729366E-01   0.6655134019290E+03  -0.3554055185765E+02  -0.2243598988896E+04   0.7617231608336E+00   0.5975799409760E+00   0.2503447926351E+00  -0.1877549820633E-02
   0.1380000000000E+01   0.5088136471430E+03   0.3400213251516E+00   0.1069244243410E+03  -0.9148808536942E-01   0.2162873261494E+00   0.3826712270767E-01   0.6703695176848E+03  -0.3500039113716E+02  -0.2245376301689E+04   0.7617256004675E+00   0.5972810043521E+00   0.2510549114130E+00  -0.9710241628927E-03
   0.1390000000000E+01   0.5088121126290E+03   0.3400431925846E+00   0.1069262469168E+03  -0.9148739185971E-01   0.2162764801188E+00   0.3826687530255E-01   0.6752243311939E+03  -0.3444870173165E+02  -0.2247153598068E+04   0.7617269734854E+00   0.5969812246637E+00   0.2517646343302E+00  -0.6453133055469E-04
   0.1400000000000E+01   0.5088105723064E+03   0.3400658097990E+00   0.1069280598196E+03  -0.9148671557983E-01   0.2162656159375E+00   0.3826663521863E-01   0.6800778150981E+03  -0.3388548725695E+02  -0.2248930877927E+04   0.7617272800933E+00   0.5966806023987E+00   0.2524739603226E+00   0.8419274009260E-03
   0.1410000000000E+01   0.5088090262035E+03   0.3400891290384E+00   0.1069298630870E+03  -0.9148605630128E-01   0.2162547345558E+00   0.3826640258575E-01   0.6849299420510E+03  -0.3331075139498E+02  -0.2250708141160E+04   0.7617265204970E+00   0.5963791380472E+00   0.2531828883303E+00   0.1748350759691E-02
   0.1420000000000E+01   0.5088074743473E+03   0.3401131022746E+00   0.1069316567605E+03  -0.9148541377516E-01   0.2162438369059E+00   0.3826617752319E-01   0.6897806847176E+03  -0.3272449789371E+02  -0.2252485387662E+04   0.7617246949017E+00   0.5960768321019E+00   0.2538914172971E+00   0.2654737477352E-02
   0.1430000000000E+01   0.5088059167637E+03   0.3401376812805E+00   0.1069334408857E+03  -0.9148478773275E-01   0.2162329239020E+00   0.3826596013962E-01   0.6946300157748E+03  -0.3212673056710E+02  -0.2254262617328E+04   0.7617218035126E+00   0.5957736850580E+00   0.2545995461707E+00   0.3561086288870E-02
   0.1440000000000E+01   0.5088043534780E+03   0.3401628177023E+00   0.1069352155114E+03  -0.9148417788617E-01   0.2162219964401E+00   0.3826575053311E-01   0.6994779079112E+03  -0.3151745329508E+02  -0.2256039830053E+04   0.7617178465342E+00   0.5954696974130E+00   0.2553072739029E+00   0.4467395932427E-02
   0.1450000000000E+01   0.5088027845143E+03   0.3401884631307E+00   0.1069369806904E+03  -0.9148358392900E-01   0.2162110553981E+00   0.3826554879112E-01   0.7043243338277E+03  -0.3089667002348E+02  -0.2257817025732E+04   0.7617128241706E+00   0.5951648696673E+00   0.2560145994488E+00   0.5373665149304E-02
   0.1460000000000E+01   0.5088012098958E+03   0.3402145691722E+00   0.1069387364785E+03  -0.9148300553695E-01   0.2162001016358E+00   0.3826535499045E-01   0.7091692662372E+03  -0.3026438476396E+02  -0.2259594204261E+04   0.7617067366251E+00   0.5948592023236E+00   0.2567215217677E+00   0.6279892683761E-02
   0.1470000000000E+01   0.5087996296449E+03   0.3402410875182E+00   0.1069404829352E+03  -0.9148244236856E-01   0.2161891359948E+00   0.3826516919735E-01   0.7140126778652E+03  -0.2962060159400E+02  -0.2261371365534E+04   0.7616995841009E+00   0.5945526958874E+00   0.2574280398224E+00   0.7186077282907E-02
   0.1480000000000E+01   0.5087980437828E+03   0.3402679700140E+00   0.1069422201228E+03  -0.9148189406591E-01   0.2161781592985E+00   0.3826499146748E-01   0.7188545414495E+03  -0.2896532465684E+02  -0.2263148509448E+04   0.7616913668001E+00   0.5942453508669E+00   0.2581341525795E+00   0.8092217696587E-02
   0.1490000000000E+01   0.5087964523302E+03   0.3402951687262E+00   0.1069439481069E+03  -0.9148136025530E-01   0.2161671723524E+00   0.3826482184601E-01   0.7236948297409E+03  -0.2829855816141E+02  -0.2264925635898E+04   0.7616820849244E+00   0.5939371677730E+00   0.2588398590092E+00   0.8998312677255E-02
   0.1500000000000E+01   0.5087948553066E+03   0.3403226360093E+00   0.1069456669560E+03  -0.9148084054804E-01   0.2161561759438E+00   0.3826466036767E-01   0.7285335155028E+03  -0.2762030638230E+02  -0.2266702744780E+04   0.7616717386747E+00   0.5936281471193E+00   0.2595451580854E+00   0.9904360979858E-02
   0.1510000000000E+01   0.5087932527308E+03   0.3403503245707E+00   0.1069473767413E+03  -0.9148033454115E-01   0.2161451708420E+00   0.3826450705686E-01   0.7333705715118E+03  -0.2693057365969E+02  -0.2268479835991E+04   0.7616603282511E+00   0.5933182894221E+00   0.2602500487855E+00   0.1081036136172E-01
   0.1520000000000E+01   0.5087916446209E+03   0.3403781875339E+00   0.1069490775369E+03  -0.9147984181814E-01   0.2161341577984E+00   0.3826436192770E-01   0.7382059705575E+03  -0.2622936439932E+02  -0.2270256909427E+04   0.7616478538531E+00   0.5930075952007E+00   0.2609545300906E+00   0.1171631258241E-01
   0.1530000000000E+01   0.5087900309939E+03   0.3404061785016E+00   0.1069507694192E+03  -0.9147936194976E-01   0.2161231375464E+00   0.3826422498422E-01   0.7430396854431E+03  -0.2551668307239E+02  -0.2272033964985E+04   0.7616343156792E+00   0.5926960649770E+00   0.2616586009852E+00   0.1262221340365E-01
   0.1540000000000E+01   0.5087884118662E+03   0.3404342516155E+00   0.1069524524674E+03  -0.9147889449480E-01   0.2161121108015E+00   0.3826409622038E-01   0.7478716889851E+03  -0.2479253421558E+02  -0.2273811002560E+04   0.7616197139272E+00   0.5923836992758E+00   0.2623622604575E+00   0.1352806258920E-01
   0.1550000000000E+01   0.5087867872532E+03   0.3404623616156E+00   0.1069541267627E+03  -0.9147843900087E-01   0.2161010782618E+00   0.3826397562032E-01   0.7527019540135E+03  -0.2405692243092E+02  -0.2275588022051E+04   0.7616040487940E+00   0.5920704986249E+00   0.2630655074989E+00   0.1443385890470E-01
   0.1560000000000E+01   0.5087851571698E+03   0.3404904638978E+00   0.1069557923888E+03  -0.9147799500517E-01   0.2160900406074E+00   0.3826386315844E-01   0.7575304533726E+03  -0.2330985238578E+02  -0.2277365023354E+04   0.7615873204759E+00   0.5917564635549E+00   0.2637683411045E+00   0.1533960111763E-01
   0.1570000000000E+01   0.5087835216300E+03   0.3405185145692E+00   0.1069574494316E+03  -0.9147756203530E-01   0.2160789985009E+00   0.3826375879958E-01   0.7623571599200E+03  -0.2255132881280E+02  -0.2279142006367E+04   0.7615695291678E+00   0.5914415945990E+00   0.2644707602727E+00   0.1624528799715E-01
   0.1580000000000E+01   0.5087818806471E+03   0.3405464705018E+00   0.1069590979787E+03  -0.9147713961008E-01   0.2160679525875E+00   0.3826366249924E-01   0.7671820465281E+03  -0.2178135650985E+02  -0.2280918970987E+04   0.7615506750642E+00   0.5911258922938E+00   0.2651727640052E+00   0.1715091831401E-01
   0.1590000000000E+01   0.5087802342335E+03   0.3405742893849E+00   0.1069607381200E+03  -0.9147672724031E-01   0.2160569034950E+00   0.3826357420369E-01   0.7720050860830E+03  -0.2099994033994E+02  -0.2282695917112E+04   0.7615307583584E+00   0.5908093571784E+00   0.2658743513073E+00   0.1805649084046E-01
   0.1600000000000E+01   0.5087785824012E+03   0.3406019297744E+00   0.1069623699471E+03  -0.9147632442961E-01   0.2160458518340E+00   0.3826349385025E-01   0.7768262514856E+03  -0.2020708523119E+02  -0.2284472844639E+04   0.7615097792430E+00   0.5904919897950E+00   0.2665755211872E+00   0.1896200435010E-01
   0.1610000000000E+01   0.5087769251613E+03   0.3406293511409E+00   0.1069639935532E+03  -0.9147593067519E-01   0.2160347981980E+00   0.3826342136744E-01   0.7816455156511E+03  -0.1940279617677E+02  -0.2286249753468E+04   0.7614877379096E+00   0.5901737906887E+00   0.2672762726569E+00   0.1986745761785E-01
   0.1620000000000E+01   0.5087752625244E+03   0.3406565139162E+00   0.1069656090332E+03  -0.9147554546868E-01   0.2160237431634E+00   0.3826335667526E-01   0.7864628515097E+03  -0.1858707823483E+02  -0.2288026643497E+04   0.7614646345488E+00   0.5898547604073E+00   0.2679766047312E+00   0.2077284941978E-01
   0.1630000000000E+01   0.5087735945001E+03   0.3406833795364E+00   0.1069672164836E+03  -0.9147516829693E-01   0.2160126872899E+00   0.3826329968537E-01   0.7912782320062E+03  -0.1775993652846E+02  -0.2289803514623E+04   0.7614404693504E+00   0.5895348995019E+00   0.2686765164284E+00   0.2167817853308E-01
   0.1640000000000E+01   0.5087719210978E+03   0.3407099104841E+00   0.1069688160023E+03  -0.9147479864277E-01   0.2160016311205E+00   0.3826325030135E-01   0.7960916301008E+03  -0.1692137624560E+02  -0.2291580366746E+04   0.7614152425034E+00   0.5892142085262E+00   0.2693760067699E+00   0.2258344373590E-01
   0.1650000000000E+01   0.5087702423260E+03   0.3407360703280E+00   0.1069704076885E+03  -0.9147443598585E-01   0.2159905751813E+00   0.3826320841895E-01   0.8009030187685E+03  -0.1607140263902E+02  -0.2293357199765E+04   0.7613889541957E+00   0.5888926880369E+00   0.2700750747801E+00   0.2348864380734E-01
   0.1660000000000E+01   0.5087685581927E+03   0.3407618237598E+00   0.1069719916428E+03  -0.9147407980337E-01   0.2159795199826E+00   0.3826317392635E-01   0.8057123710000E+03  -0.1521002102624E+02  -0.2295134013580E+04   0.7613616046145E+00   0.5885703385936E+00   0.2707737194868E+00   0.2439377752726E-01
   0.1670000000000E+01   0.5087668687052E+03   0.3407871366303E+00   0.1069735679666E+03  -0.9147372957092E-01   0.2159684660178E+00   0.3826314670443E-01   0.8105196598012E+03  -0.1433723678946E+02  -0.2296910808088E+04   0.7613331939458E+00   0.5882471607587E+00   0.2714719399206E+00   0.2529884367630E-01
   0.1680000000000E+01   0.5087651738703E+03   0.3408119759814E+00   0.1069751367629E+03  -0.9147338476318E-01   0.2159574137647E+00   0.3826312662703E-01   0.8153248581938E+03  -0.1345305537551E+02  -0.2298687583192E+04   0.7613037223752E+00   0.5879231550975E+00   0.2721697351155E+00   0.2620384103572E-01
   0.1690000000000E+01   0.5087634736943E+03   0.3408363100774E+00   0.1069766981351E+03  -0.9147304485473E-01   0.2159463636850E+00   0.3826311356124E-01   0.8201279392153E+03  -0.1255748229580E+02  -0.2300464338789E+04   0.7612731900871E+00   0.5875983221783E+00   0.2728671041081E+00   0.2710876838735E-01
   0.1700000000000E+01   0.5087617681829E+03   0.3408601084333E+00   0.1069782521880E+03  -0.9147270932080E-01   0.2159353162246E+00   0.3826310736766E-01   0.8249288759191E+03  -0.1165052312625E+02  -0.2302241074782E+04   0.7612415972653E+00   0.5872726625720E+00   0.2735640459384E+00   0.2801362451351E-01
   0.1710000000000E+01   0.5087600573411E+03   0.3408833418409E+00   0.1069797990268E+03  -0.9147237763797E-01   0.2159242718139E+00   0.3826310790076E-01   0.8297276413748E+03  -0.1073218350722E+02  -0.2304017791069E+04   0.7612089440926E+00   0.5869461768525E+00   0.2742605596491E+00   0.2891840819695E-01
   0.1720000000000E+01   0.5087583411738E+03   0.3409059823926E+00   0.1069813387579E+03  -0.9147204928492E-01   0.2159132308678E+00   0.3826311500908E-01   0.8345242086681E+03  -0.9802469143453E+01  -0.2305794487552E+04   0.7611752307513E+00   0.5866188655962E+00   0.2749566442858E+00   0.2982311822072E-01
   0.1730000000000E+01   0.5087566196849E+03   0.3409280035032E+00   0.1069828714878E+03  -0.9147172374314E-01   0.2159021937861E+00   0.3826312853561E-01   0.8393185509012E+03  -0.8861385804022E+01  -0.2307571164131E+04   0.7611404574227E+00   0.5862907293827E+00   0.2756522988971E+00   0.3072775336819E-01
   0.1740000000000E+01   0.5087548928782E+03   0.3409493799288E+00   0.1069843973241E+03  -0.9147140049763E-01   0.2158911609537E+00   0.3826314831806E-01   0.8441106411929E+03  -0.7908939322259E+01  -0.2309347820708E+04   0.7611046242874E+00   0.5859617687940E+00   0.2763475225344E+00   0.3163231242289E-01
   0.1750000000000E+01   0.5087531607569E+03   0.3409700877842E+00   0.1069859163746E+03  -0.9147107903758E-01   0.2158801327402E+00   0.3826317418918E-01   0.8489004526785E+03  -0.6945135595693E+01  -0.2311124457184E+04   0.7610677315256E+00   0.5856319844149E+00   0.2770423142518E+00   0.3253679416854E-01
   0.1760000000000E+01   0.5087514233236E+03   0.3409901045570E+00   0.1069874287475E+03  -0.9147075885703E-01   0.2158691095012E+00   0.3826320597705E-01   0.8536879585104E+03  -0.5969980585989E+01  -0.2312901073461E+04   0.7610297793165E+00   0.5853013768328E+00   0.2777366731065E+00   0.3344119738889E-01
   0.1770000000000E+01   0.5087496805808E+03   0.3410094091205E+00   0.1069889345515E+03  -0.9147043945554E-01   0.2158580915772E+00   0.3826324350545E-01   0.8584731318579E+03  -0.4983480318884E+01  -0.2314677669441E+04   0.7609907678389E+00   0.5849699466380E+00   0.2784305981581E+00   0.3434552086775E-01
   0.1780000000000E+01   0.5087479325302E+03   0.3410279817438E+00   0.1069904338956E+03  -0.9147012033880E-01   0.2158470792949E+00   0.3826328659409E-01   0.8632559459074E+03  -0.3985640884120E+01  -0.2316454245026E+04   0.7609506972709E+00   0.5846376944231E+00   0.2791240884690E+00   0.3524976338887E-01
   0.1790000000000E+01   0.5087461791733E+03   0.3410458040992E+00   0.1069919268889E+03  -0.9146980101924E-01   0.2158360729669E+00   0.3826333505902E-01   0.8680363738626E+03  -0.2976468435387E+01  -0.2318230800118E+04   0.7609095677901E+00   0.5843046207835E+00   0.2798171431043E+00   0.3615392373594E-01
   0.1800000000000E+01   0.5087444205113E+03   0.3410628592683E+00   0.1069934136407E+03  -0.9146948101668E-01   0.2158250728917E+00   0.3826338871288E-01   0.8728143889447E+03  -0.1955969190253E+01  -0.2320007334621E+04   0.7608673795737E+00   0.5839707263170E+00   0.2805097611317E+00   0.3705800069248E-01
   0.1810000000000E+01   0.5087426565447E+03   0.3410791317453E+00   0.1069948942604E+03  -0.9146915985882E-01   0.2158140793544E+00   0.3826344736526E-01   0.8775899643925E+03  -0.9241494300998E+00  -0.2321783848436E+04   0.7608241327983E+00   0.5836360116240E+00   0.2812019416215E+00   0.3796199304186E-01
   0.1820000000000E+01   0.5087408872738E+03   0.3410946074383E+00   0.1069963688573E+03  -0.9146883708186E-01   0.2158030926266E+00   0.3826351082300E-01   0.8823630734625E+03   0.1189844999379E+00  -0.2323560341467E+04   0.7607798276402E+00   0.5833004773072E+00   0.2818936836465E+00   0.3886589956721E-01
   0.1830000000000E+01   0.5087391126987E+03   0.3411092736681E+00   0.1069978375408E+03  -0.9146851223104E-01   0.2157921129666E+00   0.3826357889052E-01   0.8871336894291E+03   0.1173426191041E+01  -0.2325336813619E+04   0.7607344642753E+00   0.5829641239719E+00   0.2825849862821E+00   0.3976971905139E-01
   0.1840000000000E+01   0.5087373328190E+03   0.3411231191655E+00   0.1069993004203E+03  -0.9146818486109E-01   0.2157811406197E+00   0.3826365137012E-01   0.8919017855847E+03   0.2239169170769E+01  -0.2327113264794E+04   0.7606880428791E+00   0.5826269522257E+00   0.2832758486062E+00   0.4067345027695E-01
   0.1850000000000E+01   0.5087355476339E+03   0.3411361340660E+00   0.1070007576047E+03  -0.9146785453679E-01   0.2157701758186E+00   0.3826372806233E-01   0.8966673352400E+03   0.3316206903129E+01  -0.2328889694897E+04   0.7606405636270E+00   0.5822889626785E+00   0.2839662696990E+00   0.4157709202611E-01
   0.1860000000000E+01   0.5087337571423E+03   0.3411483099030E+00   0.1070022092029E+03  -0.9146752083341E-01   0.2157592187831E+00   0.3826380876617E-01   0.9014303117238E+03   0.4404532788635E+01  -0.2330666103831E+04   0.7605920266940E+00   0.5819501559425E+00   0.2846562486430E+00   0.4248064308070E-01
   0.1870000000000E+01   0.5087319613430E+03   0.3411596395979E+00   0.1070036553236E+03  -0.9146718333716E-01   0.2157482697209E+00   0.3826389327954E-01   0.9061906883837E+03   0.5504140164382E+01  -0.2332442491503E+04   0.7605424322551E+00   0.5816105326321E+00   0.2853457845234E+00   0.4338410222216E-01
   0.1880000000000E+01   0.5087301602343E+03   0.3411701174497E+00   0.1070050960750E+03  -0.9146684164560E-01   0.2157373288273E+00   0.3826398139945E-01   0.9109484385856E+03   0.6615022304104E+01  -0.2334218857815E+04   0.7604917804851E+00   0.5812700933641E+00   0.2860348764274E+00   0.4428746823149E-01
   0.1890000000000E+01   0.5087283538143E+03   0.3411797391214E+00   0.1070065315649E+03  -0.9146649536809E-01   0.2157263962857E+00   0.3826407292237E-01   0.9157035357143E+03   0.7737172418246E+01  -0.2335995202675E+04   0.7604400715587E+00   0.5809288387571E+00   0.2867235234446E+00   0.4519073988922E-01
   0.1900000000000E+01   0.5087265420808E+03   0.3411885016255E+00   0.1070079619010E+03  -0.9146614412611E-01   0.2157154722679E+00   0.3826416764454E-01   0.9204559531735E+03   0.8870583654029E+01  -0.2337771525987E+04   0.7603873056506E+00   0.5805867694320E+00   0.2874117246668E+00   0.4609391597542E-01
   0.1910000000000E+01   0.5087247250314E+03   0.3411964033070E+00   0.1070093871901E+03  -0.9146578755364E-01   0.2157045569342E+00   0.3826426536224E-01   0.9252056643861E+03   0.1001524909552E+02  -0.2339547827656E+04   0.7603334829358E+00   0.5802438860117E+00   0.2880994791880E+00   0.4699699526965E-01
   0.1920000000000E+01   0.5087229026634E+03   0.3412034438248E+00   0.1070108075387E+03  -0.9146542529750E-01   0.2156936504334E+00   0.3826436587209E-01   0.9299526427940E+03   0.1117116176368E+02  -0.2341324107590E+04   0.7602786035890E+00   0.5799001891212E+00   0.2887867861043E+00   0.4789997655096E-01
   0.1930000000000E+01   0.5087210749740E+03   0.3412096241316E+00   0.1070122230528E+03  -0.9146505701766E-01   0.2156827529033E+00   0.3826446897135E-01   0.9346968618584E+03   0.1233831461647E+02  -0.2343100365694E+04   0.7602226677853E+00   0.5795556793872E+00   0.2894736445140E+00   0.4880285859785E-01
   0.1940000000000E+01   0.5087192419599E+03   0.3412149464520E+00   0.1070136338375E+03  -0.9146468238747E-01   0.2156718644710E+00   0.3826457445820E-01   0.9394382950602E+03   0.1351670054887E+02  -0.2344876601875E+04   0.7601656757000E+00   0.5792103574384E+00   0.2901600535173E+00   0.4970564018829E-01
   0.1950000000000E+01   0.5087174036178E+03   0.3412194142591E+00   0.1070150399976E+03  -0.9146430109399E-01   0.2156609852528E+00   0.3826468213202E-01   0.9441769158999E+03   0.1470631239300E+02  -0.2346652816039E+04   0.7601076275086E+00   0.5788642239055E+00   0.2908460122165E+00   0.5060832009970E-01
   0.1960000000000E+01   0.5087155599443E+03   0.3412230322491E+00   0.1070164416369E+03  -0.9146391283817E-01   0.2156501153545E+00   0.3826479179365E-01   0.9489126978975E+03   0.1590714291814E+02  -0.2348429008095E+04   0.7600485233870E+00   0.5785172794207E+00   0.2915315197159E+00   0.5151089710892E-01
   0.1970000000000E+01   0.5087137109355E+03   0.3412258063150E+00   0.1070178388586E+03  -0.9146351733509E-01   0.2156392548719E+00   0.3826490324567E-01   0.9536456145934E+03   0.1711918483081E+02  -0.2350205177950E+04   0.7599883635115E+00   0.5781695246182E+00   0.2922165751218E+00   0.5241336999223E-01
   0.1980000000000E+01   0.5087118565877E+03   0.3412277435188E+00   0.1070192317652E+03  -0.9146311431412E-01   0.2156284038906E+00   0.3826501629266E-01   0.9583756395476E+03   0.1834243077486E+02  -0.2351981325511E+04   0.7599271480589E+00   0.5778209601335E+00   0.2929011775422E+00   0.5331573752535E-01
   0.1990000000000E+01   0.5087099968967E+03   0.3412288520620E+00   0.1070206204582E+03  -0.9146270351912E-01   0.2156175624867E+00   0.3826513074143E-01   0.9631027463405E+03   0.1957687333153E+02  -0.2353757450687E+04   0.7598648772063E+00   0.5774715866042E+00   0.2935853260870E+00   0.5421799848342E-01
   0.2000000000000E+01   0.5087081318583E+03   0.3412291412549E+00   0.1070220050385E+03  -0.9146228470852E-01   0.2156067307264E+00   0.3826524640129E-01   0.9678269085730E+03   0.2082250501948E+02  -0.2355533553385E+04   0.7598015511315E+00   0.5771214046690E+00   0.2942690198680E+00   0.5512015164099E-01
   0.2010000000000E+01   0.5087062614682E+03   0.3412286214851E+00   0.1070233856058E+03  -0.9146185765547E-01   0.2155959086669E+00   0.3826536308427E-01   0.9725480998662E+03   0.2207931829493E+02  -0.2357309633516E+04   0.7597371700130E+00   0.5767704149686E+00   0.2949522579986E+00   0.5602219577207E-01
   0.2020000000000E+01   0.5087043857218E+03   0.3412273041842E+00   0.1070247622592E+03  -0.9146142214794E-01   0.2155850963559E+00   0.3826548060537E-01   0.9772662938620E+03   0.2334730555165E+02  -0.2359085690988E+04   0.7596717340299E+00   0.5764186181446E+00   0.2956350395941E+00   0.5692412965010E-01
   0.2030000000000E+01   0.5087025046147E+03   0.3412252017941E+00   0.1070261350966E+03  -0.9146097798873E-01   0.2155742938325E+00   0.3826559878275E-01   0.9819814642232E+03   0.2462645912111E+02  -0.2360861725710E+04   0.7596052433620E+00   0.5760660148406E+00   0.2963173637712E+00   0.5782595204794E-01
   0.2040000000000E+01   0.5087006181419E+03   0.3412223277316E+00   0.1070275042152E+03  -0.9146052499559E-01   0.2155635011270E+00   0.3826571743799E-01   0.9866935846332E+03   0.2591677127246E+02  -0.2362637737592E+04   0.7595376981901E+00   0.5757126057011E+00   0.2969992296485E+00   0.5872766173792E-01
   0.2050000000000E+01   0.5086987262987E+03   0.3412186963524E+00   0.1070288697110E+03  -0.9146006300116E-01   0.2155527182611E+00   0.3826583639625E-01   0.9914026287968E+03   0.2721823421269E+02  -0.2364413726544E+04   0.7594690986955E+00   0.5753583913720E+00   0.2976806363461E+00   0.5962925749184E-01
   0.2060000000000E+01   0.5086968290801E+03   0.3412143229146E+00   0.1070302316789E+03  -0.9145959185301E-01   0.2155419452484E+00   0.3826595548649E-01   0.9961085704396E+03   0.2853084008662E+02  -0.2366189692477E+04   0.7593994450608E+00   0.5750033725007E+00   0.2983615829854E+00   0.6053073808096E-01
   0.2070000000000E+01   0.5086949264812E+03   0.3412092235401E+00   0.1070315902131E+03  -0.9145911141363E-01   0.2155311820944E+00   0.3826607454163E-01   0.1000811383309E+04   0.2985458097703E+02  -0.2367965635301E+04   0.7593287374693E+00   0.5746475497355E+00   0.2990420686895E+00   0.6143210227602E-01
   0.2080000000000E+01   0.5086930184967E+03   0.3412034151773E+00   0.1070329454062E+03  -0.9145862156033E-01   0.2155204287965E+00   0.3826619339880E-01   0.1005511041174E+04   0.3118944890469E+02  -0.2369741554927E+04   0.7592569761056E+00   0.5742909237261E+00   0.2997220925830E+00   0.6233334884728E-01
   0.2090000000000E+01   0.5086911051216E+03   0.3411969155609E+00   0.1070342973503E+03  -0.9145812218521E-01   0.2155096853448E+00   0.3826631189941E-01   0.1010207517824E+04   0.3253543582845E+02  -0.2371517451266E+04   0.7591841611550E+00   0.5739334951230E+00   0.3004016537918E+00   0.6323447656451E-01
   0.2100000000000E+01   0.5086891863506E+03   0.3411897431727E+00   0.1070356461359E+03  -0.9145761319505E-01   0.2154989517217E+00   0.3826642988939E-01   0.1014900787072E+04   0.3389253364531E+02  -0.2373293324231E+04   0.7591102928044E+00   0.5735752645781E+00   0.3010807514430E+00   0.6413548419700E-01
   0.2110000000000E+01   0.5086872621783E+03   0.3411819172014E+00   0.1070369918525E+03  -0.9145709451120E-01   0.2154882279024E+00   0.3826654721931E-01   0.1019590822751E+04   0.3526073419046E+02  -0.2375069173732E+04   0.7590353712415E+00   0.5732162327439E+00   0.3017593846653E+00   0.6503637051362E-01
   0.2120000000000E+01   0.5086853325995E+03   0.3411734575016E+00   0.1070383345885E+03  -0.9145656606945E-01   0.2154775138552E+00   0.3826666374452E-01   0.1024277598718E+04   0.3664002923739E+02  -0.2376844999683E+04   0.7589593966554E+00   0.5728564002743E+00   0.3024375525886E+00   0.6593713428280E-01
   0.2130000000000E+01   0.5086833976087E+03   0.3411643845527E+00   0.1070396744311E+03  -0.9145602781991E-01   0.2154668095415E+00   0.3826677932528E-01   0.1028961088851E+04   0.3803041049797E+02  -0.2378620801996E+04   0.7588823692366E+00   0.5724957678238E+00   0.3031152543437E+00   0.6683777427257E-01
   0.2140000000000E+01   0.5086814572006E+03   0.3411547194179E+00   0.1070410114663E+03  -0.9145547972676E-01   0.2154561149159E+00   0.3826689382691E-01   0.1033641267050E+04   0.3943186962244E+02  -0.2380396580584E+04   0.7588042891769E+00   0.5721343360479E+00   0.3037924890631E+00   0.6773828925058E-01
   0.2150000000000E+01   0.5086795113696E+03   0.3411444837017E+00   0.1070423457789E+03  -0.9145492176815E-01   0.2154454299267E+00   0.3826700711987E-01   0.1038318107238E+04   0.4084439819959E+02  -0.2382172335361E+04   0.7587251566694E+00   0.5717721056028E+00   0.3044692558800E+00   0.6863867798413E-01
   0.2160000000000E+01   0.5086775601105E+03   0.3411336995089E+00   0.1070436774523E+03  -0.9145435393593E-01   0.2154347545160E+00   0.3826711907987E-01   0.1042991583362E+04   0.4226798775674E+02  -0.2383948066239E+04   0.7586449719088E+00   0.5714090771455E+00   0.3051455539289E+00   0.6953893924016E-01
   0.2170000000000E+01   0.5086756034175E+03   0.3411223894020E+00   0.1070450065689E+03  -0.9145377623544E-01   0.2154240886197E+00   0.3826722958798E-01   0.1047661669389E+04   0.4370262975987E+02  -0.2385723773133E+04   0.7585637350912E+00   0.5710452513338E+00   0.3058213823453E+00   0.7043907178532E-01
   0.2180000000000E+01   0.5086736412854E+03   0.3411105763596E+00   0.1070463332098E+03  -0.9145318868528E-01   0.2154134321681E+00   0.3826733853071E-01   0.1052328339310E+04   0.4514831561364E+02  -0.2387499455958E+04   0.7584814464143E+00   0.5706806288262E+00   0.3064967402656E+00   0.7133907438599E-01
   0.2190000000000E+01   0.5086716737087E+03   0.3410982837338E+00   0.1070476574546E+03  -0.9145259131706E-01   0.2154027850854E+00   0.3826744580008E-01   0.1056991567140E+04   0.4660503666153E+02  -0.2389275114628E+04   0.7583981060774E+00   0.5703152102818E+00   0.3071716268275E+00   0.7223894580826E-01
   0.2200000000000E+01   0.5086697006818E+03   0.3410855352089E+00   0.1070489793820E+03  -0.9145198417509E-01   0.2153921472908E+00   0.3826755129366E-01   0.1061651326917E+04   0.4807278418583E+02  -0.2391050749057E+04   0.7583137142815E+00   0.5699489963603E+00   0.3078460411692E+00   0.7313868481803E-01
   0.2210000000000E+01   0.5086677221993E+03   0.3410723547592E+00   0.1070502990691E+03  -0.9145136731611E-01   0.2153815186979E+00   0.3826765491468E-01   0.1066307592701E+04   0.4955154940778E+02  -0.2392826359162E+04   0.7582282712291E+00   0.5695819877220E+00   0.3085199824301E+00   0.7403829018098E-01
   0.2220000000000E+01   0.5086657382559E+03   0.3410587666077E+00   0.1070516165918E+03  -0.9145074080900E-01   0.2153708992152E+00   0.3826775657205E-01   0.1070960338576E+04   0.5104132348761E+02  -0.2394601944858E+04   0.7581417771246E+00   0.5692141850276E+00   0.3091934497503E+00   0.7493776066260E-01
   0.2230000000000E+01   0.5086637488460E+03   0.3410447951843E+00   0.1070529320247E+03  -0.9145010473444E-01   0.2153602887465E+00   0.3826785618037E-01   0.1075609538651E+04   0.5254209752460E+02  -0.2396377506061E+04   0.7580542321743E+00   0.5688455889386E+00   0.3098664422706E+00   0.7583709502826E-01
   0.2240000000000E+01   0.5086617539644E+03   0.3410304650855E+00   0.1070542454411E+03  -0.9144945918461E-01   0.2153496871907E+00   0.3826795365999E-01   0.1080255167056E+04   0.5405386255718E+02  -0.2398153042688E+04   0.7579656365859E+00   0.5684762001167E+00   0.3105389591329E+00   0.7673629204321E-01
   0.2250000000000E+01   0.5086597536058E+03   0.3410158010331E+00   0.1070555569131E+03  -0.9144880426280E-01   0.2153390944420E+00   0.3826804893703E-01   0.1084897197947E+04   0.5557660956299E+02  -0.2399928554655E+04   0.7578759905694E+00   0.5681060192240E+00   0.3112109994794E+00   0.7763535047262E-01
   0.2260000000000E+01   0.5086577477648E+03   0.3410008278346E+00   0.1070568665112E+03  -0.9144814008312E-01   0.2153285103904E+00   0.3826814194337E-01   0.1089535605503E+04   0.5711032945895E+02  -0.2401704041880E+04   0.7577852943363E+00   0.5677350469233E+00   0.3118825624533E+00   0.7853426908158E-01
   0.2270000000000E+01   0.5086557364362E+03   0.3409855703431E+00   0.1070581743047E+03  -0.9144746677007E-01   0.2153179349218E+00   0.3826823261666E-01   0.1094170363928E+04   0.5865501310132E+02  -0.2403479504279E+04   0.7576935481005E+00   0.5673632838775E+00   0.3125536471983E+00   0.7943304663518E-01
   0.2280000000000E+01   0.5086537196149E+03   0.3409700534186E+00   0.1070594803617E+03  -0.9144678445822E-01   0.2153073679177E+00   0.3826832090031E-01   0.1098801447450E+04   0.6021065128582E+02  -0.2405254941771E+04   0.7576007520773E+00   0.5669907307499E+00   0.3132242528587E+00   0.8033168189849E-01
   0.2290000000000E+01   0.5086516972957E+03   0.3409543018891E+00   0.1070607847489E+03  -0.9144609329178E-01   0.2152968092560E+00   0.3826840674347E-01   0.1103428830321E+04   0.6177723474764E+02  -0.2407030354275E+04   0.7575069064845E+00   0.5666173882042E+00   0.3138943785796E+00   0.8123017363663E-01
   0.2300000000000E+01   0.5086496694735E+03   0.3409383405132E+00   0.1070620875315E+03  -0.9144539342426E-01   0.2152862588107E+00   0.3826849010101E-01   0.1108052486817E+04   0.6335475416153E+02  -0.2408805741707E+04   0.7574120115415E+00   0.5662432569044E+00   0.3145640235064E+00   0.8212852061477E-01
   0.2310000000000E+01   0.5086476361435E+03   0.3409221939424E+00   0.1070633887735E+03  -0.9144468501802E-01   0.2152757164526E+00   0.3826857093349E-01   0.1112672391240E+04   0.6494320014193E+02  -0.2410581103988E+04   0.7573160674702E+00   0.5658683375146E+00   0.3152331867849E+00   0.8302672159818E-01
   0.2320000000000E+01   0.5086455973006E+03   0.3409058866853E+00   0.1070646885376E+03  -0.9144396824390E-01   0.2152651820486E+00   0.3826864920710E-01   0.1117288517917E+04   0.6654256324296E+02  -0.2412356441037E+04   0.7572190744942E+00   0.5654926306993E+00   0.3159018675618E+00   0.8392477535224E-01
   0.2330000000000E+01   0.5086435529401E+03   0.3408894430715E+00   0.1070659868851E+03  -0.9144324328077E-01   0.2152546554629E+00   0.3826872489362E-01   0.1121900841197E+04   0.6815283395853E+02  -0.2414131752774E+04   0.7571210328393E+00   0.5651161371233E+00   0.3165700649838E+00   0.8482268064250E-01
   0.2340000000000E+01   0.5086415030571E+03   0.3408728872174E+00   0.1070672838760E+03  -0.9144251031516E-01   0.2152441365563E+00   0.3826879797037E-01   0.1126509335459E+04   0.6977400272244E+02  -0.2415907039117E+04   0.7570219427337E+00   0.5647388574513E+00   0.3172377781982E+00   0.8572043623465E-01
   0.2350000000000E+01   0.5086394476470E+03   0.3408562429917E+00   0.1070685795689E+03  -0.9144176954079E-01   0.2152336251868E+00   0.3826886842012E-01   0.1131113975102E+04   0.7140605990840E+02  -0.2417682299989E+04   0.7569218044073E+00   0.5643607923485E+00   0.3179050063527E+00   0.8661804089463E-01
   0.2360000000000E+01   0.5086373867052E+03   0.3408395339830E+00   0.1070698740212E+03  -0.9144102115815E-01   0.2152231212096E+00   0.3826893623104E-01   0.1135714734555E+04   0.7304899583015E+02  -0.2419457535309E+04   0.7568206180927E+00   0.5639819424801E+00   0.3185717485953E+00   0.8751549338858E-01
   0.2370000000000E+01   0.5086353202273E+03   0.3408227834673E+00   0.1070711672887E+03  -0.9144026537411E-01   0.2152126244775E+00   0.3826900139662E-01   0.1140311588269E+04   0.7470280074150E+02  -0.2421232744998E+04   0.7567183840243E+00   0.5636023085117E+00   0.3192380040743E+00   0.8841279248293E-01
   0.2380000000000E+01   0.5086332482087E+03   0.3408060143776E+00   0.1070724594263E+03  -0.9143950240144E-01   0.2152021348405E+00   0.3826906391556E-01   0.1144904510723E+04   0.7636746483643E+02  -0.2423007928979E+04   0.7566151024389E+00   0.5632218911087E+00   0.3199037719383E+00   0.8930993694438E-01
   0.2390000000000E+01   0.5086311706453E+03   0.3407892492735E+00   0.1070737504871E+03  -0.9143873245836E-01   0.2151916521466E+00   0.3826912379171E-01   0.1149493476420E+04   0.7804297824914E+02  -0.2424783087172E+04   0.7565107735755E+00   0.5628406909368E+00   0.3205690513362E+00   0.9020692553994E-01
   0.2400000000000E+01   0.5086290875327E+03   0.3407725103121E+00   0.1070750405233E+03  -0.9143795576819E-01   0.2151811762415E+00   0.3826918103393E-01   0.1154078459890E+04   0.7972933105415E+02  -0.2426558219501E+04   0.7564053976754E+00   0.5624587086620E+00   0.3212338414170E+00   0.9110375703700E-01
   0.2410000000000E+01   0.5086269988670E+03   0.3407558192208E+00   0.1070763295855E+03  -0.9143717255880E-01   0.2151707069688E+00   0.3826923565602E-01   0.1158659435689E+04   0.8142651326635E+02  -0.2428333325888E+04   0.7562989749822E+00   0.5620759449502E+00   0.3218981413300E+00   0.9200043020326E-01
   0.2420000000000E+01   0.5086249046441E+03   0.3407391972702E+00   0.1070776177232E+03  -0.9143638306224E-01   0.2151602441704E+00   0.3826928767657E-01   0.1163236378399E+04   0.8313451484109E+02  -0.2430108406255E+04   0.7561915057416E+00   0.5616924004674E+00   0.3225619502247E+00   0.9289694380687E-01
   0.2430000000000E+01   0.5086228048601E+03   0.3407226652483E+00   0.1070789049845E+03  -0.9143558751431E-01   0.2151497876864E+00   0.3826933711889E-01   0.1167809262628E+04   0.8485332567425E+02  -0.2431883460526E+04   0.7560829902018E+00   0.5613080758799E+00   0.3232252672507E+00   0.9379329661635E-01
   0.2440000000000E+01   0.5086206995112E+03   0.3407062434364E+00   0.1070801914161E+03  -0.9143478615408E-01   0.2151393373552E+00   0.3826938401085E-01   0.1172378063011E+04   0.8658293560231E+02  -0.2433658488625E+04   0.7559734286133E+00   0.5609229718540E+00   0.3238880915578E+00   0.9468948740068E-01
   0.2450000000000E+01   0.5086185885939E+03   0.3406899515859E+00   0.1070814770638E+03  -0.9143397922347E-01   0.2151288930137E+00   0.3826942838475E-01   0.1176942754209E+04   0.8832333440243E+02  -0.2435433490476E+04   0.7558628212288E+00   0.5605370890560E+00   0.3245504222958E+00   0.9558551492929E-01
   0.2460000000000E+01   0.5086164721044E+03   0.3406738088961E+00   0.1070827619716E+03  -0.9143316696686E-01   0.2151184544976E+00   0.3826947027721E-01   0.1181503310910E+04   0.9007451179253E+02  -0.2437208466004E+04   0.7557511683034E+00   0.5601504281525E+00   0.3252122586147E+00   0.9648137797213E-01
   0.2470000000000E+01   0.5086143500395E+03   0.3406578339931E+00   0.1070840461827E+03  -0.9143234963059E-01   0.2151080216412E+00   0.3826950972903E-01   0.1186059707829E+04   0.9183645743137E+02  -0.2438983415133E+04   0.7556384700944E+00   0.5597629898101E+00   0.3258735996645E+00   0.9737707529959E-01
   0.2480000000000E+01   0.5086122223959E+03   0.3406420449107E+00   0.1070853297388E+03  -0.9143152746262E-01   0.2150975942778E+00   0.3826954678502E-01   0.1190611919709E+04   0.9360916091858E+02  -0.2440758337788E+04   0.7555247268617E+00   0.5593747746955E+00   0.3265344445954E+00   0.9827260568265E-01
   0.2490000000000E+01   0.5086100891702E+03   0.3406264590717E+00   0.1070866126804E+03  -0.9143070071202E-01   0.2150871722397E+00   0.3826958149388E-01   0.1195159921317E+04   0.9539261179482E+02  -0.2442533233895E+04   0.7554099388673E+00   0.5589857834756E+00   0.3271947925573E+00   0.9916796789278E-01
   0.2500000000000E+01   0.5086079503595E+03   0.3406110932709E+00   0.1070878950467E+03  -0.9142986962864E-01   0.2150767553584E+00   0.3826961390804E-01   0.1199703687451E+04   0.9718679954176E+02  -0.2444308103381E+04   0.7552941063757E+00   0.5585960168173E+00   0.3278546427005E+00   0.1000631607021E+00
   0.2510000000000E+01   0.5086058059608E+03   0.3405959636591E+00   0.1070891768758E+03  -0.9142903446266E-01   0.2150663434645E+00   0.3826964408353E-01   0.1204243192934E+04   0.9899171358223E+02  -0.2446082946171E+04   0.7551772296535E+00   0.5582054753878E+00   0.3285139941751E+00   0.1009581828831E+00
   0.2520000000000E+01   0.5086036559714E+03   0.3405810857285E+00   0.1070904582046E+03  -0.9142819546417E-01   0.2150559363881E+00   0.3826967207977E-01   0.1208778412617E+04   0.1008073432803E+03  -0.2447857762193E+04   0.7550593089699E+00   0.5578141598542E+00   0.3291728461312E+00   0.1018530332091E+00
   0.2530000000000E+01   0.5086015003885E+03   0.3405664742996E+00   0.1070917390687E+03  -0.9142735288281E-01   0.2150455339586E+00   0.3826969795949E-01   0.1213309321380E+04   0.1026336779412E+03  -0.2449632551373E+04   0.7549403445964E+00   0.5574220708838E+00   0.3298311977189E+00   0.1027477104540E+00
   0.2540000000000E+01   0.5085993392095E+03   0.3405521435088E+00   0.1070930195025E+03  -0.9142650696740E-01   0.2150351360053E+00   0.3826972178847E-01   0.1217835894129E+04   0.1044707068117E+03  -0.2451407313640E+04   0.7548203368067E+00   0.5570292091443E+00   0.3304890480883E+00   0.1036422133922E+00
   0.2550000000000E+01   0.5085971724322E+03   0.3405381067976E+00   0.1070942995392E+03  -0.9142565796547E-01   0.2150247423569E+00   0.3826974363548E-01   0.1222358105798E+04   0.1063184190799E+03  -0.2453182048920E+04   0.7546992858768E+00   0.5566355753033E+00   0.3311463963893E+00   0.1045365407988E+00
   0.2560000000000E+01   0.5085950000541E+03   0.3405243769033E+00   0.1070955792111E+03  -0.9142480612301E-01   0.2150143528421E+00   0.3826976357204E-01   0.1226875931351E+04   0.1081768038754E+03  -0.2454956757143E+04   0.7545771920852E+00   0.5562411700286E+00   0.3318032417720E+00   0.1054306914496E+00
   0.2570000000000E+01   0.5085928220730E+03   0.3405109658505E+00   0.1070968585489E+03  -0.9142395168399E-01   0.2150039672893E+00   0.3826978167227E-01   0.1231389345778E+04   0.1100458502694E+03  -0.2456731438236E+04   0.7544540557127E+00   0.5558459939883E+00   0.3324595833863E+00   0.1063246641209E+00
   0.2580000000000E+01   0.5085906384871E+03   0.3404978849441E+00   0.1070981375826E+03  -0.9142309489011E-01   0.2149935855271E+00   0.3826979801276E-01   0.1235898324098E+04   0.1119255472749E+03  -0.2458506092130E+04   0.7543298770422E+00   0.5554500478506E+00   0.3331154203819E+00   0.1072184575900E+00
   0.2590000000000E+01   0.5085884492943E+03   0.3404851447632E+00   0.1070994163407E+03  -0.9142223598036E-01   0.2149832073840E+00   0.3826981267235E-01   0.1240402841360E+04   0.1138158838465E+03  -0.2460280718754E+04   0.7542046563592E+00   0.5550533322841E+00   0.3337707519086E+00   0.1081120706345E+00
   0.2600000000000E+01   0.5085862544930E+03   0.3404727551572E+00   0.1071006948509E+03  -0.9142137519078E-01   0.2149728326889E+00   0.3826982573197E-01   0.1244902872639E+04   0.1157168488806E+03  -0.2462055318037E+04   0.7540783939511E+00   0.5546558479573E+00   0.3344255771160E+00   0.1090055020330E+00
   0.2610000000000E+01   0.5085840540814E+03   0.3404607252418E+00   0.1071019731396E+03  -0.9142051275403E-01   0.2149624612709E+00   0.3826983727450E-01   0.1249398393041E+04   0.1176284312157E+03  -0.2463829889911E+04   0.7539510901079E+00   0.5542575955394E+00   0.3350798951538E+00   0.1098987505646E+00
   0.2620000000000E+01   0.5085818480581E+03   0.3404490633970E+00   0.1071032512322E+03  -0.9141964889919E-01   0.2149520929594E+00   0.3826984738458E-01   0.1253889377699E+04   0.1195506196321E+03  -0.2465604434305E+04   0.7538227451219E+00   0.5538585756994E+00   0.3357337051714E+00   0.1107918150092E+00
   0.2630000000000E+01   0.5085796364218E+03   0.3404377772664E+00   0.1071045291529E+03  -0.9141878385136E-01   0.2149417275843E+00   0.3826985614841E-01   0.1258375801777E+04   0.1214834028522E+03  -0.2467378951150E+04   0.7536933592872E+00   0.5534587891070E+00   0.3363870063182E+00   0.1116846941474E+00
   0.2640000000000E+01   0.5085774191712E+03   0.3404268737569E+00   0.1071058069251E+03  -0.9141791783143E-01   0.2149313649762E+00   0.3826986365364E-01   0.1262857640467E+04   0.1234267695405E+03  -0.2469153440379E+04   0.7535629329007E+00   0.5530582364321E+00   0.3370397977434E+00   0.1125773867605E+00
   0.2650000000000E+01   0.5085751963051E+03   0.3404163590408E+00   0.1071070845708E+03  -0.9141705105576E-01   0.2149210049660E+00   0.3826986998913E-01   0.1267334868989E+04   0.1253807083039E+03  -0.2470927901922E+04   0.7534314662612E+00   0.5526569183447E+00   0.3376920785962E+00   0.1134698916305E+00
   0.2660000000000E+01   0.5085729678228E+03   0.3404062385575E+00   0.1071083621114E+03  -0.9141618373596E-01   0.2149106473858E+00   0.3826987524487E-01   0.1271807462595E+04   0.1273452076913E+03  -0.2472702335713E+04   0.7532989596697E+00   0.5522548355155E+00   0.3383438480258E+00   0.1143622075403E+00
   0.2670000000000E+01   0.5085707337233E+03   0.3403965170177E+00   0.1071096395669E+03  -0.9141531607857E-01   0.2149002920679E+00   0.3826987951170E-01   0.1276275396565E+04   0.1293202561943E+03  -0.2474476741684E+04   0.7531654134294E+00   0.5518519886153E+00   0.3389951051812E+00   0.1152543332733E+00
   0.2680000000000E+01   0.5085684940059E+03   0.3403871984077E+00   0.1071109169565E+03  -0.9141444828487E-01   0.2148899388459E+00   0.3826988288125E-01   0.1280738646209E+04   0.1313058422467E+03  -0.2476251119768E+04   0.7530308278459E+00   0.5514483783155E+00   0.3396458492111E+00   0.1161462676136E+00
   0.2690000000000E+01   0.5085662486701E+03   0.3403782859955E+00   0.1071121942984E+03  -0.9141358055062E-01   0.2148795875542E+00   0.3826988544569E-01   0.1285197186866E+04   0.1333019542250E+03  -0.2478025469898E+04   0.7528952032267E+00   0.5510440052878E+00   0.3402960792646E+00   0.1170380093464E+00
   0.2700000000000E+01   0.5085639977155E+03   0.3403697823374E+00   0.1071134716098E+03  -0.9141271306586E-01   0.2148692380283E+00   0.3826988729764E-01   0.1289650993907E+04   0.1353085804481E+03  -0.2479799792009E+04   0.7527585398815E+00   0.5506388702045E+00   0.3409457944902E+00   0.1179295572572E+00
   0.2710000000000E+01   0.5085617411419E+03   0.3403616892860E+00   0.1071147489070E+03  -0.9141184601469E-01   0.2148588901045E+00   0.3826988852995E-01   0.1294100042730E+04   0.1373257091778E+03  -0.2481574086034E+04   0.7526208381221E+00   0.5502329737381E+00   0.3415949940368E+00   0.1188209101324E+00
   0.2720000000000E+01   0.5085594789489E+03   0.3403540079985E+00   0.1071160262053E+03  -0.9141097957506E-01   0.2148485436206E+00   0.3826988923556E-01   0.1298544308766E+04   0.1393533286187E+03  -0.2483348351908E+04   0.7524820982625E+00   0.5498263165620E+00   0.3422436770528E+00   0.1197120667591E+00
   0.2730000000000E+01   0.5085572111367E+03   0.3403467389474E+00   0.1071173035191E+03  -0.9141011391863E-01   0.2148381984154E+00   0.3826988950736E-01   0.1302983767475E+04   0.1413914269180E+03  -0.2485122589567E+04   0.7523423206186E+00   0.5494188993498E+00   0.3428918426868E+00   0.1206030259253E+00
   0.2740000000000E+01   0.5085549377053E+03   0.3403398819301E+00   0.1071185808619E+03  -0.9140924921057E-01   0.2148278543291E+00   0.3826988943803E-01   0.1307418394348E+04   0.1434399921661E+03  -0.2486896798945E+04   0.7522015055085E+00   0.5490107227757E+00   0.3435394900873E+00   0.1214937864194E+00
   0.2750000000000E+01   0.5085526586550E+03   0.3403334360813E+00   0.1071198582463E+03  -0.9140838560943E-01   0.2148175112030E+00   0.3826988911986E-01   0.1311848164906E+04   0.1454990123962E+03  -0.2488670979979E+04   0.7520596532524E+00   0.5486017875146E+00   0.3441866184028E+00   0.1223843470308E+00
   0.2760000000000E+01   0.5085503739862E+03   0.3403273998852E+00   0.1071211356841E+03  -0.9140752326696E-01   0.2148071688801E+00   0.3826988864464E-01   0.1316273054700E+04   0.1475684755848E+03  -0.2490445132604E+04   0.7519167641722E+00   0.5481920942419E+00   0.3448332267817E+00   0.1232747065493E+00
   0.2770000000000E+01   0.5085480836993E+03   0.3403217711884E+00   0.1071224131862E+03  -0.9140666232803E-01   0.2147968272046E+00   0.3826988810349E-01   0.1320693039314E+04   0.1496483696515E+03  -0.2492219256758E+04   0.7517728385921E+00   0.5477816436337E+00   0.3454793143723E+00   0.1241648637658E+00
   0.2780000000000E+01   0.5085457877950E+03   0.3403165472148E+00   0.1071236907626E+03  -0.9140580293049E-01   0.2147864860223E+00   0.3826988758673E-01   0.1325108094361E+04   0.1517386824590E+03  -0.2493993352377E+04   0.7516278768382E+00   0.5473704363667E+00   0.3461248803231E+00   0.1250548174716E+00
   0.2790000000000E+01   0.5085434862741E+03   0.3403117245793E+00   0.1071249684225E+03  -0.9140494520504E-01   0.2147761451806E+00   0.3826988718375E-01   0.1329518195487E+04   0.1538394018136E+03  -0.2495767419399E+04   0.7514818792384E+00   0.5469584731182E+00   0.3467699237824E+00   0.1259445664587E+00
   0.2800000000000E+01   0.5085411791373E+03   0.3403072993046E+00   0.1071262461745E+03  -0.9140408927521E-01   0.2147658045285E+00   0.3826988698286E-01   0.1333923318367E+04   0.1559505154649E+03  -0.2497541457762E+04   0.7513348461227E+00   0.5465457545666E+00   0.3474144438986E+00   0.1268341095198E+00
   0.2810000000000E+01   0.5085388663858E+03   0.3403032668364E+00   0.1071275240262E+03  -0.9140323525721E-01   0.2147554639166E+00   0.3826988707115E-01   0.1338323438709E+04   0.1580720111059E+03  -0.2499315467404E+04   0.7511867778229E+00   0.5461322813904E+00   0.3480584398202E+00   0.1277234454484E+00
   0.2820000000000E+01   0.5085365480206E+03   0.3402996220608E+00   0.1071288019843E+03  -0.9140238325993E-01   0.2147451231971E+00   0.3826988753440E-01   0.1342718532251E+04   0.1602038763734E+03  -0.2501089448264E+04   0.7510376746728E+00   0.5457180542695E+00   0.3487019106957E+00   0.1286125730386E+00
   0.2830000000000E+01   0.5085342240431E+03   0.3402963593219E+00   0.1071300800551E+03  -0.9140153338483E-01   0.2147347822242E+00   0.3826988845694E-01   0.1347108574766E+04   0.1623460988477E+03  -0.2502863400280E+04   0.7508875370078E+00   0.5453030738841E+00   0.3493448556735E+00   0.1295014910850E+00
   0.2840000000000E+01   0.5085318944545E+03   0.3402934724395E+00   0.1071313582439E+03  -0.9140068572596E-01   0.2147244408536E+00   0.3826988992151E-01   0.1351493542053E+04   0.1644986660530E+03  -0.2504637323392E+04   0.7507363651655E+00   0.5448873409156E+00   0.3499872739025E+00   0.1303901983831E+00
   0.2850000000000E+01   0.5085295592565E+03   0.3402909547281E+00   0.1071326365554E+03  -0.9139984036988E-01   0.2147140989430E+00   0.3826989200920E-01   0.1355873409949E+04   0.1666615654571E+03  -0.2506411217541E+04   0.7505841594849E+00   0.5444708560459E+00   0.3506291645312E+00   0.1312786937288E+00
   0.2860000000000E+01   0.5085272184505E+03   0.3402887990160E+00   0.1071339149935E+03  -0.9139899739569E-01   0.2147037563520E+00   0.3826989479927E-01   0.1360248154319E+04   0.1688347844720E+03  -0.2508185082665E+04   0.7504309203072E+00   0.5440536199580E+00   0.3512705267085E+00   0.1321669759186E+00
   0.2870000000000E+01   0.5085248720383E+03   0.3402869976645E+00   0.1071351935614E+03  -0.9139815687502E-01   0.2146934129419E+00   0.3826989836912E-01   0.1364617751062E+04   0.1710183104535E+03  -0.2509958918707E+04   0.7502766479750E+00   0.5436356333357E+00   0.3519113595833E+00   0.1330550437499E+00
   0.2880000000000E+01   0.5085225200218E+03   0.3402855425886E+00   0.1071364722619E+03  -0.9139731887202E-01   0.2146830685761E+00   0.3826990279414E-01   0.1368982176108E+04   0.1732121307016E+03  -0.2511732725606E+04   0.7501213428329E+00   0.5432168968638E+00   0.3525516623049E+00   0.1339428960203E+00
   0.2890000000000E+01   0.5085201624029E+03   0.3402844252767E+00   0.1071377510967E+03  -0.9139648344339E-01   0.2146727231198E+00   0.3826990814762E-01   0.1373341405420E+04   0.1754162324603E+03  -0.2513506503305E+04   0.7499650052270E+00   0.5427974112279E+00   0.3531914340224E+00   0.1348305315284E+00
   0.2900000000000E+01   0.5085177991838E+03   0.3402836368122E+00   0.1071390300672E+03  -0.9139565063844E-01   0.2146623764405E+00   0.3826991450069E-01   0.1377695414994E+04   0.1776306029182E+03  -0.2515280251745E+04   0.7498076355054E+00   0.5423771771148E+00   0.3538306738854E+00   0.1357179490730E+00
   0.2910000000000E+01   0.5085154303665E+03   0.3402831678937E+00   0.1071403091740E+03  -0.9139482049911E-01   0.2146520284073E+00   0.3826992192222E-01   0.1382044180859E+04   0.1798552292079E+03  -0.2517053970869E+04   0.7496492340176E+00   0.5419561952119E+00   0.3544693810436E+00   0.1366051474536E+00
   0.2920000000000E+01   0.5085130559533E+03   0.3402830088570E+00   0.1071415884173E+03  -0.9139399306003E-01   0.2146416788916E+00   0.3826993047873E-01   0.1386387679074E+04   0.1820900984066E+03  -0.2518827660619E+04   0.7494898011148E+00   0.5415344662081E+00   0.3551075546468E+00   0.1374921254703E+00
   0.2930000000000E+01   0.5085106759467E+03   0.3402831496965E+00   0.1071428677964E+03  -0.9139316834860E-01   0.2146313277669E+00   0.3826994023431E-01   0.1390725885735E+04   0.1843351975359E+03  -0.2520601320939E+04   0.7493293371500E+00   0.5411119907930E+00   0.3557451938452E+00   0.1383788819236E+00
   0.2940000000000E+01   0.5085082903492E+03   0.3402835800868E+00   0.1071441473104E+03  -0.9139234638504E-01   0.2146209749088E+00   0.3826995125059E-01   0.1395058776967E+04   0.1865905135621E+03  -0.2522374951771E+04   0.7491678424776E+00   0.5406887696574E+00   0.3563822977893E+00   0.1392654156147E+00
   0.2950000000000E+01   0.5085058991634E+03   0.3402842894052E+00   0.1071454269574E+03  -0.9139152718252E-01   0.2146106201947E+00   0.3826996358663E-01   0.1399386328932E+04   0.1888560333961E+03  -0.2524148553060E+04   0.7490053174536E+00   0.5402648034931E+00   0.3570188656298E+00   0.1401517253451E+00
   0.2960000000000E+01   0.5085035023919E+03   0.3402852667531E+00   0.1071467067353E+03  -0.9139071074723E-01   0.2146002635046E+00   0.3826997729890E-01   0.1403708517822E+04   0.1911317438937E+03  -0.2525922124750E+04   0.7488417624358E+00   0.5398400929931E+00   0.3576548965177E+00   0.1410378099168E+00
   0.2970000000000E+01   0.5085011000377E+03   0.3402865009788E+00   0.1071479866413E+03  -0.9138989707849E-01   0.2145899047204E+00   0.3826999244118E-01   0.1408025319865E+04   0.1934176318553E+03  -0.2527695666785E+04   0.7486771777833E+00   0.5394146388515E+00   0.3582903896044E+00   0.1419236681325E+00
   0.2980000000000E+01   0.5084986921035E+03   0.3402879806990E+00   0.1071492666723E+03  -0.9138908616887E-01   0.2145795437261E+00   0.3827000906456E-01   0.1412336711320E+04   0.1957136840266E+03  -0.2529469179112E+04   0.7485115638568E+00   0.5389884417636E+00   0.3589253440417E+00   0.1428092987952E+00
   0.2990000000000E+01   0.5084962785925E+03   0.3402896943220E+00   0.1071505468244E+03  -0.9138827800432E-01   0.2145691804080E+00   0.3827002721736E-01   0.1416642668483E+04   0.1980198870979E+03  -0.2531242661674E+04   0.7483449210186E+00   0.5385615024257E+00   0.3595597589817E+00   0.1436947007081E+00
   0.3000000000000E+01   0.5084938595076E+03   0.3402916300689E+00   0.1071518270934E+03  -0.9138747256431E-01   0.2145588146547E+00   0.3827004694512E-01   0.1420943167680E+04   0.2003362277050E+03  -0.2533016114419E+04   0.7481772496324E+00   0.5381338215355E+00   0.3601936335768E+00   0.1445798726754E+00
   0.3010000000000E+01   0.5084914348522E+03   0.3402937759966E+00   0.1071531074747E+03  -0.9138666982195E-01   0.2145484463567E+00   0.3827006829053E-01   0.1425238185274E+04   0.2026626924288E+03  -0.2534789537292E+04   0.7480085500633E+00   0.5377053997917E+00   0.3608269669801E+00   0.1454648135011E+00
   0.3020000000000E+01   0.5084890046294E+03   0.3402961200193E+00   0.1071543879631E+03  -0.9138586974417E-01   0.2145380754071E+00   0.3827009129345E-01   0.1429527697661E+04   0.2049992677952E+03  -0.2536562930240E+04   0.7478388226781E+00   0.5372762378944E+00   0.3614597583449E+00   0.1463495219901E+00
   0.3030000000000E+01   0.5084865688427E+03   0.3402986499308E+00   0.1071556685529E+03  -0.9138507229185E-01   0.2145277017009E+00   0.3827011599084E-01   0.1433811681270E+04   0.2073459402759E+03  -0.2538336293211E+04   0.7476680678446E+00   0.5368463365449E+00   0.3620920068252E+00   0.1472339969474E+00
   0.3040000000000E+01   0.5084841274955E+03   0.3403013534261E+00   0.1071569492383E+03  -0.9138427742001E-01   0.2145173251356E+00   0.3827014241678E-01   0.1438090112565E+04   0.2097026962877E+03  -0.2540109626151E+04   0.7474962859325E+00   0.5364156964457E+00   0.3627237115752E+00   0.1481182371785E+00
   0.3050000000000E+01   0.5084816805913E+03   0.3403042181231E+00   0.1071582300128E+03  -0.9138348507797E-01   0.2145069456107E+00   0.3827017060240E-01   0.1442362968047E+04   0.2120695221933E+03  -0.2541882929009E+04   0.7473234773127E+00   0.5359843183006E+00   0.3633548717498E+00   0.1490022414891E+00
   0.3060000000000E+01   0.5084792281339E+03   0.3403072315839E+00   0.1071595108697E+03  -0.9138269520952E-01   0.2144965630281E+00   0.3827020057597E-01   0.1446630224247E+04   0.2144464043008E+03  -0.2543656201733E+04   0.7471496423573E+00   0.5355522028148E+00   0.3639854865046E+00   0.1498860086855E+00
   0.3070000000000E+01   0.5084767701268E+03   0.3403103813359E+00   0.1071607918016E+03  -0.9138190775315E-01   0.2144861772919E+00   0.3827023236278E-01   0.1450891857735E+04   0.2168333288641E+03  -0.2545429444272E+04   0.7469747814400E+00   0.5351193506945E+00   0.3646155549954E+00   0.1507695375741E+00
   0.3080000000000E+01   0.5084743065739E+03   0.3403136548931E+00   0.1071620728012E+03  -0.9138112264216E-01   0.2144757883084E+00   0.3827026598523E-01   0.1455147845112E+04   0.2192302820829E+03  -0.2547202656574E+04   0.7467988949358E+00   0.5346857626476E+00   0.3652450763789E+00   0.1516528269618E+00
   0.3090000000000E+01   0.5084718374790E+03   0.3403170397760E+00   0.1071633538606E+03  -0.9138033980494E-01   0.2144653959862E+00   0.3827030146279E-01   0.1459398163017E+04   0.2216372501028E+03  -0.2548975838589E+04   0.7466219832211E+00   0.5342514393831E+00   0.3658740498122E+00   0.1525358756556E+00
   0.3100000000000E+01   0.5084693628461E+03   0.3403205235321E+00   0.1071646349715E+03  -0.9137955916510E-01   0.2144550002363E+00   0.3827033881203E-01   0.1463642788123E+04   0.2240542190154E+03  -0.2550748990268E+04   0.7464440466735E+00   0.5338163816114E+00   0.3665024744532E+00   0.1534186824631E+00
   0.3110000000000E+01   0.5084668826792E+03   0.3403240937560E+00   0.1071659161253E+03  -0.9137878064173E-01   0.2144446009715E+00   0.3827037804663E-01   0.1467881697137E+04   0.2264811748586E+03  -0.2552522111560E+04   0.7462650856719E+00   0.5333805900442E+00   0.3671303494603E+00   0.1543012461919E+00
   0.3120000000000E+01   0.5084643969823E+03   0.3403277381085E+00   0.1071671973134E+03  -0.9137800414957E-01   0.2144341981074E+00   0.3827041917740E-01   0.1472114866802E+04   0.2289181036160E+03  -0.2554295202416E+04   0.7460851005967E+00   0.5329440653946E+00   0.3677576739926E+00   0.1551835656500E+00
   0.3130000000000E+01   0.5084619057597E+03   0.3403314443356E+00   0.1071684785265E+03  -0.9137722959927E-01   0.2144237915614E+00   0.3827046221228E-01   0.1476342273899E+04   0.2313649912180E+03  -0.2556068262788E+04   0.7459040918293E+00   0.5325068083771E+00   0.3683844472101E+00   0.1560656396457E+00
   0.3140000000000E+01   0.5084594090155E+03   0.3403352002878E+00   0.1071697597552E+03  -0.9137645689753E-01   0.2144133812533E+00   0.3827050715643E-01   0.1480563895240E+04   0.2338218235411E+03  -0.2557841292626E+04   0.7457220597526E+00   0.5320688197077E+00   0.3690106682733E+00   0.1569474669875E+00
   0.3150000000000E+01   0.5084569067540E+03   0.3403389939372E+00   0.1071710409899E+03  -0.9137568594740E-01   0.2144029671051E+00   0.3827055401219E-01   0.1484779707676E+04   0.2362885864081E+03  -0.2559614291883E+04   0.7455390047506E+00   0.5316301001034E+00   0.3696363363435E+00   0.1578290464841E+00
   0.3160000000000E+01   0.5084543989796E+03   0.3403428133961E+00   0.1071723222206E+03  -0.9137491664845E-01   0.2143925490410E+00   0.3827060277914E-01   0.1488989688093E+04   0.2387652655887E+03  -0.2561387260511E+04   0.7453549272088E+00   0.5311906502829E+00   0.3702614505828E+00   0.1587103769446E+00
   0.3170000000000E+01   0.5084518856967E+03   0.3403466469337E+00   0.1071736034372E+03  -0.9137414889699E-01   0.2143821269876E+00   0.3827065345420E-01   0.1493193813412E+04   0.2412518467990E+03  -0.2563160198463E+04   0.7451698275137E+00   0.5307504709664E+00   0.3708860101540E+00   0.1595914571780E+00
   0.3180000000000E+01   0.5084493669096E+03   0.3403504829928E+00   0.1071748846293E+03  -0.9137338258635E-01   0.2143717008732E+00   0.3827070603155E-01   0.1497392060591E+04   0.2437483157018E+03  -0.2564933105692E+04   0.7449837060531E+00   0.5303095628752E+00   0.3715100142208E+00   0.1604722859939E+00
   0.3190000000000E+01   0.5084468426231E+03   0.3403543102061E+00   0.1071761657862E+03  -0.9137261760705E-01   0.2143612706289E+00   0.3827076050282E-01   0.1501584406624E+04   0.2462546579069E+03  -0.2566705982150E+04   0.7447965632162E+00   0.5298679267321E+00   0.3721334619478E+00   0.1613528622019E+00
   0.3200000000000E+01   0.5084443128415E+03   0.3403581174114E+00   0.1071774468973E+03  -0.9137185384704E-01   0.2143508361874E+00   0.3827081685701E-01   0.1505770828542E+04   0.2487708589709E+03  -0.2568478827793E+04   0.7446083993930E+00   0.5294255632615E+00   0.3727563525003E+00   0.1622331846118E+00
   0.3210000000000E+01   0.5084417775696E+03   0.3403618936671E+00   0.1071787279515E+03  -0.9137109119194E-01   0.2143403974839E+00   0.3827087508064E-01   0.1509951303411E+04   0.2512969043973E+03  -0.2570251642574E+04   0.7444192149753E+00   0.5289824731890E+00   0.3733786850444E+00   0.1631132520336E+00
   0.3220000000000E+01   0.5084392368120E+03   0.3403656282660E+00   0.1071800089375E+03  -0.9137032952527E-01   0.2143299544557E+00   0.3827093515776E-01   0.1514125808334E+04   0.2538327796370E+03  -0.2572024426449E+04   0.7442290103556E+00   0.5285386572417E+00   0.3740004587473E+00   0.1639930632775E+00
   0.3230000000000E+01   0.5084366905735E+03   0.3403693107496E+00   0.1071812898442E+03  -0.9136956872866E-01   0.2143195070421E+00   0.3827099707003E-01   0.1518294320451E+04   0.2563784700877E+03  -0.2573797179371E+04   0.7440377859278E+00   0.5280941161481E+00   0.3746216727770E+00   0.1648726171540E+00
   0.3240000000000E+01   0.5084341388588E+03   0.3403729309209E+00   0.1071825706599E+03  -0.9136880868210E-01   0.2143090551846E+00   0.3827106079675E-01   0.1522456816938E+04   0.2589339610947E+03  -0.2575569901298E+04   0.7438455420870E+00   0.5276488506381E+00   0.3752423263025E+00   0.1657519124736E+00
   0.3250000000000E+01   0.5084315816727E+03   0.3403764788575E+00   0.1071838513731E+03  -0.9136804926413E-01   0.2142985988267E+00   0.3827112631498E-01   0.1526613275010E+04   0.2614992379505E+03  -0.2577342592183E+04   0.7436522792296E+00   0.5272028614431E+00   0.3758624184935E+00   0.1666309480470E+00
   0.3260000000000E+01   0.5084290190201E+03   0.3403799449226E+00   0.1071851319719E+03  -0.9136729035211E-01   0.2142881379141E+00   0.3827119359957E-01   0.1530763671916E+04   0.2640742858952E+03  -0.2579115251985E+04   0.7434579977530E+00   0.5267561492958E+00   0.3764819485210E+00   0.1675097226852E+00
   0.3270000000000E+01   0.5084264509059E+03   0.3403833197771E+00   0.1071864124446E+03  -0.9136653182242E-01   0.2142776723944E+00   0.3827126262323E-01   0.1534907984945E+04   0.2666590901164E+03  -0.2580887880659E+04   0.7432626980557E+00   0.5263087149304E+00   0.3771009155568E+00   0.1683882351991E+00
   0.3280000000000E+01   0.5084238773350E+03   0.3403865943901E+00   0.1071876927790E+03  -0.9136577355068E-01   0.2142672022174E+00   0.3827133335663E-01   0.1539046191422E+04   0.2692536357493E+03  -0.2582660478163E+04   0.7430663805378E+00   0.5258605590824E+00   0.3777193187736E+00   0.1692664844001E+00
   0.3290000000000E+01   0.5084212983124E+03   0.3403897600483E+00   0.1071889729631E+03  -0.9136501541197E-01   0.2142567273346E+00   0.3827140576845E-01   0.1543178268708E+04   0.2718579078770E+03  -0.2584433044453E+04   0.7428690456002E+00   0.5254116824889E+00   0.3783371573453E+00   0.1701444690995E+00
   0.3300000000000E+01   0.5084187138431E+03   0.3403928083661E+00   0.1071902529848E+03  -0.9136425728105E-01   0.2142462476999E+00   0.3827147982548E-01   0.1547304194205E+04   0.2744718915303E+03  -0.2586205579488E+04   0.7426706936450E+00   0.5249620858882E+00   0.3789544304468E+00   0.1710221881088E+00
   0.3310000000000E+01   0.5084161239322E+03   0.3403957312934E+00   0.1071915328316E+03  -0.9136349903258E-01   0.2142357632689E+00   0.3827155549268E-01   0.1551423945348E+04   0.2770955716881E+03  -0.2587978083227E+04   0.7424713250757E+00   0.5245117700200E+00   0.3795711372540E+00   0.1718996402398E+00
   0.3320000000000E+01   0.5084135285846E+03   0.3403985211244E+00   0.1071928124914E+03  -0.9136274054132E-01   0.2142252739992E+00   0.3827163273326E-01   0.1555537499614E+04   0.2797289332772E+03  -0.2589750555627E+04   0.7422709402967E+00   0.5240607356256E+00   0.3801872769437E+00   0.1727768243043E+00
   0.3330000000000E+01   0.5084109278055E+03   0.3404011705041E+00   0.1071940919516E+03  -0.9136198168235E-01   0.2142147798503E+00   0.3827171150879E-01   0.1559644834516E+04   0.2823719611726E+03  -0.2591522996647E+04   0.7420695397139E+00   0.5236089834475E+00   0.3808028486940E+00   0.1736537391142E+00
   0.3340000000000E+01   0.5084083216001E+03   0.3404036724354E+00   0.1071953711999E+03  -0.9136122233126E-01   0.2142042807836E+00   0.3827179177926E-01   0.1563745927604E+04   0.2850246401975E+03  -0.2593295406248E+04   0.7418671237341E+00   0.5231565142296E+00   0.3814178516842E+00   0.1745303834818E+00
   0.3350000000000E+01   0.5084057099734E+03   0.3404060202848E+00   0.1071966502237E+03  -0.9136046236434E-01   0.2141937767624E+00   0.3827187350317E-01   0.1567840756469E+04   0.2876869551236E+03  -0.2595067784389E+04   0.7416636927653E+00   0.5227033287171E+00   0.3820322850942E+00   0.1754067562194E+00
   0.3360000000000E+01   0.5084030929306E+03   0.3404082077878E+00   0.1071979290105E+03  -0.9135970165881E-01   0.2141832677518E+00   0.3827195663760E-01   0.1571929298736E+04   0.2903588906709E+03  -0.2596840131030E+04   0.7414592472169E+00   0.5222494276568E+00   0.3826461481056E+00   0.1762828561395E+00
   0.3370000000000E+01   0.5084004704770E+03   0.3404102290535E+00   0.1071992075478E+03  -0.9135894009299E-01   0.2141727537187E+00   0.3827204113836E-01   0.1576011532074E+04   0.2930404315078E+03  -0.2598612446131E+04   0.7412537874992E+00   0.5217948117966E+00   0.3832594399007E+00   0.1771586820546E+00
   0.3380000000000E+01   0.5083978426177E+03   0.3404120785680E+00   0.1072004858230E+03  -0.9135817754648E-01   0.2141622346320E+00   0.3827212696000E-01   0.1580087434184E+04   0.2957315622515E+03  -0.2600384729654E+04   0.7410473140238E+00   0.5213394818858E+00   0.3838721596631E+00   0.1780342327776E+00
   0.3390000000000E+01   0.5083952093580E+03   0.3404137511985E+00   0.1072017638235E+03  -0.9135741390036E-01   0.2141517104620E+00   0.3827221405595E-01   0.1584156982811E+04   0.2984322674679E+03  -0.2602156981560E+04   0.7408398272036E+00   0.5208834386751E+00   0.3844843065776E+00   0.1789095071214E+00
   0.3400000000000E+01   0.5083925707031E+03   0.3404152421951E+00   0.1072030415367E+03  -0.9135664903732E-01   0.2141411811811E+00   0.3827230237857E-01   0.1588220155736E+04   0.3011425316717E+03  -0.2603929201811E+04   0.7406313274525E+00   0.5204266829165E+00   0.3850958798301E+00   0.1797845038993E+00
   0.3410000000000E+01   0.5083899266582E+03   0.3404165471931E+00   0.1072043189501E+03  -0.9135588284192E-01   0.2141306467631E+00   0.3827239187929E-01   0.1592276930779E+04   0.3038623393265E+03  -0.2605701390368E+04   0.7404218151857E+00   0.5199692153633E+00   0.3857068786076E+00   0.1806592219244E+00
   0.3420000000000E+01   0.5083872772287E+03   0.3404176622144E+00   0.1072055960512E+03  -0.9135511520066E-01   0.2141201071836E+00   0.3827248250865E-01   0.1596327285800E+04   0.3065916748449E+03  -0.2607473547196E+04   0.7402112908196E+00   0.5195110367700E+00   0.3863173020984E+00   0.1815336600104E+00
   0.3430000000000E+01   0.5083846224198E+03   0.3404185836678E+00   0.1072068728274E+03  -0.9135434600218E-01   0.2141095624201E+00   0.3827257421644E-01   0.1600371198696E+04   0.3093305225888E+03  -0.2609245672255E+04   0.7399997547716E+00   0.5190521478925E+00   0.3869271494920E+00   0.1824078169710E+00
   0.3440000000000E+01   0.5083819622368E+03   0.3404193083490E+00   0.1072081492662E+03  -0.9135357513744E-01   0.2140990124512E+00   0.3827266695174E-01   0.1604408647406E+04   0.3120788668689E+03  -0.2611017765510E+04   0.7397872074607E+00   0.5185925494879E+00   0.3875364199789E+00   0.1832816916200E+00
   0.3450000000000E+01   0.5083792966850E+03   0.3404198334404E+00   0.1072094253552E+03  -0.9135280249980E-01   0.2140884572576E+00   0.3827276066303E-01   0.1608439609906E+04   0.3148366919458E+03  -0.2612789826924E+04   0.7395736493067E+00   0.5181322423146E+00   0.3881451127510E+00   0.1841552827715E+00
   0.3460000000000E+01   0.5083766257697E+03   0.3404201565094E+00   0.1072107010819E+03  -0.9135202798525E-01   0.2140778968213E+00   0.3827285529831E-01   0.1612464064213E+04   0.3176039820289E+03  -0.2614561856462E+04   0.7393590807309E+00   0.5176712271323E+00   0.3887532270014E+00   0.1850285892400E+00
   0.3470000000000E+01   0.5083739494962E+03   0.3404202755069E+00   0.1072119764340E+03  -0.9135125149245E-01   0.2140673311259E+00   0.3827295080511E-01   0.1616481988381E+04   0.3203807212777E+03  -0.2616333854088E+04   0.7391435021556E+00   0.5172095047017E+00   0.3893607619243E+00   0.1859016098398E+00
   0.3480000000000E+01   0.5083712678698E+03   0.3404201887646E+00   0.1072132513992E+03  -0.9135047292294E-01   0.2140567601565E+00   0.3827304713068E-01   0.1620493360507E+04   0.3231668938008E+03  -0.2618105819766E+04   0.7389269140045E+00   0.5167470757851E+00   0.3899677167153E+00   0.1867743433858E+00
   0.3490000000000E+01   0.5083685808958E+03   0.3404198949924E+00   0.1072145259653E+03  -0.9134969218120E-01   0.2140461838996E+00   0.3827314422200E-01   0.1624498158726E+04   0.3259624836568E+03  -0.2619877753463E+04   0.7387093167025E+00   0.5162839411456E+00   0.3905740905710E+00   0.1876467886930E+00
   0.3500000000000E+01   0.5083658885795E+03   0.3404193932743E+00   0.1072158001201E+03  -0.9134890917481E-01   0.2140356023433E+00   0.3827324202589E-01   0.1628496361212E+04   0.3287674748541E+03  -0.2621649655142E+04   0.7384907106756E+00   0.5158201015477E+00   0.3911798826894E+00   0.1885189445767E+00
   0.3510000000000E+01   0.5083631909263E+03   0.3404186830648E+00   0.1072170738515E+03  -0.9134812381452E-01   0.2140250154770E+00   0.3827334048910E-01   0.1632487946180E+04   0.3315818513510E+03  -0.2623421524772E+04   0.7382710963512E+00   0.5153555577571E+00   0.3917850922697E+00   0.1893908098524E+00
   0.3520000000000E+01   0.5083604879413E+03   0.3404177641839E+00   0.1072183471476E+03  -0.9134733601440E-01   0.2140144232916E+00   0.3827343955838E-01   0.1636472891885E+04   0.3344055970557E+03  -0.2625193362318E+04   0.7380504741578E+00   0.5148903105405E+00   0.3923897185124E+00   0.1902623833359E+00
   0.3530000000000E+01   0.5083577796300E+03   0.3404166368125E+00   0.1072196199963E+03  -0.9134654569188E-01   0.2140038257791E+00   0.3827353918061E-01   0.1640451176624E+04   0.3372386958268E+03  -0.2626965167746E+04   0.7378288445253E+00   0.5144243606660E+00   0.3929937606193E+00   0.1911336638433E+00
   0.3540000000000E+01   0.5083550659976E+03   0.3404153014858E+00   0.1072208923859E+03  -0.9134575276788E-01   0.2139932229331E+00   0.3827363930280E-01   0.1644422778730E+04   0.3400811314728E+03  -0.2628736941024E+04   0.7376062078849E+00   0.5139577089024E+00   0.3935972177931E+00   0.1920046501910E+00
   0.3550000000000E+01   0.5083523470494E+03   0.3404137590881E+00   0.1072221643046E+03  -0.9134495716687E-01   0.2139826147484E+00   0.3827373987224E-01   0.1648387676581E+04   0.3429328877527E+03  -0.2630508682120E+04   0.7373825646688E+00   0.5134903560201E+00   0.3942000892383E+00   0.1928753411957E+00
   0.3560000000000E+01   0.5083496227907E+03   0.3404120108458E+00   0.1072234357409E+03  -0.9134415881694E-01   0.2139720012210E+00   0.3827384083655E-01   0.1652345848592E+04   0.3457939483759E+03  -0.2632280391001E+04   0.7371579153108E+00   0.5130223027903E+00   0.3948023741601E+00   0.1937457356744E+00
   0.3570000000000E+01   0.5083468932266E+03   0.3404100583203E+00   0.1072247066831E+03  -0.9134335764989E-01   0.2139613823481E+00   0.3827394214376E-01   0.1656297273222E+04   0.3486642970024E+03  -0.2634052067637E+04   0.7369322602457E+00   0.5125535499852E+00   0.3954040717655E+00   0.1946158324445E+00
   0.3580000000000E+01   0.5083441583626E+03   0.3404079034006E+00   0.1072259771200E+03  -0.9134255360127E-01   0.2139507581284E+00   0.3827404374237E-01   0.1660241928967E+04   0.3515439172426E+03  -0.2635823711994E+04   0.7367055999098E+00   0.5120840983784E+00   0.3960051812623E+00   0.1954856303236E+00
   0.3590000000000E+01   0.5083414182037E+03   0.3404055482953E+00   0.1072272470401E+03  -0.9134174661045E-01   0.2139401285613E+00   0.3827414558146E-01   0.1664179794367E+04   0.3544327926581E+03  -0.2637595324043E+04   0.7364779347406E+00   0.5116139487442E+00   0.3966057018598E+00   0.1963551281298E+00
   0.3600000000000E+01   0.5083386727552E+03   0.3404029955246E+00   0.1072285164324E+03  -0.9134093662064E-01   0.2139294936477E+00   0.3827424761072E-01   0.1668110848002E+04   0.3573309067608E+03  -0.2639366903753E+04   0.7362492651770E+00   0.5111431018582E+00   0.3972056327685E+00   0.1972243246817E+00
   0.3610000000000E+01   0.5083359220224E+03   0.3404002479112E+00   0.1072297852858E+03  -0.9134012357895E-01   0.2139188533894E+00   0.3827434978055E-01   0.1672035068492E+04   0.3602382430138E+03  -0.2641138451094E+04   0.7360195916590E+00   0.5106715584968E+00   0.3978049732003E+00   0.1980932187979E+00
   0.3620000000000E+01   0.5083331660104E+03   0.3403973085719E+00   0.1072310535893E+03  -0.9133930743642E-01   0.2139082077894E+00   0.3827445204210E-01   0.1675952434500E+04   0.3631547848314E+03  -0.2642909966036E+04   0.7357889146281E+00   0.5101993194375E+00   0.3984037223682E+00   0.1989618092978E+00
   0.3630000000000E+01   0.5083304047243E+03   0.3403941809074E+00   0.1072323213323E+03  -0.9133848814805E-01   0.2138975568518E+00   0.3827455434737E-01   0.1679862924730E+04   0.3660805155788E+03  -0.2644681448550E+04   0.7355572345272E+00   0.5097263854588E+00   0.3990018794865E+00   0.1998300950010E+00
   0.3640000000000E+01   0.5083276381694E+03   0.3403908685934E+00   0.1072335885039E+03  -0.9133766567278E-01   0.2138869005815E+00   0.3827465664922E-01   0.1683766517926E+04   0.3690154185725E+03  -0.2646452898606E+04   0.7353245518002E+00   0.5092527573401E+00   0.3995994437708E+00   0.2006980747276E+00
   0.3650000000000E+01   0.5083248663507E+03   0.3403873755703E+00   0.1072348550938E+03  -0.9133683997357E-01   0.2138762389844E+00   0.3827475890149E-01   0.1687663192875E+04   0.3719594770806E+03  -0.2648224316177E+04   0.7350908668928E+00   0.5087784358618E+00   0.4001964144379E+00   0.2015657472982E+00
   0.3660000000000E+01   0.5083220892733E+03   0.3403837060327E+00   0.1072361210915E+03  -0.9133601101736E-01   0.2138655720677E+00   0.3827486105900E-01   0.1691552928405E+04   0.3749126743223E+03  -0.2649995701233E+04   0.7348561802516E+00   0.5083034218053E+00   0.4007927907059E+00   0.2024331115337E+00
   0.3670000000000E+01   0.5083193069425E+03   0.3403798644197E+00   0.1072373864869E+03  -0.9133517877507E-01   0.2138548998391E+00   0.3827496307766E-01   0.1695435703386E+04   0.3778749934686E+03  -0.2651767053747E+04   0.7346204923249E+00   0.5078277159527E+00   0.4013885717941E+00   0.2033001662558E+00
   0.3680000000000E+01   0.5083165193631E+03   0.3403758554032E+00   0.1072386512697E+03  -0.9133434322160E-01   0.2138442223073E+00   0.3827506491448E-01   0.1699311496730E+04   0.3808464176423E+03  -0.2653538373692E+04   0.7343838035622E+00   0.5073513190872E+00   0.4019837569232E+00   0.2041669102863E+00
   0.3690000000000E+01   0.5083137265402E+03   0.3403716838776E+00   0.1072399154302E+03  -0.9133350433582E-01   0.2138335394822E+00   0.3827516652764E-01   0.1703180287392E+04   0.3838269299176E+03  -0.2655309661040E+04   0.7341461144144E+00   0.5068742319928E+00   0.4025783453151E+00   0.2050333424479E+00
   0.3700000000000E+01   0.5083109284789E+03   0.3403673549485E+00   0.1072411789584E+03  -0.9133266210056E-01   0.2138228513740E+00   0.3827526787651E-01   0.1707042054366E+04   0.3868165133211E+03  -0.2657080915765E+04   0.7339074253336E+00   0.5063964554545E+00   0.4031723361928E+00   0.2058994615634E+00
   0.3710000000000E+01   0.5083081251841E+03   0.3403628739213E+00   0.1072424418449E+03  -0.9133181650255E-01   0.2138121579940E+00   0.3827536892176E-01   0.1710896776691E+04   0.3898151508308E+03  -0.2658852137840E+04   0.7336677367737E+00   0.5059179902580E+00   0.4037657287807E+00   0.2067652664567E+00
   0.3720000000000E+01   0.5083053166607E+03   0.3403582462898E+00   0.1072437040800E+03  -0.9133096753242E-01   0.2138014593544E+00   0.3827546962532E-01   0.1714744433448E+04   0.3928228253774E+03  -0.2660623327239E+04   0.7334270491896E+00   0.5054388371898E+00   0.4043585223044E+00   0.2076307559517E+00
   0.3730000000000E+01   0.5083025029138E+03   0.3403534777247E+00   0.1072449656545E+03  -0.9133011518465E-01   0.2137907554678E+00   0.3827556995048E-01   0.1718585003760E+04   0.3958395198434E+03  -0.2662394483937E+04   0.7331853630378E+00   0.5049589970375E+00   0.4049507159907E+00   0.2084959288733E+00
   0.3740000000000E+01   0.5082996839482E+03   0.3403485740617E+00   0.1072462265592E+03  -0.9132925945754E-01   0.2137800463478E+00   0.3827566986189E-01   0.1722418466793E+04   0.3988652170639E+03  -0.2664165607909E+04   0.7329426787760E+00   0.5044784705892E+00   0.4055423090677E+00   0.2093607840467E+00
   0.3750000000000E+01   0.5082968597687E+03   0.3403435412900E+00   0.1072474867851E+03  -0.9132840035313E-01   0.2137693320086E+00   0.3827576932562E-01   0.1726244801753E+04   0.4018998998261E+03  -0.2665936699130E+04   0.7326989968636E+00   0.5039972586340E+00   0.4061333007648E+00   0.2102253202979E+00
   0.3760000000000E+01   0.5082940303803E+03   0.3403383855400E+00   0.1072487463234E+03  -0.9132753787717E-01   0.2137586124650E+00   0.3827586830918E-01   0.1730063987894E+04   0.4049435508700E+03  -0.2667707757575E+04   0.7324543177612E+00   0.5035153619618E+00   0.4067236903124E+00   0.2110895364536E+00
   0.3770000000000E+01   0.5082911957876E+03   0.3403331130718E+00   0.1072500051654E+03  -0.9132667203908E-01   0.2137478877326E+00   0.3827596678154E-01   0.1733876004507E+04   0.4079961528883E+03  -0.2669478783220E+04   0.7322086419308E+00   0.5030327813631E+00   0.4073134769422E+00   0.2119534313408E+00
   0.3780000000000E+01   0.5082883559956E+03   0.3403277302631E+00   0.1072512633026E+03  -0.9132580285183E-01   0.2137371578274E+00   0.3827606471316E-01   0.1737680830931E+04   0.4110576885262E+03  -0.2671249776041E+04   0.7319619698360E+00   0.5025495176293E+00   0.4079026598874E+00   0.2128170037876E+00
   0.3790000000000E+01   0.5082855110088E+03   0.3403222435973E+00   0.1072525207266E+03  -0.9132493033193E-01   0.2137264227660E+00   0.3827616207604E-01   0.1741478446545E+04   0.4141281403819E+03  -0.2673020736016E+04   0.7317143019417E+00   0.5020655715525E+00   0.4084912383820E+00   0.2136802526224E+00
   0.3800000000000E+01   0.5082826608321E+03   0.3403166596512E+00   0.1072537774293E+03  -0.9132405449931E-01   0.2137156825658E+00   0.3827625884368E-01   0.1745268830772E+04   0.4172074910066E+03  -0.2674791663121E+04   0.7314656387143E+00   0.5015809439255E+00   0.4090792116614E+00   0.2145431766745E+00
   0.3810000000000E+01   0.5082798054700E+03   0.3403109850838E+00   0.1072550334026E+03  -0.9132317537726E-01   0.2137049372445E+00   0.3827635499117E-01   0.1749051963078E+04   0.4202957229045E+03  -0.2676562557334E+04   0.7312159806214E+00   0.5010956355420E+00   0.4096665789622E+00   0.2154057747739E+00
   0.3820000000000E+01   0.5082769449273E+03   0.3403052266236E+00   0.1072562886387E+03  -0.9132229299238E-01   0.2136941868203E+00   0.3827645049514E-01   0.1752827822974E+04   0.4233928185330E+03  -0.2678333418633E+04   0.7309653281325E+00   0.5006096471963E+00   0.4102533395222E+00   0.2162680457512E+00
   0.3830000000000E+01   0.5082740792085E+03   0.3402993910574E+00   0.1072575431299E+03  -0.9132140737443E-01   0.2136834313120E+00   0.3827654533381E-01   0.1756596390013E+04   0.4264987603029E+03  -0.2680104246995E+04   0.7307136817181E+00   0.5001229796832E+00   0.4108394925804E+00   0.2171299884379E+00
   0.3840000000000E+01   0.5082712083181E+03   0.3402934852184E+00   0.1072587968686E+03  -0.9132051855629E-01   0.2136726707388E+00   0.3827663948700E-01   0.1760357643791E+04   0.4296135305782E+03  -0.2681875042400E+04   0.7304610418504E+00   0.4996356337985E+00   0.4114250373769E+00   0.2179916016662E+00
   0.3850000000000E+01   0.5082683322608E+03   0.3402875159742E+00   0.1072600498477E+03  -0.9131962657384E-01   0.2136619051202E+00   0.3827673293611E-01   0.1764111563949E+04   0.4327371116767E+03  -0.2683645804826E+04   0.7302074090030E+00   0.4991476103385E+00   0.4120099731532E+00   0.2188528842690E+00
   0.3860000000000E+01   0.5082654510410E+03   0.3402814902160E+00   0.1072613020597E+03  -0.9131873146587E-01   0.2136511344763E+00   0.3827682566416E-01   0.1767858130172E+04   0.4358694858697E+03  -0.2685416534253E+04   0.7299527836509E+00   0.4986589101003E+00   0.4125942991516E+00   0.2197138350800E+00
   0.3870000000000E+01   0.5082625646631E+03   0.3402754148466E+00   0.1072625534979E+03  -0.9131783327400E-01   0.2136403588274E+00   0.3827691765574E-01   0.1771597322188E+04   0.4390106353821E+03  -0.2687187230660E+04   0.7296971662706E+00   0.4981695338815E+00   0.4131780146159E+00   0.2205744529338E+00
   0.3880000000000E+01   0.5082596731315E+03   0.3402692967693E+00   0.1072638041552E+03  -0.9131693204253E-01   0.2136295781944E+00   0.3827700889706E-01   0.1775329119770E+04   0.4421605423927E+03  -0.2688957894027E+04   0.7294405573401E+00   0.4976794824805E+00   0.4137611187910E+00   0.2214347366657E+00
   0.3890000000000E+01   0.5082567764507E+03   0.3402631428772E+00   0.1072650540251E+03  -0.9131602781839E-01   0.2136187925982E+00   0.3827709937593E-01   0.1779053502734E+04   0.4453191890346E+03  -0.2690728524336E+04   0.7291829573388E+00   0.4971887566962E+00   0.4143436109228E+00   0.2222946851119E+00
   0.3900000000000E+01   0.5082538746249E+03   0.3402569600416E+00   0.1072663031011E+03  -0.9131512065098E-01   0.2136080020603E+00   0.3827718908173E-01   0.1782770450941E+04   0.4484865573944E+03  -0.2692499121566E+04   0.7289243667476E+00   0.4966973573283E+00   0.4149254902585E+00   0.2231542971094E+00
   0.3910000000000E+01   0.5082509676584E+03   0.3402507551020E+00   0.1072675513767E+03  -0.9131421059209E-01   0.2135972066024E+00   0.3827727800546E-01   0.1786479944296E+04   0.4516626295134E+03  -0.2694269685699E+04   0.7286647860489E+00   0.4962052851770E+00   0.4155067560465E+00   0.2240135714961E+00
   0.3920000000000E+01   0.5082480555556E+03   0.3402445348554E+00   0.1072687988458E+03  -0.9131329769578E-01   0.2135864062463E+00   0.3827736613963E-01   0.1790181962749E+04   0.4548473873869E+03  -0.2696040216717E+04   0.7284042157266E+00   0.4957125410431E+00   0.4160874075361E+00   0.2248725071108E+00
   0.3930000000000E+01   0.5082451383205E+03   0.3402383060455E+00   0.1072700455025E+03  -0.9131238201824E-01   0.2135756010142E+00   0.3827745347837E-01   0.1793876486293E+04   0.4580408129647E+03  -0.2697810714602E+04   0.7281426562658E+00   0.4952191257281E+00   0.4166674439780E+00   0.2257311027930E+00
   0.3940000000000E+01   0.5082422159574E+03   0.3402320753536E+00   0.1072712913408E+03  -0.9131146361773E-01   0.2135647909286E+00   0.3827754001730E-01   0.1797563494969E+04   0.4612428881511E+03  -0.2699581179335E+04   0.7278801081534E+00   0.4947250400341E+00   0.4172468646238E+00   0.2265893573833E+00
   0.3950000000000E+01   0.5082392884705E+03   0.3402258493881E+00   0.1072725363551E+03  -0.9131054255440E-01   0.2135539760120E+00   0.3827762575359E-01   0.1801242968859E+04   0.4644535948051E+03  -0.2701351610900E+04   0.7276165718777E+00   0.4942302847638E+00   0.4178256687265E+00   0.2274472697230E+00
   0.3960000000000E+01   0.5082363558637E+03   0.3402196346751E+00   0.1072737805399E+03  -0.9130961889020E-01   0.2135431562873E+00   0.3827771068590E-01   0.1804914888092E+04   0.4676729147403E+03  -0.2703122009280E+04   0.7273520479284E+00   0.4937348607204E+00   0.4184038555399E+00   0.2283048386547E+00
   0.3970000000000E+01   0.5082334181411E+03   0.3402134376493E+00   0.1072750238898E+03  -0.9130869268875E-01   0.2135323317773E+00   0.3827779481439E-01   0.1808579232842E+04   0.4709008297253E+03  -0.2704892374458E+04   0.7270865367966E+00   0.4932387687078E+00   0.4189814243192E+00   0.2291620630214E+00
   0.3980000000000E+01   0.5082304753067E+03   0.3402072646451E+00   0.1072762663996E+03  -0.9130776401523E-01   0.2135215025052E+00   0.3827787814066E-01   0.1812235983326E+04   0.4741373214836E+03  -0.2706662706418E+04   0.7268200389751E+00   0.4927420095304E+00   0.4195583743205E+00   0.2300189416675E+00
   0.3990000000000E+01   0.5082275273646E+03   0.3402011218875E+00   0.1072775080643E+03  -0.9130683293625E-01   0.2135106684941E+00   0.3827796066774E-01   0.1815885119808E+04   0.4773823716938E+03  -0.2708433005145E+04   0.7265525549579E+00   0.4922445839932E+00   0.4201347048011E+00   0.2308754734380E+00
   0.4000000000000E+01   0.5082245743185E+03   0.3401950154840E+00   0.1072787488790E+03  -0.9130589951971E-01   0.2134998297675E+00   0.3827804240006E-01   0.1819526622598E+04   0.4806359619898E+03  -0.2710203270623E+04   0.7262840852408E+00   0.4917464929018E+00   0.4207104150194E+00   0.2317316571792E+00
   0.4010000000000E+01   0.5082216161724E+03   0.3401889514166E+00   0.1072799888391E+03  -0.9130496383471E-01   0.2134889863487E+00   0.3827812334344E-01   0.1823160472050E+04   0.4838980739606E+03  -0.2711973502836E+04   0.7260146303207E+00   0.4912477370623E+00   0.4212855042349E+00   0.2325874917381E+00
   0.4020000000000E+01   0.5082186529301E+03   0.3401829355338E+00   0.1072812279398E+03  -0.9130402595138E-01   0.2134781382611E+00   0.3827820350503E-01   0.1826786648563E+04   0.4871686891508E+03  -0.2713743701771E+04   0.7257441906963E+00   0.4907483172815E+00   0.4218599717082E+00   0.2334429759627E+00
   0.4030000000000E+01   0.5082156845954E+03   0.3401769735434E+00   0.1072824661769E+03  -0.9130308594083E-01   0.2134672855284E+00   0.3827828289328E-01   0.1830405132583E+04   0.4904477890605E+03  -0.2715513867413E+04   0.7254727668675E+00   0.4902482343667E+00   0.4224338167009E+00   0.2342981087022E+00
   0.4040000000000E+01   0.5082127111721E+03   0.3401710710050E+00   0.1072837035461E+03  -0.9130214387492E-01   0.2134564281741E+00   0.3827836151792E-01   0.1834015904601E+04   0.4937353551454E+03  -0.2717283999749E+04   0.7252003593359E+00   0.4897474891258E+00   0.4230070384757E+00   0.2351528888066E+00
   0.4050000000000E+01   0.5082097326637E+03   0.3401652333238E+00   0.1072849400432E+03  -0.9130119982625E-01   0.2134455662219E+00   0.3827843938991E-01   0.1837618945153E+04   0.4970313688170E+03  -0.2719054098764E+04   0.7249269686044E+00   0.4892460823671E+00   0.4235796362965E+00   0.2360073151269E+00
   0.4060000000000E+01   0.5082067490741E+03   0.3401594657436E+00   0.1072861756644E+03  -0.9130025386795E-01   0.2134346996952E+00   0.3827851652144E-01   0.1841214234822E+04   0.5003358114428E+03  -0.2720824164445E+04   0.7246525951775E+00   0.4887440148996E+00   0.4241516094281E+00   0.2368613865153E+00
   0.4070000000000E+01   0.5082037604067E+03   0.3401537733410E+00   0.1072874104058E+03  -0.9129930607362E-01   0.2134238286178E+00   0.3827859292581E-01   0.1844801754237E+04   0.5036486643462E+03  -0.2722594196781E+04   0.7243772395609E+00   0.4882412875328E+00   0.4247229571366E+00   0.2377151018249E+00
   0.4080000000000E+01   0.5082007666652E+03   0.3401481610199E+00   0.1072886442637E+03  -0.9129835651714E-01   0.2134129530132E+00   0.3827866861748E-01   0.1848381484073E+04   0.5069699088066E+03  -0.2724364195758E+04   0.7241009022620E+00   0.4877379010769E+00   0.4252936786889E+00   0.2385684599097E+00
   0.4090000000000E+01   0.5081977678531E+03   0.3401426335057E+00   0.1072898772347E+03  -0.9129740527265E-01   0.2134020729050E+00   0.3827874361197E-01   0.1851953405049E+04   0.5102995260598E+03  -0.2726134161364E+04   0.7238235837897E+00   0.4872338563425E+00   0.4258637733532E+00   0.2394214596249E+00
   0.4100000000000E+01   0.5081947639739E+03   0.3401371953402E+00   0.1072911093154E+03  -0.9129645241433E-01   0.2133911883166E+00   0.3827881792583E-01   0.1855517497934E+04   0.5136374972980E+03  -0.2727904093588E+04   0.7235452846540E+00   0.4867291541407E+00   0.4264332403985E+00   0.2402740998269E+00
   0.4110000000000E+01   0.5081917550310E+03   0.3401318508778E+00   0.1072923405025E+03  -0.9129549801635E-01   0.2133802992715E+00   0.3827889157663E-01   0.1859073743540E+04   0.5169838036697E+03  -0.2729673992419E+04   0.7232660053668E+00   0.4862237952834E+00   0.4270020790951E+00   0.2411263793727E+00
   0.4120000000000E+01   0.5081887410277E+03   0.3401266042802E+00   0.1072935707930E+03  -0.9129454215273E-01   0.2133694057931E+00   0.3827896458285E-01   0.1862622122728E+04   0.5203384262801E+03  -0.2731443857846E+04   0.7229857464411E+00   0.4857177805829E+00   0.4275702887142E+00   0.2419782971207E+00
   0.4130000000000E+01   0.5081857219675E+03   0.3401214595131E+00   0.1072948001838E+03  -0.9129358489723E-01   0.2133585079047E+00   0.3827903696389E-01   0.1866162616404E+04   0.5237013461909E+03  -0.2733213689857E+04   0.7227045083915E+00   0.4852111108521E+00   0.4281378685281E+00   0.2428298519302E+00
   0.4140000000000E+01   0.5081826978536E+03   0.3401164203424E+00   0.1072960286723E+03  -0.9129262632324E-01   0.2133476056294E+00   0.3827910874001E-01   0.1869695205520E+04   0.5270725444209E+03  -0.2734983488444E+04   0.7224222917340E+00   0.4847037869044E+00   0.4287048178103E+00   0.2436810426617E+00
   0.4150000000000E+01   0.5081796686894E+03   0.3401114903312E+00   0.1072972562556E+03  -0.9129166650369E-01   0.2133366989903E+00   0.3827917993227E-01   0.1873219871078E+04   0.5304520019457E+03  -0.2736753253597E+04   0.7221390969859E+00   0.4841958095537E+00   0.4292711358350E+00   0.2445318681766E+00
   0.4160000000000E+01   0.5081766344779E+03   0.3401066728367E+00   0.1072984829313E+03  -0.9129070551089E-01   0.2133257880104E+00   0.3827925056251E-01   0.1876736594122E+04   0.5338396996979E+03  -0.2738522985305E+04   0.7218549246661E+00   0.4836871796148E+00   0.4298368218778E+00   0.2453823273375E+00
   0.4170000000000E+01   0.5081735952224E+03   0.3401019710080E+00   0.1072997086969E+03  -0.9128974341650E-01   0.2133148727124E+00   0.3827932065325E-01   0.1880245355748E+04   0.5372356185674E+03  -0.2740292683560E+04   0.7215697752949E+00   0.4831778979026E+00   0.4304018752151E+00   0.2462324190080E+00
   0.4180000000000E+01   0.5081705509260E+03   0.3400973877842E+00   0.1073009335502E+03  -0.9128878029137E-01   0.2133039531192E+00   0.3827939022770E-01   0.1883746137095E+04   0.5406397394011E+03  -0.2742062348354E+04   0.7212836493940E+00   0.4826679652330E+00   0.4309662951244E+00   0.2470821420527E+00
   0.4190000000000E+01   0.5081675015918E+03   0.3400929258920E+00   0.1073021574888E+03  -0.9128781620547E-01   0.2132930292531E+00   0.3827945930968E-01   0.1887238919352E+04   0.5440520430038E+03  -0.2743831979678E+04   0.7209965474864E+00   0.4821573824222E+00   0.4315300808844E+00   0.2479314953375E+00
   0.4200000000000E+01   0.5081644472229E+03   0.3400885878450E+00   0.1073033805109E+03  -0.9128685122777E-01   0.2132821011366E+00   0.3827952792359E-01   0.1890723683753E+04   0.5474725101373E+03  -0.2745601577524E+04   0.7207084700966E+00   0.4816461502871E+00   0.4320932317746E+00   0.2487804777291E+00
   0.4210000000000E+01   0.5081613878221E+03   0.3400843759425E+00   0.1073046026144E+03  -0.9128588542620E-01   0.2132711687920E+00   0.3827959609431E-01   0.1894200411580E+04   0.5509011215213E+03  -0.2747371141886E+04   0.7204194177506E+00   0.4811342696451E+00   0.4326557470757E+00   0.2496290880954E+00
   0.4220000000000E+01   0.5081583233925E+03   0.3400802922685E+00   0.1073058237975E+03  -0.9128491886748E-01   0.2132602322411E+00   0.3827966384724E-01   0.1897669084164E+04   0.5543378578332E+03  -0.2749140672754E+04   0.7201293909755E+00   0.4806217413142E+00   0.4332176260693E+00   0.2504773253055E+00
   0.4230000000000E+01   0.5081552539370E+03   0.3400763386920E+00   0.1073070440586E+03  -0.9128395161712E-01   0.2132492915060E+00   0.3827973120816E-01   0.1901129682880E+04   0.5577826997084E+03  -0.2750910170124E+04   0.7198383903001E+00   0.4801085661131E+00   0.4337788680382E+00   0.2513251882293E+00
   0.4240000000000E+01   0.5081521794585E+03   0.3400725168665E+00   0.1073082633961E+03  -0.9128298373926E-01   0.2132383466082E+00   0.3827979820325E-01   0.1904582189155E+04   0.5612356277402E+03  -0.2752679633989E+04   0.7195464162543E+00   0.4795947448609E+00   0.4343394722662E+00   0.2521726757381E+00
   0.4250000000000E+01   0.5081490999596E+03   0.3400688282308E+00   0.1073094818084E+03  -0.9128201529664E-01   0.2132273975692E+00   0.3827986485898E-01   0.1908026584460E+04   0.5646966224799E+03  -0.2754449064342E+04   0.7192534693697E+00   0.4790802783774E+00   0.4348994380380E+00   0.2530197867039E+00
   0.4260000000000E+01   0.5081460154434E+03   0.3400652740094E+00   0.1073106992943E+03  -0.9128104635049E-01   0.2132164444102E+00   0.3827993120213E-01   0.1911462850316E+04   0.5681656644373E+03  -0.2756218461179E+04   0.7189595501790E+00   0.4785651674831E+00   0.4354587646394E+00   0.2538665200002E+00
   0.4270000000000E+01   0.5081429259124E+03   0.3400618552135E+00   0.1073119158524E+03  -0.9128007696051E-01   0.2132054871524E+00   0.3827999725966E-01   0.1914890968291E+04   0.5716427340802E+03  -0.2757987824493E+04   0.7186646592163E+00   0.4780494129990E+00   0.4360174513574E+00   0.2547128745012E+00
   0.4280000000000E+01   0.5081398313693E+03   0.3400585726426E+00   0.1073131314817E+03  -0.9127910718473E-01   0.2131945258166E+00   0.3828006305875E-01   0.1918310920000E+04   0.5751278118352E+03  -0.2759757154281E+04   0.7183687970172E+00   0.4775330157466E+00   0.4365754974798E+00   0.2555588490824E+00
   0.4290000000000E+01   0.5081367318169E+03   0.3400554268863E+00   0.1073143461809E+03  -0.9127813707947E-01   0.2131835604233E+00   0.3828012862668E-01   0.1921722687108E+04   0.5786208780874E+03  -0.2761526450536E+04   0.7180719641185E+00   0.4770159765482E+00   0.4371329022956E+00   0.2564044426202E+00
   0.4300000000000E+01   0.5081336272577E+03   0.3400524183257E+00   0.1073155599493E+03  -0.9127716669932E-01   0.2131725909929E+00   0.3828019399082E-01   0.1925126251328E+04   0.5821219131805E+03  -0.2763295713257E+04   0.7177741610585E+00   0.4764982962266E+00   0.4376896650948E+00   0.2572496539923E+00
   0.4310000000000E+01   0.5081305176943E+03   0.3400495471362E+00   0.1073167727860E+03  -0.9127619609702E-01   0.2131616175456E+00   0.3828025917857E-01   0.1928521594419E+04   0.5856308974172E+03  -0.2765064942438E+04   0.7174753883766E+00   0.4759799756054E+00   0.4382457851684E+00   0.2580944820772E+00
   0.4320000000000E+01   0.5081274031291E+03   0.3400468132898E+00   0.1073179846901E+03  -0.9127522532342E-01   0.2131506401013E+00   0.3828032421733E-01   0.1931908698190E+04   0.5891478110590E+03  -0.2766834138076E+04   0.7171756466138E+00   0.4754610155085E+00   0.4388012618085E+00   0.2589389257547E+00
   0.4330000000000E+01   0.5081242835648E+03   0.3400442165581E+00   0.1073191956611E+03  -0.9127425442747E-01   0.2131396586797E+00   0.3828038913443E-01   0.1935287544499E+04   0.5926726343266E+03  -0.2768603300169E+04   0.7168749363122E+00   0.4749414167609E+00   0.4393560943081E+00   0.2597829839055E+00
   0.4340000000000E+01   0.5081211590036E+03   0.3400417565153E+00   0.1073204056983E+03  -0.9127328345612E-01   0.2131286733002E+00   0.3828045395710E-01   0.1938658115252E+04   0.5962053473998E+03  -0.2770372428714E+04   0.7165732580153E+00   0.4744211801878E+00   0.4399102819616E+00   0.2606266554114E+00
   0.4350000000000E+01   0.5081180294481E+03   0.3400394325417E+00   0.1073216148013E+03  -0.9127231245429E-01   0.2131176839820E+00   0.3828051871242E-01   0.1942020392402E+04   0.5997459304178E+03  -0.2772141523709E+04   0.7162706122681E+00   0.4739003066154E+00   0.4404638240640E+00   0.2614699391552E+00
   0.4360000000000E+01   0.5081148949006E+03   0.3400372438273E+00   0.1073228229697E+03  -0.9127134146485E-01   0.2131066907439E+00   0.3828058342731E-01   0.1945374357953E+04   0.6032943634792E+03  -0.2773910585151E+04   0.7159669996166E+00   0.4733787968702E+00   0.4410167199117E+00   0.2623128340209E+00
   0.4370000000000E+01   0.5081117553633E+03   0.3400351893755E+00   0.1073240302031E+03  -0.9127037052855E-01   0.2130956936047E+00   0.3828064812841E-01   0.1948719993957E+04   0.6068506266422E+03  -0.2775679613039E+04   0.7156624206082E+00   0.4728566517797E+00   0.4415689688019E+00   0.2631553388934E+00
   0.4380000000000E+01   0.5081086108386E+03   0.3400332680078E+00   0.1073252365013E+03  -0.9126939968403E-01   0.2130846925828E+00   0.3828071284213E-01   0.1952057282514E+04   0.6104146999246E+03  -0.2777448607373E+04   0.7153568757918E+00   0.4723338721718E+00   0.4421205700331E+00   0.2639974526586E+00
   0.4390000000000E+01   0.5081054613286E+03   0.3400314783672E+00   0.1073264418642E+03  -0.9126842896776E-01   0.2130736876963E+00   0.3828077759455E-01   0.1955386205773E+04   0.6139865633041E+03  -0.2779217568151E+04   0.7150503657172E+00   0.4718104588753E+00   0.4426715229047E+00   0.2648391742037E+00
   0.4400000000000E+01   0.5081023068357E+03   0.3400298189239E+00   0.1073276462917E+03  -0.9126745841400E-01   0.2130626789631E+00   0.3828084241141E-01   0.1958706745934E+04   0.6175661967182E+03  -0.2780986495374E+04   0.7147428909358E+00   0.4712864127194E+00   0.4432218267172E+00   0.2656805024165E+00
   0.4410000000000E+01   0.5080991473619E+03   0.3400282879791E+00   0.1073288497838E+03  -0.9126648805483E-01   0.2130516664008E+00   0.3828090731804E-01   0.1962018885245E+04   0.6211535800647E+03  -0.2782755389041E+04   0.7144344520001E+00   0.4707617345344E+00   0.4437714807722E+00   0.2665214361862E+00
   0.4420000000000E+01   0.5080959829093E+03   0.3400268836704E+00   0.1073300523405E+03  -0.9126551792008E-01   0.2130406500268E+00   0.3828097233936E-01   0.1965322606002E+04   0.6247486932013E+03  -0.2784524249152E+04   0.7141250494641E+00   0.4702364251508E+00   0.4443204843722E+00   0.2673619744028E+00
   0.4430000000000E+01   0.5080928134800E+03   0.3400256039773E+00   0.1073312539620E+03  -0.9126454803737E-01   0.2130296298582E+00   0.3828103749983E-01   0.1968617890551E+04   0.6283515159461E+03  -0.2786293075709E+04   0.7138146838827E+00   0.4697104854001E+00   0.4448688368211E+00   0.2682021159575E+00
   0.4440000000000E+01   0.5080896390761E+03   0.3400244467257E+00   0.1073324546486E+03  -0.9126357843203E-01   0.2130186059117E+00   0.3828110282341E-01   0.1971904721289E+04   0.6319620280777E+03  -0.2788061868712E+04   0.7135033558123E+00   0.4691839161145E+00   0.4454165374236E+00   0.2690418597423E+00
   0.4450000000000E+01   0.5080864596996E+03   0.3400234095940E+00   0.1073336544004E+03  -0.9126260912717E-01   0.2130075782040E+00   0.3828116833354E-01   0.1975183080660E+04   0.6355802093351E+03  -0.2789830628163E+04   0.7131910658106E+00   0.4686567181268E+00   0.4459635854855E+00   0.2698812046502E+00
   0.4460000000000E+01   0.5080832753523E+03   0.3400224901188E+00   0.1073348532179E+03  -0.9126164014360E-01   0.2129965467513E+00   0.3828123405309E-01   0.1978452951160E+04   0.6392060394180E+03  -0.2791599354065E+04   0.7128778144363E+00   0.4681288922706E+00   0.4465099803139E+00   0.2707201495755E+00
   0.4470000000000E+01   0.5080800860362E+03   0.3400216857003E+00   0.1073360511014E+03  -0.9126067149990E-01   0.2129855115696E+00   0.3828130000434E-01   0.1981714315333E+04   0.6428394979870E+03  -0.2793368046419E+04   0.7125636022495E+00   0.4676004393800E+00   0.4470557212167E+00   0.2715586934131E+00
   0.4480000000000E+01   0.5080768917532E+03   0.3400209936083E+00   0.1073372480514E+03  -0.9125970321239E-01   0.2129744726746E+00   0.3828136620896E-01   0.1984967155772E+04   0.6464805646635E+03  -0.2795136705228E+04   0.7122484298116E+00   0.4670713602902E+00   0.4476008075031E+00   0.2723968350591E+00
   0.4490000000000E+01   0.5080736925052E+03   0.3400204109886E+00   0.1073384440684E+03  -0.9125873529514E-01   0.2129634300819E+00   0.3828143268797E-01   0.1988211455123E+04   0.6501292190300E+03  -0.2796905330495E+04   0.7119322976850E+00   0.4665416558367E+00   0.4481452384834E+00   0.2732345734105E+00
   0.4500000000000E+01   0.5080704882939E+03   0.3400199348686E+00   0.1073396391530E+03  -0.9125776775996E-01   0.2129523838065E+00   0.3828149946172E-01   0.1991447196078E+04   0.6537854406301E+03  -0.2798673922223E+04   0.7116152064335E+00   0.4660113268562E+00   0.4486890134687E+00   0.2740719073652E+00
   0.4510000000000E+01   0.5080672791211E+03   0.3400195621641E+00   0.1073408333059E+03  -0.9125680061648E-01   0.2129413338635E+00   0.3828156654985E-01   0.1994674361381E+04   0.6574492089687E+03  -0.2800442480417E+04   0.7112971566221E+00   0.4654803741857E+00   0.4492321317717E+00   0.2749088358223E+00
   0.4520000000000E+01   0.5080640649885E+03   0.3400192896851E+00   0.1073420265276E+03  -0.9125583387209E-01   0.2129302802675E+00   0.3828163397129E-01   0.1997892933828E+04   0.6611205035121E+03  -0.2802211005080E+04   0.7109781488170E+00   0.4649487986632E+00   0.4497745927057E+00   0.2757453576815E+00
   0.4530000000000E+01   0.5080608458978E+03   0.3400191141425E+00   0.1073432188190E+03  -0.9125486753200E-01   0.2129192230329E+00   0.3828170174422E-01   0.2001102896261E+04   0.6647993036883E+03  -0.2803979496217E+04   0.7106581835854E+00   0.4644166011273E+00   0.4503163955855E+00   0.2765814718438E+00
   0.4540000000000E+01   0.5080576218507E+03   0.3400190321545E+00   0.1073444101809E+03  -0.9125390159928E-01   0.2129081621737E+00   0.3828176988608E-01   0.2004304231575E+04   0.6684855888867E+03  -0.2805747953833E+04   0.7103372614960E+00   0.4638837824176E+00   0.4508575397269E+00   0.2774171772109E+00
   0.4550000000000E+01   0.5080543928487E+03   0.3400190402532E+00   0.1073456006140E+03  -0.9125293607484E-01   0.2128970977038E+00   0.3828183841350E-01   0.2007496922716E+04   0.6721793384586E+03  -0.2807516377933E+04   0.7100153831186E+00   0.4633503433742E+00   0.4513980244466E+00   0.2782524726855E+00
   0.4560000000000E+01   0.5080511588936E+03   0.3400191348909E+00   0.1073467901193E+03  -0.9125197095750E-01   0.2128860296369E+00   0.3828190734233E-01   0.2010680952677E+04   0.6758805317172E+03  -0.2809284768523E+04   0.7096925490241E+00   0.4628162848380E+00   0.4519378490628E+00   0.2790873571713E+00
   0.4570000000000E+01   0.5080479199867E+03   0.3400193124469E+00   0.1073479786976E+03  -0.9125100624401E-01   0.2128749579861E+00   0.3828197668760E-01   0.2013856304504E+04   0.6795891479378E+03  -0.2811053125609E+04   0.7093687597846E+00   0.4622816076509E+00   0.4524770128947E+00   0.2799218295727E+00
   0.4580000000000E+01   0.5080446761296E+03   0.3400195692342E+00   0.1073491663499E+03  -0.9125004192907E-01   0.2128638827646E+00   0.3828204646350E-01   0.2017022961295E+04   0.6833051663578E+03  -0.2812821449197E+04   0.7090440159734E+00   0.4617463126552E+00   0.4530155152623E+00   0.2807558887952E+00
   0.4590000000000E+01   0.5080414273238E+03   0.3400199015056E+00   0.1073503530772E+03  -0.9124907800540E-01   0.2128528039852E+00   0.3828211668340E-01   0.2020180906195E+04   0.6870285661768E+03  -0.2814589739294E+04   0.7087183181651E+00   0.4612104006942E+00   0.4535533554873E+00   0.2815895337452E+00
   0.4600000000000E+01   0.5080381735708E+03   0.3400203054610E+00   0.1073515388806E+03  -0.9124811446375E-01   0.2128417216604E+00   0.3828218735980E-01   0.2023330122402E+04   0.6907593265571E+03  -0.2816357995908E+04   0.7083916669352E+00   0.4606738726121E+00   0.4540905328922E+00   0.2824227633300E+00
   0.4610000000000E+01   0.5080349148718E+03   0.3400207772535E+00   0.1073527237610E+03  -0.9124715129296E-01   0.2128306358024E+00   0.3828225850435E-01   0.2026470593165E+04   0.6944974266231E+03  -0.2818126219045E+04   0.7080640628607E+00   0.4601367292536E+00   0.4546270468007E+00   0.2832555764576E+00
   0.4620000000000E+01   0.5080316512284E+03   0.3400213129961E+00   0.1073539077197E+03  -0.9124618847998E-01   0.2128195464232E+00   0.3828233012782E-01   0.2029602301783E+04   0.6982428454623E+03  -0.2819894408714E+04   0.7077355065194E+00   0.4595989714644E+00   0.4551628965377E+00   0.2840879720370E+00
   0.4630000000000E+01   0.5080283826418E+03   0.3400219087683E+00   0.1073550907578E+03  -0.9124522600998E-01   0.2128084535347E+00   0.3828240224011E-01   0.2032725231606E+04   0.7019955621247E+03  -0.2821662564923E+04   0.7074059984905E+00   0.4590606000908E+00   0.4556980814291E+00   0.2849199489783E+00
   0.4640000000000E+01   0.5080251091133E+03   0.3400225606225E+00   0.1073562728763E+03  -0.9124426386632E-01   0.2127973571483E+00   0.3828247485022E-01   0.2035839366035E+04   0.7057555556233E+03  -0.2823430687680E+04   0.7070755393543E+00   0.4585216159800E+00   0.4562326008023E+00   0.2857515061921E+00
   0.4650000000000E+01   0.5080218306442E+03   0.3400232645908E+00   0.1073574540765E+03  -0.9124330203066E-01   0.2127862572753E+00   0.3828254796630E-01   0.2038944688524E+04   0.7095228049341E+03  -0.2825198776995E+04   0.7067441296922E+00   0.4579820199802E+00   0.4567664539856E+00   0.2865826425901E+00
   0.4660000000000E+01   0.5080185472357E+03   0.3400240166908E+00   0.1073586343597E+03  -0.9124234048298E-01   0.2127751539266E+00   0.3828262159556E-01   0.2042041182576E+04   0.7132972889965E+03  -0.2826966832877E+04   0.7064117700869E+00   0.4574418129399E+00   0.4572996403085E+00   0.2874133570847E+00
   0.4670000000000E+01   0.5080152588891E+03   0.3400248129322E+00   0.1073598137271E+03  -0.9124137920167E-01   0.2127640471131E+00   0.3828269574436E-01   0.2045128831746E+04   0.7170789867129E+03  -0.2828734855336E+04   0.7060784611220E+00   0.4569009957089E+00   0.4578321591017E+00   0.2882436485893E+00
   0.4680000000000E+01   0.5080119656054E+03   0.3400256493232E+00   0.1073609921799E+03  -0.9124041816353E-01   0.2127529368453E+00   0.3828277041816E-01   0.2048207619640E+04   0.7208678769493E+03  -0.2830502844382E+04   0.7057442033824E+00   0.4563595691375E+00   0.4583640096972E+00   0.2890735160181E+00
   0.4690000000000E+01   0.5080086673858E+03   0.3400265218765E+00   0.1073621697194E+03  -0.9123945734390E-01   0.2127418231334E+00   0.3828284562153E-01   0.2051277529916E+04   0.7246639385351E+03  -0.2832270800026E+04   0.7054089974542E+00   0.4558175340770E+00   0.4588951914279E+00   0.2899029582860E+00
   0.4700000000000E+01   0.5080053642315E+03   0.3400274266153E+00   0.1073633463470E+03  -0.9123849671666E-01   0.2127307059874E+00   0.3828292135816E-01   0.2054338546284E+04   0.7284671502635E+03  -0.2834038722277E+04   0.7050728439244E+00   0.4552748913792E+00   0.4594257036283E+00   0.2907319743090E+00
   0.4710000000000E+01   0.5080020561434E+03   0.3400283595792E+00   0.1073645220639E+03  -0.9123753625434E-01   0.2127195854173E+00   0.3828299763084E-01   0.2057390652505E+04   0.7322774908916E+03  -0.2835806611149E+04   0.7047357433814E+00   0.4547316418971E+00   0.4599555456337E+00   0.2915605630036E+00
   0.4720000000000E+01   0.5079987431227E+03   0.3400293168303E+00   0.1073656968716E+03  -0.9123657592815E-01   0.2127084614325E+00   0.3828307444151E-01   0.2060433832392E+04   0.7360949391403E+03  -0.2837574466651E+04   0.7043976964145E+00   0.4541877864843E+00   0.4604847167809E+00   0.2923887232874E+00
   0.4730000000000E+01   0.5079954251703E+03   0.3400302944587E+00   0.1073668707714E+03  -0.9123561570803E-01   0.2126973340424E+00   0.3828315179124E-01   0.2063468069809E+04   0.7399194736945E+03  -0.2839342288797E+04   0.7040587036143E+00   0.4536433259951E+00   0.4610132164077E+00   0.2932164540786E+00
   0.4740000000000E+01   0.5079921022872E+03   0.3400312885881E+00   0.1073680437647E+03  -0.9123465556276E-01   0.2126862032561E+00   0.3828322968022E-01   0.2066493348672E+04   0.7437510732033E+03  -0.2841110077599E+04   0.7037187655725E+00   0.4530982612849E+00   0.4615410438531E+00   0.2940437542964E+00
   0.4750000000000E+01   0.5079887744743E+03   0.3400322953815E+00   0.1073692158529E+03  -0.9123369546002E-01   0.2126750690825E+00   0.3828330810782E-01   0.2069509652951E+04   0.7475897162804E+03  -0.2842877833069E+04   0.7033778828817E+00   0.4525525932097E+00   0.4620681984576E+00   0.2948706228606E+00
   0.4760000000000E+01   0.5079854417326E+03   0.3400333110460E+00   0.1073703870374E+03  -0.9123273536640E-01   0.2126639315302E+00   0.3828338707255E-01   0.2072516966665E+04   0.7514353815037E+03  -0.2844645555220E+04   0.7030360561360E+00   0.4520063226262E+00   0.4625946795625E+00   0.2956970586921E+00
   0.4770000000000E+01   0.5079821040629E+03   0.3400343318385E+00   0.1073715573196E+03  -0.9123177524754E-01   0.2126527906078E+00   0.3828346657211E-01   0.2075515273886E+04   0.7552880474156E+03  -0.2846413244067E+04   0.7026932859303E+00   0.4514594503924E+00   0.4631204865106E+00   0.2965230607122E+00
   0.4780000000000E+01   0.5079787614661E+03   0.3400353540706E+00   0.1073727267010E+03  -0.9123081506815E-01   0.2126416463234E+00   0.3828354660337E-01   0.2078504558740E+04   0.7591476925234E+03  -0.2848180899622E+04   0.7023495728607E+00   0.4509119773665E+00   0.4636456186458E+00   0.2973486278433E+00
   0.4790000000000E+01   0.5079754139430E+03   0.3400363741132E+00   0.1073738951829E+03  -0.9122985479211E-01   0.2126304986851E+00   0.3828362716241E-01   0.2081484805404E+04   0.7630142952991E+03  -0.2849948521900E+04   0.7020049175246E+00   0.4503639044079E+00   0.4641700753134E+00   0.2981737590085E+00
   0.4800000000000E+01   0.5079720614943E+03   0.3400373884015E+00   0.1073750627670E+03  -0.9122889438249E-01   0.2126193477007E+00   0.3828370824453E-01   0.2084455998105E+04   0.7668878341799E+03  -0.2851716110916E+04   0.7016593205204E+00   0.4498152323767E+00   0.4646938558597E+00   0.2989984531316E+00
   0.4810000000000E+01   0.5079687041209E+03   0.3400383934394E+00   0.1073762294545E+03  -0.9122793380169E-01   0.2126081933777E+00   0.3828378984425E-01   0.2087418121127E+04   0.7707682875677E+03  -0.2853483666685E+04   0.7013127824474E+00   0.4492659621338E+00   0.4652169596323E+00   0.2998227091372E+00
   0.4820000000000E+01   0.5079653418234E+03   0.3400393858037E+00   0.1073773952470E+03  -0.9122697301143E-01   0.2125970357237E+00   0.3828387195535E-01   0.2090371158803E+04   0.7746556338300E+03  -0.2855251189222E+04   0.7009653039063E+00   0.4487160945410E+00   0.4657393859801E+00   0.3006465259509E+00
   0.4830000000000E+01   0.5079619746027E+03   0.3400403621488E+00   0.1073785601459E+03  -0.9122601197289E-01   0.2125858747457E+00   0.3828395457088E-01   0.2093315095519E+04   0.7785498512995E+03  -0.2857018678542E+04   0.7006168854988E+00   0.4481656304608E+00   0.4662611342532E+00   0.3014699024986E+00
   0.4840000000000E+01   0.5079586024592E+03   0.3400413192101E+00   0.1073797241528E+03  -0.9122505064674E-01   0.2125747104509E+00   0.3828403768315E-01   0.2096249915715E+04   0.7824509182742E+03  -0.2858786134662E+04   0.7002675278277E+00   0.4476145707566E+00   0.4667822038030E+00   0.3022928377075E+00
   0.4850000000000E+01   0.5079552253937E+03   0.3400422538081E+00   0.1073808872691E+03  -0.9122408899320E-01   0.2125635428459E+00   0.3828412128382E-01   0.2099175603882E+04   0.7863588130181E+03  -0.2860553557598E+04   0.6999172314971E+00   0.4470629162924E+00   0.4673025939820E+00   0.3031153305051E+00
   0.4860000000000E+01   0.5079518434068E+03   0.3400431628521E+00   0.1073820494962E+03  -0.9122312697214E-01   0.2125523719375E+00   0.3828420536384E-01   0.2102092144566E+04   0.7902735137606E+03  -0.2862320947368E+04   0.6995659971119E+00   0.4465106679333E+00   0.4678223041441E+00   0.3039373798201E+00
   0.4870000000000E+01   0.5079484564991E+03   0.3400440433435E+00   0.1073832108357E+03  -0.9122216454312E-01   0.2125411977320E+00   0.3828428991352E-01   0.2104999522363E+04   0.7941949986972E+03  -0.2864088303988E+04   0.6992138252783E+00   0.4459578265450E+00   0.4683413336444E+00   0.3047589845815E+00
   0.4880000000000E+01   0.5079450646711E+03   0.3400448923791E+00   0.1073843712889E+03  -0.9122120166547E-01   0.2125300202358E+00   0.3828437492255E-01   0.2107897721924E+04   0.7981232459892E+03  -0.2865855627475E+04   0.6988607166037E+00   0.4454043929940E+00   0.4688596818391E+00   0.3055801437195E+00
   0.4890000000000E+01   0.5079416679234E+03   0.3400457071542E+00   0.1073855308575E+03  -0.9122023829838E-01   0.2125188394547E+00   0.3828446037999E-01   0.2110786727953E+04   0.8020582337643E+03  -0.2867622917848E+04   0.6985066716963E+00   0.4448503681477E+00   0.4693773480860E+00   0.3064008561647E+00
   0.4900000000000E+01   0.5079382662563E+03   0.3400464849652E+00   0.1073866895429E+03  -0.9121927440089E-01   0.2125076553949E+00   0.3828454627434E-01   0.2113666525205E+04   0.8059999401161E+03  -0.2869390175125E+04   0.6981516911657E+00   0.4442957528743E+00   0.4698943317437E+00   0.3072211208486E+00
   0.4910000000000E+01   0.5079348596706E+03   0.3400472232128E+00   0.1073878473465E+03  -0.9121830993206E-01   0.2124964680618E+00   0.3828463259353E-01   0.2116537098490E+04   0.8099483431050E+03  -0.2871157399325E+04   0.6977957756226E+00   0.4437405480426E+00   0.4704106321725E+00   0.3080409367035E+00
   0.4920000000000E+01   0.5079314481664E+03   0.3400479194039E+00   0.1073890042698E+03  -0.9121734485093E-01   0.2124852774612E+00   0.3828471932496E-01   0.2119398432672E+04   0.8139034207576E+03  -0.2872924590466E+04   0.6974389256786E+00   0.4431847545225E+00   0.4709262487337E+00   0.3088603026624E+00
   0.4930000000000E+01   0.5079280317444E+03   0.3400485711540E+00   0.1073901603142E+03  -0.9121637911667E-01   0.2124740835983E+00   0.3828480645550E-01   0.2122250512665E+04   0.8178651510673E+03  -0.2874691748569E+04   0.6970811419467E+00   0.4426283731844E+00   0.4714411807898E+00   0.3096792176590E+00
   0.4940000000000E+01   0.5079246104048E+03   0.3400491761895E+00   0.1073913154813E+03  -0.9121541268859E-01   0.2124628864783E+00   0.3828489397156E-01   0.2125093323439E+04   0.8218335119943E+03  -0.2876458873652E+04   0.6967224250408E+00   0.4420714048997E+00   0.4719554277049E+00   0.3104976806279E+00
   0.4950000000000E+01   0.5079211841481E+03   0.3400497323493E+00   0.1073924697725E+03  -0.9121444552622E-01   0.2124516861063E+00   0.3828498185907E-01   0.2127926850018E+04   0.8258084814657E+03  -0.2878225965736E+04   0.6963627755759E+00   0.4415138505403E+00   0.4724689888440E+00   0.3113156905042E+00
   0.4960000000000E+01   0.5079177529745E+03   0.3400502375866E+00   0.1073936231892E+03  -0.9121347758935E-01   0.2124404824871E+00   0.3828507010355E-01   0.2130751077476E+04   0.8297900373757E+03  -0.2879993024842E+04   0.6960021941683E+00   0.4409557109792E+00   0.4729818635735E+00   0.3121332462240E+00
   0.4970000000000E+01   0.5079143168844E+03   0.3400506899701E+00   0.1073947757328E+03  -0.9121250883813E-01   0.2124292756254E+00   0.3828515869009E-01   0.2133565990944E+04   0.8337781575855E+03  -0.2881760050990E+04   0.6956406814353E+00   0.4403969870900E+00   0.4734940512611E+00   0.3129503467240E+00
   0.4980000000000E+01   0.5079108758781E+03   0.3400510876858E+00   0.1073959274048E+03  -0.9121153923307E-01   0.2124180655258E+00   0.3828524760341E-01   0.2136371575606E+04   0.8377728199238E+03  -0.2883527044201E+04   0.6952782379953E+00   0.4398376797470E+00   0.4740055512758E+00   0.3137669909417E+00
   0.4990000000000E+01   0.5079074299557E+03   0.3400514290372E+00   0.1073970782067E+03  -0.9121056873515E-01   0.2124068521927E+00   0.3828533682787E-01   0.2139167816697E+04   0.8417740021867E+03  -0.2885294004498E+04   0.6949148644679E+00   0.4392777898255E+00   0.4745163629878E+00   0.3145831778153E+00
   0.5000000000000E+01   0.5079039791176E+03   0.3400517124471E+00   0.1073982281397E+03  -0.9120959730584E-01   0.2123956356302E+00   0.3828542634753E-01   0.2141954699510E+04   0.8457816821378E+03  -0.2887060931901E+04   0.6945505614739E+00   0.4387173182014E+00   0.4750264857684E+00   0.3153989062838E+00
   0.5010000000000E+01   0.5079005233640E+03   0.3400519364574E+00   0.1073993772053E+03  -0.9120862490717E-01   0.2123844158426E+00   0.3828551614610E-01   0.2144732209388E+04   0.8497958375086E+03  -0.2888827826434E+04   0.6941853296348E+00   0.4381562657512E+00   0.4755359189906E+00   0.3162141752871E+00
   0.5020000000000E+01   0.5078970626950E+03   0.3400520997302E+00   0.1074005254050E+03  -0.9120765150176E-01   0.2123731928337E+00   0.3828560620707E-01   0.2147500331731E+04   0.8538164459983E+03  -0.2890594688119E+04   0.6938191695738E+00   0.4375946333525E+00   0.4760446620283E+00   0.3170289837654E+00
   0.5030000000000E+01   0.5078935971108E+03   0.3400522010479E+00   0.1074016727400E+03  -0.9120667705288E-01   0.2123619666074E+00   0.3828569651365E-01   0.2150259051990E+04   0.8578434852740E+03  -0.2892361516979E+04   0.6934520819149E+00   0.4370324218835E+00   0.4765527142567E+00   0.3178433306602E+00
   0.5040000000000E+01   0.5078901266114E+03   0.3400522393129E+00   0.1074028192117E+03  -0.9120570152453E-01   0.2123507371673E+00   0.3828578704885E-01   0.2153008355672E+04   0.8618769329711E+03  -0.2894128313037E+04   0.6930840672832E+00   0.4364696322229E+00   0.4770600750524E+00   0.3186572149134E+00
   0.5050000000000E+01   0.5078866511971E+03   0.3400522135480E+00   0.1074039648216E+03  -0.9120472488141E-01   0.2123395045170E+00   0.3828587779549E-01   0.2155748228338E+04   0.8659167666931E+03  -0.2895895076318E+04   0.6927151263050E+00   0.4359062652506E+00   0.4775667437933E+00   0.3194706354677E+00
   0.5060000000000E+01   0.5078831708679E+03   0.3400521228959E+00   0.1074051095708E+03  -0.9120374708905E-01   0.2123282686598E+00   0.3828596873621E-01   0.2158478655602E+04   0.8699629640120E+03  -0.2897661806845E+04   0.6923452596079E+00   0.4353423218468E+00   0.4780727198584E+00   0.3202835912667E+00
   0.5070000000000E+01   0.5078796856238E+03   0.3400519666187E+00   0.1074062534608E+03  -0.9120276811379E-01   0.2123170295990E+00   0.3828605985353E-01   0.2161199623134E+04   0.8740155024681E+03  -0.2899428504643E+04   0.6919744678203E+00   0.4347778028927E+00   0.4785780026280E+00   0.3210960812546E+00
   0.5080000000000E+01   0.5078761954649E+03   0.3400517440973E+00   0.1074073964929E+03  -0.9120178792284E-01   0.2123057873377E+00   0.3828615112985E-01   0.2163911116657E+04   0.8780743595706E+03  -0.2901195169737E+04   0.6916027515720E+00   0.4342127092702E+00   0.4790825914838E+00   0.3219081043766E+00
   0.5090000000000E+01   0.5078727003912E+03   0.3400514548306E+00   0.1074085386683E+03  -0.9120080648432E-01   0.2122945418790E+00   0.3828624254749E-01   0.2166613121948E+04   0.8821395127972E+03  -0.2902961802151E+04   0.6912301114939E+00   0.4336470418618E+00   0.4795864858087E+00   0.3227196595783E+00
   0.5100000000000E+01   0.5078692004026E+03   0.3400510984342E+00   0.1074096799884E+03  -0.9119982376730E-01   0.2122832932256E+00   0.3828633408873E-01   0.2169305624840E+04   0.8862109395948E+03  -0.2904728401912E+04   0.6908565482178E+00   0.4330808015507E+00   0.4800896849868E+00   0.3235307458064E+00
   0.5110000000000E+01   0.5078656954992E+03   0.3400506746399E+00   0.1074108204543E+03  -0.9119883974184E-01   0.2122720413804E+00   0.3828642573578E-01   0.2171988611218E+04   0.8902886173791E+03  -0.2906494969046E+04   0.6904820623770E+00   0.4325139892210E+00   0.4805921884035E+00   0.3243413620082E+00
   0.5120000000000E+01   0.5078621856808E+03   0.3400501832937E+00   0.1074119600674E+03  -0.9119785437898E-01   0.2122607863459E+00   0.3828651747089E-01   0.2174662067025E+04   0.8943725235351E+03  -0.2908261503579E+04   0.6901066546056E+00   0.4319466057573E+00   0.4810939954455E+00   0.3251515071318E+00
   0.5130000000000E+01   0.5078586709473E+03   0.3400496243546E+00   0.1074130988290E+03  -0.9119686765082E-01   0.2122495281247E+00   0.3828660927629E-01   0.2177325978256E+04   0.8984626354170E+03  -0.2910028005537E+04   0.6897303255391E+00   0.4313786520451E+00   0.4815951055007E+00   0.3259611801262E+00
   0.5140000000000E+01   0.5078551512987E+03   0.3400489978931E+00   0.1074142367401E+03  -0.9119587953054E-01   0.2122382667192E+00   0.3828670113428E-01   0.2179980330961E+04   0.9025589303487E+03  -0.2911794474947E+04   0.6893530758140E+00   0.4308101289703E+00   0.4820955179583E+00   0.3267703799411E+00
   0.5150000000000E+01   0.5078516267348E+03   0.3400483040892E+00   0.1074153738020E+03  -0.9119488999239E-01   0.2122270021317E+00   0.3828679302723E-01   0.2182625111245E+04   0.9066613856233E+03  -0.2913560911837E+04   0.6889749060681E+00   0.4302410374198E+00   0.4825952322088E+00   0.3275791055268E+00
   0.5160000000000E+01   0.5078480972554E+03   0.3400475432305E+00   0.1074165100159E+03  -0.9119389901175E-01   0.2122157343642E+00   0.3828688493758E-01   0.2185260305269E+04   0.9107699785039E+03  -0.2915327316235E+04   0.6885958169401E+00   0.4296713782810E+00   0.4830942476439E+00   0.3283873558347E+00
   0.5170000000000E+01   0.5078445628604E+03   0.3400467157102E+00   0.1074176453829E+03  -0.9119290656516E-01   0.2122044634189E+00   0.3828697684792E-01   0.2187885899248E+04   0.9148846862233E+03  -0.2917093688169E+04   0.6882158090700E+00   0.4291011524420E+00   0.4835925636565E+00   0.3291951298169E+00
   0.5180000000000E+01   0.5078410235495E+03   0.3400458220250E+00   0.1074187799043E+03  -0.9119191263028E-01   0.2121931892977E+00   0.3828706874094E-01   0.2190501879450E+04   0.9190054859844E+03  -0.2918860027667E+04   0.6878348830990E+00   0.4285303607917E+00   0.4840901796409E+00   0.3300024264261E+00
   0.5190000000000E+01   0.5078374793225E+03   0.3400448627725E+00   0.1074199135810E+03  -0.9119091718599E-01   0.2121819120024E+00   0.3828716059954E-01   0.2193108232202E+04   0.9231323549601E+03  -0.2920626334758E+04   0.6874530396694E+00   0.4279590042194E+00   0.4845870949926E+00   0.3308092446161E+00
   0.5200000000000E+01   0.5078339301792E+03   0.3400438386491E+00   0.1074210464143E+03  -0.9118992021232E-01   0.2121706315349E+00   0.3828725240676E-01   0.2195704943883E+04   0.9272652702936E+03  -0.2922392609471E+04   0.6870702794246E+00   0.4273870836154E+00   0.4850833091082E+00   0.3316155833414E+00
   0.5210000000000E+01   0.5078303761192E+03   0.3400427504470E+00   0.1074221784053E+03  -0.9118892169054E-01   0.2121593478966E+00   0.3828734414588E-01   0.2198292000927E+04   0.9314042090984E+03  -0.2924158851836E+04   0.6866866030092E+00   0.4268145998703E+00   0.4855788213857E+00   0.3324214415571E+00
   0.5220000000000E+01   0.5078268171424E+03   0.3400415990521E+00   0.1074233095549E+03  -0.9118792160312E-01   0.2121480610892E+00   0.3828743580038E-01   0.2200869389826E+04   0.9355491484587E+03  -0.2925925061883E+04   0.6863020110690E+00   0.4262415538757E+00   0.4860736312244E+00   0.3332268182194E+00
   0.5230000000000E+01   0.5078232532483E+03   0.3400403854406E+00   0.1074244398643E+03  -0.9118691993378E-01   0.2121367711141E+00   0.3828752735400E-01   0.2203437097124E+04   0.9397000654292E+03  -0.2927691239641E+04   0.6859165042509E+00   0.4256679465236E+00   0.4865677380247E+00   0.3340317122853E+00
   0.5240000000000E+01   0.5078196844366E+03   0.3400391106767E+00   0.1074255693344E+03  -0.9118591666744E-01   0.2121254779726E+00   0.3828761879074E-01   0.2205995109423E+04   0.9438569370354E+03  -0.2929457385142E+04   0.6855300832029E+00   0.4250937787066E+00   0.4870611411883E+00   0.3348361227125E+00
   0.5250000000000E+01   0.5078161107069E+03   0.3400377759092E+00   0.1074266979664E+03  -0.9118491179028E-01   0.2121141816660E+00   0.3828771009490E-01   0.2208543413378E+04   0.9480197402738E+03  -0.2931223498417E+04   0.6851427485743E+00   0.4245190513183E+00   0.4875538401181E+00   0.3356400484596E+00
   0.5260000000000E+01   0.5078125320590E+03   0.3400363823686E+00   0.1074278257612E+03  -0.9118390528972E-01   0.2121028821954E+00   0.3828780125105E-01   0.2211081995701E+04   0.9521884521119E+03  -0.2932989579497E+04   0.6847545010155E+00   0.4239437652525E+00   0.4880458342185E+00   0.3364434884859E+00
   0.5270000000000E+01   0.5078089484922E+03   0.3400349313641E+00   0.1074289527197E+03  -0.9118289715443E-01   0.2120915795619E+00   0.3828789224412E-01   0.2213610843160E+04   0.9563630494884E+03  -0.2934755628413E+04   0.6843653411781E+00   0.4233679214039E+00   0.4885371228946E+00   0.3372464417518E+00
   0.5280000000000E+01   0.5078053600063E+03   0.3400334242800E+00   0.1074300788429E+03  -0.9118188737431E-01   0.2120802737664E+00   0.3828798305935E-01   0.2216129942576E+04   0.9605435093134E+03  -0.2936521645198E+04   0.6839752697147E+00   0.4227915206677E+00   0.4890277055532E+00   0.3380489072184E+00
   0.5290000000000E+01   0.5078017666008E+03   0.3400318625729E+00   0.1074312041318E+03  -0.9118087594050E-01   0.2120689648099E+00   0.3828807368232E-01   0.2218639280828E+04   0.9647298084683E+03  -0.2938287629883E+04   0.6835842872794E+00   0.4222145639397E+00   0.4895175816023E+00   0.3388508838476E+00
   0.5300000000000E+01   0.5077981682751E+03   0.3400302477681E+00   0.1074323285873E+03  -0.9117986284540E-01   0.2120576526931E+00   0.3828816409902E-01   0.2221138844850E+04   0.9689219238063E+03  -0.2940053582503E+04   0.6831923945271E+00   0.4216370521163E+00   0.4900067504507E+00   0.3396523706022E+00
   0.5310000000000E+01   0.5077945650288E+03   0.3400285814562E+00   0.1074334522102E+03  -0.9117884808261E-01   0.2120463374168E+00   0.3828825429577E-01   0.2223628621631E+04   0.9731198321522E+03  -0.2941819503089E+04   0.6827995921141E+00   0.4210589860947E+00   0.4904952115090E+00   0.3404533664460E+00
   0.5320000000000E+01   0.5077909568614E+03   0.3400268652896E+00   0.1074345750014E+03  -0.9117783164697E-01   0.2120350189816E+00   0.3828834425933E-01   0.2226108598218E+04   0.9773235103027E+03  -0.2943585391676E+04   0.6824058806978E+00   0.4204803667726E+00   0.4909829641886E+00   0.3412538703435E+00
   0.5330000000000E+01   0.5077873437723E+03   0.3400251009791E+00   0.1074356969618E+03  -0.9117681353452E-01   0.2120236973880E+00   0.3828843397683E-01   0.2228578761710E+04   0.9815329350265E+03  -0.2945351248297E+04   0.6820112609368E+00   0.4199011950480E+00   0.4914700079023E+00   0.3420538812602E+00
   0.5340000000000E+01   0.5077837257610E+03   0.3400232902905E+00   0.1074368180921E+03  -0.9117579374250E-01   0.2120123726366E+00   0.3828852343583E-01   0.2231039099266E+04   0.9857480830646E+03  -0.2947117072986E+04   0.6816157334908E+00   0.4193214718200E+00   0.4919563420642E+00   0.3428533981623E+00
   0.5350000000000E+01   0.5077801028269E+03   0.3400214350406E+00   0.1074379383933E+03  -0.9117477226936E-01   0.2120010447277E+00   0.3828861262435E-01   0.2233489598098E+04   0.9899689311301E+03  -0.2948882865778E+04   0.6812192990207E+00   0.4187411979878E+00   0.4924419660893E+00   0.3436524200171E+00
   0.5360000000000E+01   0.5077764749694E+03   0.3400195370943E+00   0.1074390578661E+03  -0.9117374911469E-01   0.2119897136616E+00   0.3828870153080E-01   0.2235930245476E+04   0.9941954559085E+03  -0.2950648626708E+04   0.6808219581887E+00   0.4181603744516E+00   0.4929268793941E+00   0.3444509457926E+00
   0.5370000000000E+01   0.5077728421878E+03   0.3400175983601E+00   0.1074401765112E+03  -0.9117272427926E-01   0.2119783794386E+00   0.3828879014407E-01   0.2238361028725E+04   0.9984276340580E+03  -0.2952414355811E+04   0.6804237116579E+00   0.4175790021120E+00   0.4934110813962E+00   0.3452489744579E+00
   0.5380000000000E+01   0.5077692044816E+03   0.3400156207873E+00   0.1074412943294E+03  -0.9117169776495E-01   0.2119670420589E+00   0.3828887845350E-01   0.2240781935226E+04   0.1002665442209E+04  -0.2954180053122E+04   0.6800245600930E+00   0.4169970818700E+00   0.4938945715144E+00   0.3460465049829E+00
   0.5390000000000E+01   0.5077655618500E+03   0.3400136063619E+00   0.1074424113214E+03  -0.9117066957479E-01   0.2119557015226E+00   0.3828896644889E-01   0.2243192952417E+04   0.1006908856966E+04  -0.2955945718678E+04   0.6796245041594E+00   0.4164146146274E+00   0.4943773491689E+00   0.3468435363382E+00
   0.5400000000000E+01   0.5077619142924E+03   0.3400115571031E+00   0.1074435274879E+03  -0.9116963971287E-01   0.2119443578297E+00   0.3828905412053E-01   0.2245594067791E+04   0.1011157854906E+04  -0.2957711352515E+04   0.6792235445240E+00   0.4158316012865E+00   0.4948594137807E+00   0.3476400674958E+00
   0.5410000000000E+01   0.5077582618080E+03   0.3400094750595E+00   0.1074446428296E+03  -0.9116860818439E-01   0.2119330109803E+00   0.3828914145917E-01   0.2247985268899E+04   0.1015412412577E+04  -0.2959476954670E+04   0.6788216818547E+00   0.4152480427501E+00   0.4953407647723E+00   0.3484360974282E+00
   0.5420000000000E+01   0.5077546043962E+03   0.3400073623059E+00   0.1074457573471E+03  -0.9116757499557E-01   0.2119216609741E+00   0.3828922845605E-01   0.2250366543348E+04   0.1019672506503E+04  -0.2961242525178E+04   0.6784189168207E+00   0.4146639399218E+00   0.4958214015673E+00   0.3492316251089E+00
   0.5430000000000E+01   0.5077509420562E+03   0.3400052209391E+00   0.1074468710410E+03  -0.9116654015367E-01   0.2119103078111E+00   0.3828931510290E-01   0.2252737878799E+04   0.1023938113180E+04  -0.2963008064079E+04   0.6780152500923E+00   0.4140792937054E+00   0.4963013235906E+00   0.3500266495125E+00
   0.5440000000000E+01   0.5077472747873E+03   0.3400030530748E+00   0.1074479839121E+03  -0.9116550366696E-01   0.2118989514911E+00   0.3828940139193E-01   0.2255099262972E+04   0.1028209209078E+04  -0.2964773571409E+04   0.6776106823410E+00   0.4134941050054E+00   0.4967805302681E+00   0.3508211696145E+00
   0.5450000000000E+01   0.5077436025885E+03   0.3400008608438E+00   0.1074490959608E+03  -0.9116446554465E-01   0.2118875920136E+00   0.3828948731585E-01   0.2257450683643E+04   0.1032485770641E+04  -0.2966539047207E+04   0.6772052142395E+00   0.4129083747269E+00   0.4972590210271E+00   0.3516151843911E+00
   0.5460000000000E+01   0.5077399254592E+03   0.3399986463885E+00   0.1074502071877E+03  -0.9116342579691E-01   0.2118762293785E+00   0.3828957286789E-01   0.2259792128645E+04   0.1036767774285E+04  -0.2968304491511E+04   0.6767988464617E+00   0.4123221037755E+00   0.4977367952958E+00   0.3524086928197E+00
   0.5470000000000E+01   0.5077362433985E+03   0.3399964118594E+00   0.1074513175933E+03  -0.9116238443485E-01   0.2118648635854E+00   0.3828965804174E-01   0.2262123585866E+04   0.1041055196403E+04  -0.2970069904359E+04   0.6763915796825E+00   0.4117352930574E+00   0.4982138525039E+00   0.3532016938786E+00
   0.5480000000000E+01   0.5077325564056E+03   0.3399941594117E+00   0.1074524271783E+03  -0.9116134147040E-01   0.2118534946336E+00   0.3828974283160E-01   0.2264445043252E+04   0.1045348013359E+04  -0.2971835285792E+04   0.6759834145783E+00   0.4111479434792E+00   0.4986901920821E+00   0.3539941865470E+00
   0.5490000000000E+01   0.5077288644796E+03   0.3399918912018E+00   0.1074535359430E+03  -0.9116029691641E-01   0.2118421225229E+00   0.3828982723219E-01   0.2266756488806E+04   0.1049646201493E+04  -0.2973600635847E+04   0.6755743518263E+00   0.4105600559481E+00   0.4991658134622E+00   0.3547861698051E+00
   0.5500000000000E+01   0.5077251676196E+03   0.3399896093838E+00   0.1074546438880E+03  -0.9115925078650E-01   0.2118307472525E+00   0.3828991123869E-01   0.2269057910587E+04   0.1053949737119E+04  -0.2975365954566E+04   0.6751643921051E+00   0.4099716313719E+00   0.4996407160775E+00   0.3555776426341E+00
   0.5510000000000E+01   0.5077214658247E+03   0.3399873161065E+00   0.1074557510137E+03  -0.9115820309509E-01   0.2118193688219E+00   0.3828999484680E-01   0.2271349296711E+04   0.1058258596525E+04  -0.2977131241988E+04   0.6747535360945E+00   0.4093826706588E+00   0.5001148993621E+00   0.3563686040162E+00
   0.5520000000000E+01   0.5077177590940E+03   0.3399850135100E+00   0.1074568573205E+03  -0.9115715385737E-01   0.2118079872304E+00   0.3829007805270E-01   0.2273630635350E+04   0.1062572755974E+04  -0.2978896498154E+04   0.6743417844753E+00   0.4087931747175E+00   0.5005883627514E+00   0.3571590529343E+00
   0.5530000000000E+01   0.5077140474266E+03   0.3399827037224E+00   0.1074579628089E+03  -0.9115610308923E-01   0.2117966024773E+00   0.3829016085307E-01   0.2275901914735E+04   0.1066892191703E+04  -0.2980661723104E+04   0.6739291379297E+00   0.4082031444575E+00   0.5010611056821E+00   0.3579489883727E+00
   0.5540000000000E+01   0.5077103308214E+03   0.3399803888569E+00   0.1074590674792E+03  -0.9115505080723E-01   0.2117852145618E+00   0.3829024324507E-01   0.2278163123153E+04   0.1071216879926E+04  -0.2982426916880E+04   0.6735155971408E+00   0.4076125807885E+00   0.5015331275919E+00   0.3587384093163E+00
   0.5550000000000E+01   0.5077066092776E+03   0.3399780710083E+00   0.1074601713318E+03  -0.9115399702861E-01   0.2117738234831E+00   0.3829032522632E-01   0.2280414248947E+04   0.1075546796829E+04  -0.2984192079523E+04   0.6731011627932E+00   0.4070214846209E+00   0.5020044279198E+00   0.3595273147514E+00
   0.5560000000000E+01   0.5077028827940E+03   0.3399757522506E+00   0.1074612743671E+03  -0.9115294177120E-01   0.2117624292404E+00   0.3829040679495E-01   0.2282655280519E+04   0.1079881918576E+04  -0.2985957211076E+04   0.6726858355724E+00   0.4064298568654E+00   0.5024750061058E+00   0.3603157036649E+00
   0.5570000000000E+01   0.5076991513698E+03   0.3399734346338E+00   0.1074623765853E+03  -0.9115188505341E-01   0.2117510318328E+00   0.3829048794954E-01   0.2284886206326E+04   0.1084222221305E+04  -0.2987722311580E+04   0.6722696161652E+00   0.4058376984336E+00   0.5029448615912E+00   0.3611035750450E+00
   0.5580000000000E+01   0.5076954150038E+03   0.3399711201810E+00   0.1074634779868E+03  -0.9115082689418E-01   0.2117396312593E+00   0.3829056868912E-01   0.2287107014884E+04   0.1088567681129E+04  -0.2989487381077E+04   0.6718525052595E+00   0.4052450102372E+00   0.5034139938184E+00   0.3618909278806E+00
   0.5590000000000E+01   0.5076916736950E+03   0.3399688108857E+00   0.1074645785718E+03  -0.9114976731296E-01   0.2117282275189E+00   0.3829064901320E-01   0.2289317694765E+04   0.1092918274137E+04  -0.2991252419612E+04   0.6714345035443E+00   0.4046517931886E+00   0.5038824022309E+00   0.3626777611620E+00
   0.5600000000000E+01   0.5076879274423E+03   0.3399665087092E+00   0.1074656783406E+03  -0.9114870632967E-01   0.2117168206107E+00   0.3829072892172E-01   0.2291518234600E+04   0.1097273976395E+04  -0.2993017427227E+04   0.6710156117101E+00   0.4040580482006E+00   0.5043500862735E+00   0.3634640738801E+00
   0.5610000000000E+01   0.5076841762447E+03   0.3399642155783E+00   0.1074667772934E+03  -0.9114764396464E-01   0.2117054105335E+00   0.3829080841507E-01   0.2293708623075E+04   0.1101634763942E+04  -0.2994782403966E+04   0.6705958304481E+00   0.4034637761868E+00   0.5048170453920E+00   0.3642498650272E+00
   0.5620000000000E+01   0.5076804201010E+03   0.3399619333821E+00   0.1074678754305E+03  -0.9114658023859E-01   0.2116939972862E+00   0.3829088749405E-01   0.2295888848935E+04   0.1106000612796E+04  -0.2996547349873E+04   0.6701751604510E+00   0.4028689780609E+00   0.5052832790335E+00   0.3650351335963E+00
   0.5630000000000E+01   0.5076766590100E+03   0.3399596639704E+00   0.1074689727520E+03  -0.9114551517260E-01   0.2116825808679E+00   0.3829096615991E-01   0.2298058900982E+04   0.1110371498950E+04  -0.2998312264991E+04   0.6697536024126E+00   0.4022736547374E+00   0.5057487866462E+00   0.3658198785817E+00
   0.5640000000000E+01   0.5076728929707E+03   0.3399574091511E+00   0.1074700692581E+03  -0.9114444878807E-01   0.2116711612771E+00   0.3829104441429E-01   0.2300218768076E+04   0.1114747398372E+04  -0.3000077149367E+04   0.6693311570277E+00   0.4016778071311E+00   0.5062135676792E+00   0.3666040989784E+00
   0.5650000000000E+01   0.5076691219819E+03   0.3399551706878E+00   0.1074711649489E+03  -0.9114338110665E-01   0.2116597385129E+00   0.3829112225923E-01   0.2302368439133E+04   0.1119128287009E+04  -0.3001842003043E+04   0.6689078249924E+00   0.4010814361574E+00   0.5066776215832E+00   0.3673877937828E+00
   0.5660000000000E+01   0.5076653460423E+03   0.3399529502982E+00   0.1074722598246E+03  -0.9114231215025E-01   0.2116483125739E+00   0.3829119969716E-01   0.2304507903128E+04   0.1123514140782E+04  -0.3003606826067E+04   0.6684836070040E+00   0.4004845427321E+00   0.5071409478098E+00   0.3681709619921E+00
   0.5670000000000E+01   0.5076615651509E+03   0.3399507496516E+00   0.1074733538853E+03  -0.9114124194098E-01   0.2116368834588E+00   0.3829127673091E-01   0.2306637149093E+04   0.1127904935590E+04  -0.3005371618484E+04   0.6680585037608E+00   0.3998871277718E+00   0.5076035458116E+00   0.3689536026045E+00
   0.5680000000000E+01   0.5076577793063E+03   0.3399485703675E+00   0.1074744471310E+03  -0.9114017050110E-01   0.2116254511665E+00   0.3829135336364E-01   0.2308756166118E+04   0.1132300647309E+04  -0.3007136380339E+04   0.6676325159623E+00   0.3992891921931E+00   0.5080654150427E+00   0.3697357146195E+00
   0.5690000000000E+01   0.5076539885073E+03   0.3399464140135E+00   0.1074755395618E+03  -0.9113909785301E-01   0.2116140156956E+00   0.3829142959890E-01   0.2310864943351E+04   0.1136701251792E+04  -0.3008901111680E+04   0.6672056443093E+00   0.3986907369134E+00   0.5085265549579E+00   0.3705172970373E+00
   0.5700000000000E+01   0.5076501927527E+03   0.3399442821039E+00   0.1074766311778E+03  -0.9113802401919E-01   0.2116025770447E+00   0.3829150544054E-01   0.2312963469997E+04   0.1141106724868E+04  -0.3010665812552E+04   0.6667778895035E+00   0.3980917628507E+00   0.5089869650137E+00   0.3712983488595E+00
   0.5710000000000E+01   0.5076463920411E+03   0.3399421760979E+00   0.1074777219789E+03  -0.9113694902219E-01   0.2115911352125E+00   0.3829158089279E-01   0.2315051735319E+04   0.1145517042344E+04  -0.3012430483003E+04   0.6663492522480E+00   0.3974922709232E+00   0.5094466446672E+00   0.3720788690885E+00
   0.5720000000000E+01   0.5076425863714E+03   0.3399400973984E+00   0.1074788119652E+03  -0.9113587288458E-01   0.2115796901976E+00   0.3829165596016E-01   0.2317129728639E+04   0.1149932180004E+04  -0.3014195123080E+04   0.6659197332469E+00   0.3968922620498E+00   0.5099055933769E+00   0.3728588567278E+00
   0.5730000000000E+01   0.5076387757421E+03   0.3399380473502E+00   0.1074799011367E+03  -0.9113479562889E-01   0.2115682419987E+00   0.3829173064746E-01   0.2319197439334E+04   0.1154352113612E+04  -0.3015959732831E+04   0.6654893332053E+00   0.3962917371497E+00   0.5103638106026E+00   0.3736383107820E+00
   0.5740000000000E+01   0.5076349601520E+03   0.3399360272397E+00   0.1074809894932E+03  -0.9113371727763E-01   0.2115567906142E+00   0.3829180495982E-01   0.2321254856842E+04   0.1158776818906E+04  -0.3017724312304E+04   0.6650580528298E+00   0.3956906971428E+00   0.5108212958048E+00   0.3744172302567E+00
   0.5750000000000E+01   0.5076311395997E+03   0.3399340382927E+00   0.1074820770348E+03  -0.9113263785321E-01   0.2115453360427E+00   0.3829187890262E-01   0.2323301970658E+04   0.1163206271603E+04  -0.3019488861547E+04   0.6646258928279E+00   0.3950891429494E+00   0.5112780484456E+00   0.3751956141587E+00
   0.5760000000000E+01   0.5076273140838E+03   0.3399320816741E+00   0.1074831637613E+03  -0.9113155737793E-01   0.2115338782828E+00   0.3829195248150E-01   0.2325338770334E+04   0.1167640447400E+04  -0.3021253380610E+04   0.6641928539082E+00   0.3944870754902E+00   0.5117340679879E+00   0.3759734614957E+00
   0.5770000000000E+01   0.5076234836030E+03   0.3399301584868E+00   0.1074842496726E+03  -0.9113047587394E-01   0.2115224173329E+00   0.3829202570236E-01   0.2327365245481E+04   0.1172079321969E+04  -0.3023017869540E+04   0.6637589367805E+00   0.3938844956865E+00   0.5121893538960E+00   0.3767507712764E+00
   0.5780000000000E+01   0.5076196481559E+03   0.3399282697709E+00   0.1074853347687E+03  -0.9112939336320E-01   0.2115109531917E+00   0.3829209857133E-01   0.2329381385769E+04   0.1176522870963E+04  -0.3024782328388E+04   0.6633241421558E+00   0.3932814044601E+00   0.5126439056352E+00   0.3775275425109E+00
   0.5790000000000E+01   0.5076158077410E+03   0.3399264165032E+00   0.1074864190494E+03  -0.9112830986748E-01   0.2114994858576E+00   0.3829217109475E-01   0.2331387180924E+04   0.1180971070012E+04  -0.3026546757204E+04   0.6628884707462E+00   0.3926778027331E+00   0.5130977226718E+00   0.3783037742099E+00
   0.5800000000000E+01   0.5076119623569E+03   0.3399245995963E+00   0.1074875025144E+03  -0.9112722540828E-01   0.2114880153290E+00   0.3829224327917E-01   0.2333382620733E+04   0.1185423894724E+04  -0.3028311156037E+04   0.6624519232647E+00   0.3920736914284E+00   0.5135508044736E+00   0.3790794653856E+00
   0.5810000000000E+01   0.5076081120021E+03   0.3399228198985E+00   0.1074885851637E+03  -0.9112614000685E-01   0.2114765416045E+00   0.3829231513133E-01   0.2335367695037E+04   0.1189881320686E+04  -0.3030075524937E+04   0.6620145004258E+00   0.3914690714691E+00   0.5140031505093E+00   0.3798546150511E+00
   0.5820000000000E+01   0.5076042566753E+03   0.3399210781930E+00   0.1074896669969E+03  -0.9112505368413E-01   0.2114650646826E+00   0.3829238665814E-01   0.2337342393740E+04   0.1194343323465E+04  -0.3031839863957E+04   0.6615762029449E+00   0.3908639437790E+00   0.5144547602487E+00   0.3806292222203E+00
   0.5830000000000E+01   0.5076003963748E+03   0.3399193751984E+00   0.1074907480140E+03  -0.9112396646073E-01   0.2114535845615E+00   0.3829245786667E-01   0.2339306706802E+04   0.1198809878606E+04  -0.3033604173145E+04   0.6611370315384E+00   0.3902583092822E+00   0.5149056331629E+00   0.3814032859087E+00
   0.5840000000000E+01   0.5075965310993E+03   0.3399177115677E+00   0.1074918282146E+03  -0.9112287835693E-01   0.2114421012399E+00   0.3829252876413E-01   0.2341260624241E+04   0.1203280961632E+04  -0.3035368452556E+04   0.6606969869242E+00   0.3896521689033E+00   0.5153557687240E+00   0.3821768051324E+00
   0.5850000000000E+01   0.5075926608471E+03   0.3399160878889E+00   0.1074929075985E+03  -0.9112178939258E-01   0.2114306147162E+00   0.3829259935787E-01   0.2343204136133E+04   0.1207756548048E+04  -0.3037132702239E+04   0.6602560698208E+00   0.3890455235677E+00   0.5158051664053E+00   0.3829497789088E+00
   0.5860000000000E+01   0.5075887856167E+03   0.3399145046847E+00   0.1074939861654E+03  -0.9112069958718E-01   0.2114191249888E+00   0.3829266965535E-01   0.2345137232615E+04   0.1212236613336E+04  -0.3038896922247E+04   0.6598142809483E+00   0.3884383742008E+00   0.5162538256814E+00   0.3837222062564E+00
   0.5870000000000E+01   0.5075849054066E+03   0.3399129624130E+00   0.1074950639149E+03  -0.9111960895976E-01   0.2114076320561E+00   0.3829273966412E-01   0.2347059903881E+04   0.1216721132959E+04  -0.3040661112632E+04   0.6593716210276E+00   0.3878307217289E+00   0.5167017460278E+00   0.3844940861946E+00
   0.5880000000000E+01   0.5075810202153E+03   0.3399114614668E+00   0.1074961408469E+03  -0.9111851752892E-01   0.2113961359166E+00   0.3829280939183E-01   0.2348972140182E+04   0.1221210082357E+04  -0.3042425273448E+04   0.6589280907807E+00   0.3872225670785E+00   0.5171489269212E+00   0.3852654177440E+00
   0.5890000000000E+01   0.5075771300410E+03   0.3399100021747E+00   0.1074972169609E+03  -0.9111742531278E-01   0.2113846365687E+00   0.3829287884619E-01   0.2350873931829E+04   0.1225703436953E+04  -0.3044189404747E+04   0.6584836909310E+00   0.3866139111768E+00   0.5175953678395E+00   0.3860361999263E+00
   0.5900000000000E+01   0.5075732348823E+03   0.3399085848016E+00   0.1074982922565E+03  -0.9111633232897E-01   0.2113731340108E+00   0.3829294803497E-01   0.2352765269193E+04   0.1230201172149E+04  -0.3045953506583E+04   0.6580384222026E+00   0.3860047549514E+00   0.5180410682619E+00   0.3868064317642E+00
   0.5910000000000E+01   0.5075693347374E+03   0.3399072095489E+00   0.1074993667335E+03  -0.9111523859459E-01   0.2113616282414E+00   0.3829301696598E-01   0.2354646142702E+04   0.1234703263325E+04  -0.3047717579009E+04   0.6575922853209E+00   0.3853950993303E+00   0.5184860276684E+00   0.3875761122815E+00
   0.5920000000000E+01   0.5075654296048E+03   0.3399058765554E+00   0.1075004403914E+03  -0.9111414412623E-01   0.2113501192590E+00   0.3829308564708E-01   0.2356516542842E+04   0.1239209685845E+04  -0.3049481622080E+04   0.6571452810125E+00   0.3847849452421E+00   0.5189302455404E+00   0.3883452405031E+00
   0.5930000000000E+01   0.5075615194828E+03   0.3399045858978E+00   0.1075015132298E+03  -0.9111304893993E-01   0.2113386070619E+00   0.3829315408610E-01   0.2358376460158E+04   0.1243720415050E+04  -0.3051245635850E+04   0.6566974100049E+00   0.3841742936160E+00   0.5193737213604E+00   0.3891138154548E+00
   0.5940000000000E+01   0.5075576043697E+03   0.3399033375917E+00   0.1075025852482E+03  -0.9111195305113E-01   0.2113270916487E+00   0.3829322229091E-01   0.2360225885256E+04   0.1248235426263E+04  -0.3053009620374E+04   0.6562486730266E+00   0.3835631453814E+00   0.5198164546120E+00   0.3898818361638E+00
   0.5950000000000E+01   0.5075536842638E+03   0.3399021315924E+00   0.1075036564463E+03  -0.9111085647473E-01   0.2113155730177E+00   0.3829329026934E-01   0.2362064808799E+04   0.1252754694787E+04  -0.3054773575707E+04   0.6557990708076E+00   0.3829515014684E+00   0.5202584447801E+00   0.3906493016581E+00
   0.5960000000000E+01   0.5075497591635E+03   0.3399009677960E+00   0.1075047268235E+03  -0.9110975922501E-01   0.2113040511676E+00   0.3829335802921E-01   0.2363893221507E+04   0.1257278195906E+04  -0.3056537501904E+04   0.6553486040785E+00   0.3823393628076E+00   0.5206996913506E+00   0.3914162109668E+00
   0.5970000000000E+01   0.5075458290669E+03   0.3398998460402E+00   0.1075057963794E+03  -0.9110866131565E-01   0.2112925260966E+00   0.3829342557829E-01   0.2365711114163E+04   0.1261805904887E+04  -0.3058301399021E+04   0.6548972735713E+00   0.3817267303300E+00   0.5211401938105E+00   0.3921825631202E+00
   0.5980000000000E+01   0.5075418939724E+03   0.3398987661058E+00   0.1075068651135E+03  -0.9110756275971E-01   0.2112809978034E+00   0.3829349292432E-01   0.2367518477606E+04   0.1266337796973E+04  -0.3060065267115E+04   0.6544450800190E+00   0.3811136049670E+00   0.5215799516483E+00   0.3929483571496E+00
   0.5990000000000E+01   0.5075379538782E+03   0.3398977277176E+00   0.1075079330253E+03  -0.9110646356962E-01   0.2112694662864E+00   0.3829356007493E-01   0.2369315302734E+04   0.1270873847394E+04  -0.3061829106241E+04   0.6539920241555E+00   0.3804999876507E+00   0.5220189643532E+00   0.3937135920874E+00
   0.6000000000000E+01   0.5075340087826E+03   0.3398967305458E+00   0.1075090001142E+03  -0.9110536375716E-01   0.2112579315442E+00   0.3829362703772E-01   0.2371101580506E+04   0.1275414031358E+04  -0.3063592916457E+04   0.6535381067160E+00   0.3798858793137E+00   0.5224572314159E+00   0.3944782669670E+00
   0.6010000000000E+01   0.5075300586836E+03   0.3398957742072E+00   0.1075100663796E+03  -0.9110426333347E-01   0.2112463935752E+00   0.3829369382018E-01   0.2372877301937E+04   0.1279958324054E+04  -0.3065356697819E+04   0.6530833284367E+00   0.3792712808888E+00   0.5228947523282E+00   0.3952423808230E+00
   0.6020000000000E+01   0.5075261035796E+03   0.3398948582670E+00   0.1075111318211E+03  -0.9110316230903E-01   0.2112348523780E+00   0.3829376042969E-01   0.2374642458103E+04   0.1284506700655E+04  -0.3067120450385E+04   0.6526276900548E+00   0.3786561933097E+00   0.5233315265829E+00   0.3960059326908E+00
   0.6030000000000E+01   0.5075221434687E+03   0.3398939822398E+00   0.1075121964380E+03  -0.9110206069367E-01   0.2112233079512E+00   0.3829382687353E-01   0.2376397040140E+04   0.1289059136314E+04  -0.3068884174213E+04   0.6521711923086E+00   0.3780406175102E+00   0.5237675536743E+00   0.3967689216072E+00
   0.6040000000000E+01   0.5075181783490E+03   0.3398931455911E+00   0.1075132602298E+03  -0.9110095849654E-01   0.2112117602934E+00   0.3829389315886E-01   0.2378141039241E+04   0.1293615606167E+04  -0.3070647869360E+04   0.6517138359375E+00   0.3774245544249E+00   0.5242028330974E+00   0.3975313466099E+00
   0.6050000000000E+01   0.5075142082188E+03   0.3398923477395E+00   0.1075143231958E+03  -0.9109985572611E-01   0.2112002094030E+00   0.3829395929270E-01   0.2379874446658E+04   0.1298176085331E+04  -0.3072411535885E+04   0.6512556216819E+00   0.3768080049887E+00   0.5246373643488E+00   0.3982932067377E+00
   0.6060000000000E+01   0.5075102330760E+03   0.3398915880575E+00   0.1075153853354E+03  -0.9109875239019E-01   0.2111886552789E+00   0.3829402528194E-01   0.2381597253705E+04   0.1302740548906E+04  -0.3074175173847E+04   0.6507965502832E+00   0.3761909701370E+00   0.5250711469261E+00   0.3990545010303E+00
   0.6070000000000E+01   0.5075062529190E+03   0.3398908658739E+00   0.1075164466480E+03  -0.9109764849592E-01   0.2111770979195E+00   0.3829409113329E-01   0.2383309451753E+04   0.1307308971974E+04  -0.3075938783305E+04   0.6503366224840E+00   0.3755734508060E+00   0.5255041803281E+00   0.3998152285288E+00
   0.6080000000000E+01   0.5075022677456E+03   0.3398901804750E+00   0.1075175071329E+03  -0.9109654404976E-01   0.2111655373236E+00   0.3829415685332E-01   0.2385011032231E+04   0.1311881329600E+04  -0.3077702364318E+04   0.6498758390278E+00   0.3749554479319E+00   0.5259364640546E+00   0.4005753882751E+00
   0.6090000000000E+01   0.5074982775541E+03   0.3398895311064E+00   0.1075185667894E+03  -0.9109543905747E-01   0.2111539734897E+00   0.3829422244842E-01   0.2386701986630E+04   0.1316457596830E+04  -0.3079465916946E+04   0.6494142006594E+00   0.3743369624519E+00   0.5263679976070E+00   0.4013349793122E+00
   0.6100000000000E+01   0.5074942823424E+03   0.3398889169752E+00   0.1075196256168E+03  -0.9109433352416E-01   0.2111424064167E+00   0.3829428792482E-01   0.2388382306500E+04   0.1321037748695E+04  -0.3081229441249E+04   0.6489517081242E+00   0.3737179953032E+00   0.5267987804874E+00   0.4020940006842E+00
   0.6110000000000E+01   0.5074902821087E+03   0.3398883372514E+00   0.1075206836145E+03  -0.9109322745427E-01   0.2111308361032E+00   0.3829435328852E-01   0.2390051983448E+04   0.1325621760208E+04  -0.3082992937286E+04   0.6484883621691E+00   0.3730985474238E+00   0.5272288121995E+00   0.4028524514363E+00
   0.6120000000000E+01   0.5074862768509E+03   0.3398877910698E+00   0.1075217407817E+03  -0.9109212085156E-01   0.2111192625480E+00   0.3829441854536E-01   0.2391711009143E+04   0.1330209606363E+04  -0.3084756405120E+04   0.6480241635417E+00   0.3724786197523E+00   0.5276580922478E+00   0.4036103306147E+00
   0.6130000000000E+01   0.5074822665671E+03   0.3398872775323E+00   0.1075227971178E+03  -0.9109101371912E-01   0.2111076857498E+00   0.3829448370097E-01   0.2393359375311E+04   0.1334801262142E+04  -0.3086519844811E+04   0.6475591129909E+00   0.3718582132275E+00   0.5280866201384E+00   0.4043676372666E+00
   0.6140000000000E+01   0.5074782512552E+03   0.3398867957092E+00   0.1075238526219E+03  -0.9108990605940E-01   0.2110961057075E+00   0.3829454876076E-01   0.2394997073741E+04   0.1339396702505E+04  -0.3088283256419E+04   0.6470932112664E+00   0.3712373287888E+00   0.5285143953782E+00   0.4051243704405E+00
   0.6150000000000E+01   0.5074742309132E+03   0.3398863446414E+00   0.1075249072933E+03  -0.9108879787419E-01   0.2110845224198E+00   0.3829461372993E-01   0.2396624096276E+04   0.1343995902399E+04  -0.3090046640008E+04   0.6466264591191E+00   0.3706159673761E+00   0.5289414174755E+00   0.4058805291856E+00
   0.6160000000000E+01   0.5074702055392E+03   0.3398859233427E+00   0.1075259611312E+03  -0.9108768916462E-01   0.2110729358857E+00   0.3829467861346E-01   0.2398240434825E+04   0.1348598836753E+04  -0.3091809995638E+04   0.6461588573008E+00   0.3699941299300E+00   0.5293676859399E+00   0.4066361125523E+00
   0.6170000000000E+01   0.5074661751310E+03   0.3398855308011E+00   0.1075270141349E+03  -0.9108657993120E-01   0.2110613461039E+00   0.3829474341611E-01   0.2399846081350E+04   0.1353205480481E+04  -0.3093573323371E+04   0.6456904065644E+00   0.3693718173913E+00   0.5297932002820E+00   0.4073911195923E+00
   0.6180000000000E+01   0.5074621396866E+03   0.3398851659811E+00   0.1075280663035E+03  -0.9108547017381E-01   0.2110497530735E+00   0.3829480814239E-01   0.2401441027878E+04   0.1357815808480E+04  -0.3095336623272E+04   0.6452211076639E+00   0.3687490307014E+00   0.5302179600137E+00   0.4081455493579E+00
   0.6190000000000E+01   0.5074580992039E+03   0.3398848278259E+00   0.1075291176363E+03  -0.9108435989169E-01   0.2110381567932E+00   0.3829487279658E-01   0.2403025266492E+04   0.1362429795630E+04  -0.3097099895402E+04   0.6447509613542E+00   0.3681257708022E+00   0.5306419646479E+00   0.4088994009029E+00
   0.6200000000000E+01   0.5074540536807E+03   0.3398845152589E+00   0.1075301681324E+03  -0.9108324908352E-01   0.2110265572623E+00   0.3829493738273E-01   0.2404598789337E+04   0.1367047416799E+04  -0.3098863139824E+04   0.6442799683912E+00   0.3675020386361E+00   0.5310652136991E+00   0.4096526732817E+00
   0.6210000000000E+01   0.5074500031150E+03   0.3398842271860E+00   0.1075312177910E+03  -0.9108213774733E-01   0.2110149544795E+00   0.3829500190462E-01   0.2406161588616E+04   0.1371668646834E+04  -0.3100626356603E+04   0.6438081295319E+00   0.3668778351460E+00   0.5314877066827E+00   0.4104053655502E+00
   0.6220000000000E+01   0.5074459475047E+03   0.3398839624976E+00   0.1075322666113E+03  -0.9108102588060E-01   0.2110033484439E+00   0.3829506636581E-01   0.2407713656592E+04   0.1376293460571E+04  -0.3102389545802E+04   0.6433354455344E+00   0.3662531612753E+00   0.5319094431153E+00   0.4111574767649E+00
   0.6230000000000E+01   0.5074418868476E+03   0.3398837200705E+00   0.1075333145923E+03  -0.9107991348022E-01   0.2109917391547E+00   0.3829513076959E-01   0.2409254985588E+04   0.1380921832828E+04  -0.3104152707484E+04   0.6428619171575E+00   0.3656280179679E+00   0.5323304225150E+00   0.4119090059837E+00
   0.6240000000000E+01   0.5074378211415E+03   0.3398834987695E+00   0.1075343617333E+03  -0.9107880054254E-01   0.2109801266108E+00   0.3829519511901E-01   0.2410785567987E+04   0.1385553738409E+04  -0.3105915841716E+04   0.6423875451613E+00   0.3650024061682E+00   0.5327506444007E+00   0.4126599522654E+00
   0.6250000000000E+01   0.5074337503842E+03   0.3398832974502E+00   0.1075354080334E+03  -0.9107768706336E-01   0.2109685108115E+00   0.3829525941685E-01   0.2412305396230E+04   0.1390189152103E+04  -0.3107678948561E+04   0.6419123303068E+00   0.3643763268210E+00   0.5331701082929E+00   0.4134103146699E+00
   0.6260000000000E+01   0.5074296745736E+03   0.3398831149601E+00   0.1075364534916E+03  -0.9107657303794E-01   0.2109568917558E+00   0.3829532366564E-01   0.2413814462821E+04   0.1394828048682E+04  -0.3109442028085E+04   0.6414362733561E+00   0.3637497808717E+00   0.5335888137131E+00   0.4141600922579E+00
   0.6270000000000E+01   0.5074255937074E+03   0.3398829501410E+00   0.1075374981071E+03  -0.9107545846103E-01   0.2109452694430E+00   0.3829538786765E-01   0.2415312760320E+04   0.1399470402907E+04  -0.3111205080352E+04   0.6409593750722E+00   0.3631227692661E+00   0.5340067601840E+00   0.4149092840915E+00
   0.6280000000000E+01   0.5074215077834E+03   0.3398828018308E+00   0.1075385418789E+03  -0.9107434332691E-01   0.2109336438723E+00   0.3829545202491E-01   0.2416800281351E+04   0.1404116189520E+04  -0.3112968105430E+04   0.6404816362191E+00   0.3624952929506E+00   0.5344239472297E+00   0.4156578892336E+00
   0.6290000000000E+01   0.5074174167993E+03   0.3398826688653E+00   0.1075395848061E+03  -0.9107322762933E-01   0.2109220150430E+00   0.3829551613916E-01   0.2418277018593E+04   0.1408765383252E+04  -0.3114731103383E+04   0.6400030575619E+00   0.3618673528720E+00   0.5348403743754E+00   0.4164059067482E+00
   0.6300000000000E+01   0.5074133207529E+03   0.3398825500801E+00   0.1075406268879E+03  -0.9107211136163E-01   0.2109103829543E+00   0.3829558021191E-01   0.2419742964790E+04   0.1413417958818E+04  -0.3116494074279E+04   0.6395236398665E+00   0.3612389499776E+00   0.5352560411476E+00   0.4171533357004E+00
   0.6310000000000E+01   0.5074092196420E+03   0.3398824443125E+00   0.1075416681232E+03  -0.9107099451667E-01   0.2108987476056E+00   0.3829564424439E-01   0.2421198112741E+04   0.1418073890918E+04  -0.3118257018184E+04   0.6390433839001E+00   0.3606100852152E+00   0.5356709470738E+00   0.4179001751563E+00
   0.6320000000000E+01   0.5074051134641E+03   0.3398823504033E+00   0.1075427085111E+03  -0.9106987708689E-01   0.2108871089963E+00   0.3829570823758E-01   0.2422642455309E+04   0.1422733154240E+04  -0.3120019935164E+04   0.6385622904306E+00   0.3599807595332E+00   0.5360850916831E+00   0.4186464241828E+00
   0.6330000000000E+01   0.5074010022171E+03   0.3398822671985E+00   0.1075437480506E+03  -0.9106875906432E-01   0.2108754671258E+00   0.3829577219222E-01   0.2424075985414E+04   0.1427395723457E+04  -0.3121782825288E+04   0.6380803602271E+00   0.3593509738803E+00   0.5364984745055E+00   0.4193920818483E+00
   0.6340000000000E+01   0.5073968858985E+03   0.3398821935509E+00   0.1075447867409E+03  -0.9106764044061E-01   0.2108638219934E+00   0.3829583610877E-01   0.2425498696038E+04   0.1432061573227E+04  -0.3123545688623E+04   0.6375975940596E+00   0.3587207292057E+00   0.5369110950724E+00   0.4201371472219E+00
   0.6350000000000E+01   0.5073927645061E+03   0.3398821283223E+00   0.1075458245808E+03  -0.9106652120701E-01   0.2108521735987E+00   0.3829589998746E-01   0.2426910580221E+04   0.1436730678196E+04  -0.3125308525237E+04   0.6371139926990E+00   0.3580900264593E+00   0.5373229529165E+00   0.4208816193737E+00
   0.6360000000000E+01   0.5073886380374E+03   0.3398820703846E+00   0.1075468615694E+03  -0.9106540135445E-01   0.2108405219412E+00   0.3829596382827E-01   0.2428311631066E+04   0.1441403012996E+04  -0.3127071335197E+04   0.6366295569175E+00   0.3574588665912E+00   0.5377340475716E+00   0.4216254973750E+00
   0.6370000000000E+01   0.5073845064902E+03   0.3398820186216E+00   0.1075478977058E+03  -0.9106428087351E-01   0.2108288670204E+00   0.3829602763092E-01   0.2429701841733E+04   0.1446078552246E+04  -0.3128834118574E+04   0.6361442874879E+00   0.3568272505521E+00   0.5381443785727E+00   0.4223687802982E+00
   0.6380000000000E+01   0.5073803698619E+03   0.3398819719308E+00   0.1075489329889E+03  -0.9106315975446E-01   0.2108172088359E+00   0.3829609139489E-01   0.2431081205443E+04   0.1450757270551E+04  -0.3130596875435E+04   0.6356581851842E+00   0.3561951792933E+00   0.5385539454562E+00   0.4231114672164E+00
   0.6390000000000E+01   0.5073762281502E+03   0.3398819292246E+00   0.1075499674176E+03  -0.9106203798728E-01   0.2108055473874E+00   0.3829615511944E-01   0.2432449715478E+04   0.1455439142503E+04  -0.3132359605849E+04   0.6351712507814E+00   0.3555626537665E+00   0.5389627477597E+00   0.4238535572041E+00
   0.6400000000000E+01   0.5073720813528E+03   0.3398818894321E+00   0.1075510009911E+03  -0.9106091556167E-01   0.2107938826744E+00   0.3829621880357E-01   0.2433807365180E+04   0.1460124142681E+04  -0.3134122309887E+04   0.6346834850555E+00   0.3549296749236E+00   0.5393707850220E+00   0.4245950493366E+00
   0.6410000000000E+01   0.5073679294670E+03   0.3398818515004E+00   0.1075520337082E+03  -0.9105979246708E-01   0.2107822146967E+00   0.3829628244606E-01   0.2435154147949E+04   0.1464812245653E+04  -0.3135884987618E+04   0.6341948887833E+00   0.3542962437175E+00   0.5397780567832E+00   0.4253359426902E+00
   0.6420000000000E+01   0.5073637724906E+03   0.3398818143958E+00   0.1075530655679E+03  -0.9105866869272E-01   0.2107705434540E+00   0.3829634604547E-01   0.2436490057248E+04   0.1469503425971E+04  -0.3137647639112E+04   0.6337054627427E+00   0.3536623611011E+00   0.5401845625845E+00   0.4260762363425E+00
   0.6430000000000E+01   0.5073596104209E+03   0.3398817771054E+00   0.1075540965691E+03  -0.9105754422761E-01   0.2107588689461E+00   0.3829640960013E-01   0.2437815086598E+04   0.1474197658178E+04  -0.3139410264439E+04   0.6332152077127E+00   0.3530280280281E+00   0.5405903019686E+00   0.4268159293718E+00
   0.6440000000000E+01   0.5073554432556E+03   0.3398817386386E+00   0.1075551267109E+03  -0.9105641906056E-01   0.2107471911728E+00   0.3829647310816E-01   0.2439129229582E+04   0.1478894916801E+04  -0.3141172863670E+04   0.6327241244730E+00   0.3523932454525E+00   0.5409952744791E+00   0.4275550208577E+00
   0.6450000000000E+01   0.5073512709921E+03   0.3398816980276E+00   0.1075561559922E+03  -0.9105529318020E-01   0.2107355101338E+00   0.3829653656746E-01   0.2440432479842E+04   0.1483595176359E+04  -0.3142935436877E+04   0.6322322138045E+00   0.3517580143287E+00   0.5413994796613E+00   0.4282935098806E+00
   0.6460000000000E+01   0.5073470936279E+03   0.3398816543294E+00   0.1075571844119E+03  -0.9105416657504E-01   0.2107238258291E+00   0.3829659997573E-01   0.2441724831080E+04   0.1488298411355E+04  -0.3144697984131E+04   0.6317394764890E+00   0.3511223356118E+00   0.5418029170614E+00   0.4290313955221E+00
   0.6470000000000E+01   0.5073429111605E+03   0.3398816066263E+00   0.1075582119689E+03  -0.9105303923343E-01   0.2107121382586E+00   0.3829666333047E-01   0.2443006277059E+04   0.1493004596282E+04  -0.3146460505502E+04   0.6312459133094E+00   0.3504862102571E+00   0.5422055862270E+00   0.4297686768647E+00
   0.6480000000000E+01   0.5073387235873E+03   0.3398815540276E+00   0.1075592386621E+03  -0.9105191114362E-01   0.2107004474223E+00   0.3829672662898E-01   0.2444276811602E+04   0.1497713705621E+04  -0.3148223001064E+04   0.6307515250492E+00   0.3498496392207E+00   0.5426074867069E+00   0.4305053529921E+00
   0.6490000000000E+01   0.5073345309057E+03   0.3398814956698E+00   0.1075602644905E+03  -0.9105078229377E-01   0.2106887533200E+00   0.3829678986840E-01   0.2445536428593E+04   0.1502425713842E+04  -0.3149985470888E+04   0.6302563124934E+00   0.3492126234588E+00   0.5430086180512E+00   0.4312414229889E+00
   0.6500000000000E+01   0.5073303331132E+03   0.3398814307185E+00   0.1075612894530E+03  -0.9104965267197E-01   0.2106770559519E+00   0.3829685304566E-01   0.2446785121974E+04   0.1507140595402E+04  -0.3151747915046E+04   0.6297602764274E+00   0.3485751639282E+00   0.5434089798112E+00   0.4319768859406E+00
   0.6510000000000E+01   0.5073261302071E+03   0.3398813583683E+00   0.1075623135485E+03  -0.9104852226626E-01   0.2106653553179E+00   0.3829691615752E-01   0.2448022885751E+04   0.1511858324747E+04  -0.3153510333613E+04   0.6292634176382E+00   0.3479372615863E+00   0.5438085715396E+00   0.4327117409341E+00
   0.6520000000000E+01   0.5073219221850E+03   0.3398812778446E+00   0.1075633367759E+03  -0.9104739106464E-01   0.2106536514181E+00   0.3829697920059E-01   0.2449249713987E+04   0.1516578876313E+04  -0.3155272726660E+04   0.6287657369131E+00   0.3472989173908E+00   0.5442073927902E+00   0.4334459870570E+00
   0.6530000000000E+01   0.5073177090440E+03   0.3398811884036E+00   0.1075643591341E+03  -0.9104625905512E-01   0.2106419442528E+00   0.3829704217130E-01   0.2450465600806E+04   0.1521302224523E+04  -0.3157035094262E+04   0.6282672350410E+00   0.3466601322998E+00   0.5446054431181E+00   0.4341796233980E+00
   0.6540000000000E+01   0.5073134907816E+03   0.3398810893337E+00   0.1075653806219E+03  -0.9104512622568E-01   0.2106302338219E+00   0.3829710506595E-01   0.2451670540395E+04   0.1526028343792E+04  -0.3158797436491E+04   0.6277679128112E+00   0.3460209072719E+00   0.5450027220798E+00   0.4349126490469E+00
   0.6550000000000E+01   0.5073092673951E+03   0.3398809799554E+00   0.1075664012383E+03  -0.9104399256436E-01   0.2106185201258E+00   0.3829716788067E-01   0.2452864526997E+04   0.1530757208520E+04  -0.3160559753423E+04   0.6272677710144E+00   0.3453812432664E+00   0.5453992292328E+00   0.4356450630946E+00
   0.6560000000000E+01   0.5073050388819E+03   0.3398808596227E+00   0.1075674209821E+03  -0.9104285805922E-01   0.2106068031645E+00   0.3829723061148E-01   0.2454047554920E+04   0.1535488793101E+04  -0.3162322045131E+04   0.6267668104421E+00   0.3447411412426E+00   0.5457949641360E+00   0.4363768646328E+00
   0.6570000000000E+01   0.5073008052392E+03   0.3398807277230E+00   0.1075684398523E+03  -0.9104172269840E-01   0.2105950829385E+00   0.3829729325425E-01   0.2455219618528E+04   0.1540223071915E+04  -0.3164084311690E+04   0.6262650318867E+00   0.3441006021606E+00   0.5461899263498E+00   0.4371080527544E+00
   0.6580000000000E+01   0.5072965664643E+03   0.3398805836779E+00   0.1075694578476E+03  -0.9104058647010E-01   0.2105833594478E+00   0.3829735580473E-01   0.2456380712249E+04   0.1544960019332E+04  -0.3165846553176E+04   0.6257624361416E+00   0.3434596269807E+00   0.5465841154354E+00   0.4378386265534E+00
   0.6590000000000E+01   0.5072923225545E+03   0.3398804269437E+00   0.1075704749670E+03  -0.9103944936264E-01   0.2105716326930E+00   0.3829741825857E-01   0.2457530830570E+04   0.1549699609714E+04  -0.3167608769662E+04   0.6252590240012E+00   0.3428182166638E+00   0.5469775309556E+00   0.4385685851247E+00
   0.6600000000000E+01   0.5072880735071E+03   0.3398802570116E+00   0.1075714912092E+03  -0.9103831136444E-01   0.2105599026742E+00   0.3829748061129E-01   0.2458669968038E+04   0.1554441817412E+04  -0.3169370961225E+04   0.6247547962608E+00   0.3421763721713E+00   0.5473701724743E+00   0.4392979275642E+00
   0.6610000000000E+01   0.5072838193193E+03   0.3398800734077E+00   0.1075725065733E+03  -0.9103717246404E-01   0.2105481693919E+00   0.3829754285834E-01   0.2459798119262E+04   0.1559186616765E+04  -0.3171133127940E+04   0.6242497537168E+00   0.3415340944647E+00   0.5477620395569E+00   0.4400266529690E+00
   0.6620000000000E+01   0.5072795599883E+03   0.3398798756940E+00   0.1075735210580E+03  -0.9103603265015E-01   0.2105364328465E+00   0.3829760499505E-01   0.2460915278909E+04   0.1563933982104E+04  -0.3172895269885E+04   0.6237438971664E+00   0.3408913845063E+00   0.5481531317697E+00   0.4407547604372E+00
   0.6630000000000E+01   0.5072752955113E+03   0.3398796634679E+00   0.1075745346621E+03  -0.9103489191161E-01   0.2105246930385E+00   0.3829766701670E-01   0.2462021441709E+04   0.1568683887752E+04  -0.3174657387134E+04   0.6232372274079E+00   0.3402482432587E+00   0.5485434486807E+00   0.4414822490677E+00
   0.6640000000000E+01   0.5072710258856E+03   0.3398794363627E+00   0.1075755473846E+03  -0.9103375023747E-01   0.2105129499682E+00   0.3829772891846E-01   0.2463116602452E+04   0.1573436308019E+04  -0.3176419479765E+04   0.6227297452403E+00   0.3396046716848E+00   0.5489329898587E+00   0.4422091179608E+00
   0.6650000000000E+01   0.5072667511083E+03   0.3398791940475E+00   0.1075765592243E+03  -0.9103260761695E-01   0.2105012036362E+00   0.3829779069547E-01   0.2464200755986E+04   0.1578191217207E+04  -0.3178181547855E+04   0.6222214514638E+00   0.3389606707481E+00   0.5493217548741E+00   0.4429353662176E+00
   0.6660000000000E+01   0.5072624711765E+03   0.3398789362273E+00   0.1075775701799E+03  -0.9103146403947E-01   0.2104894540430E+00   0.3829785234279E-01   0.2465273897224E+04   0.1582948589611E+04  -0.3179943591481E+04   0.6217123468795E+00   0.3383162414124E+00   0.5497097432985E+00   0.4436609929403E+00
   0.6670000000000E+01   0.5072581860875E+03   0.3398786626429E+00   0.1075785802504E+03  -0.9103031949469E-01   0.2104777011891E+00   0.3829791385542E-01   0.2466336021136E+04   0.1587708399514E+04  -0.3181705610720E+04   0.6212024322895E+00   0.3376713846421E+00   0.5500969547048E+00   0.4443859972322E+00
   0.6680000000000E+01   0.5072538958383E+03   0.3398783730709E+00   0.1075795894346E+03  -0.9102917397248E-01   0.2104659450752E+00   0.3829797522835E-01   0.2467387122754E+04   0.1592470621190E+04  -0.3183467605651E+04   0.6206917084967E+00   0.3370261014017E+00   0.5504833886669E+00   0.4451103781977E+00
   0.6690000000000E+01   0.5072496004261E+03   0.3398780673235E+00   0.1075805977312E+03  -0.9102802746296E-01   0.2104541857018E+00   0.3829803645650E-01   0.2468427197170E+04   0.1597235228908E+04  -0.3185229576352E+04   0.6201801763050E+00   0.3363803926564E+00   0.5508690447603E+00   0.4458341349420E+00
   0.6700000000000E+01   0.5072452998480E+03   0.3398777452480E+00   0.1075816051392E+03  -0.9102687995652E-01   0.2104424230695E+00   0.3829809753480E-01   0.2469456239537E+04   0.1602002196924E+04  -0.3186991522901E+04   0.6196678365194E+00   0.3357342593717E+00   0.5512539225617E+00   0.4465572665716E+00
   0.6710000000000E+01   0.5072409941010E+03   0.3398774067273E+00   0.1075826116574E+03  -0.9102573144379E-01   0.2104306571791E+00   0.3829815845813E-01   0.2470474245069E+04   0.1606771499487E+04  -0.3188753445377E+04   0.6191546899456E+00   0.3350877025135E+00   0.5516380216489E+00   0.4472797721940E+00
   0.6720000000000E+01   0.5072366831822E+03   0.3398770516787E+00   0.1075836172846E+03  -0.9102458191569E-01   0.2104188880311E+00   0.3829821922138E-01   0.2471481209040E+04   0.1611543110838E+04  -0.3190515343858E+04   0.6186407373905E+00   0.3344407230481E+00   0.5520213416011E+00   0.4480016509176E+00
   0.6730000000000E+01   0.5072323670887E+03   0.3398766800543E+00   0.1075846220195E+03  -0.9102343136344E-01   0.2104071156263E+00   0.3829827981942E-01   0.2472477126784E+04   0.1616317005211E+04  -0.3192277218425E+04   0.6181259796619E+00   0.3337933219423E+00   0.5524038819987E+00   0.4487229018520E+00
   0.6740000000000E+01   0.5072280458175E+03   0.3398762918400E+00   0.1075856258611E+03  -0.9102227977853E-01   0.2103953399654E+00   0.3829834024714E-01   0.2473461993697E+04   0.1621093156829E+04  -0.3194039069157E+04   0.6176104175683E+00   0.3331455001632E+00   0.5527856424235E+00   0.4494435241079E+00
   0.6750000000000E+01   0.5072237193656E+03   0.3398758870555E+00   0.1075866288082E+03  -0.9102112715278E-01   0.2103835610492E+00   0.3829840049944E-01   0.2474435805235E+04   0.1625871539910E+04  -0.3195800896134E+04   0.6170940519194E+00   0.3324972586784E+00   0.5531666224585E+00   0.4501635167969E+00
   0.6760000000000E+01   0.5072193877301E+03   0.3398754657536E+00   0.1075876308595E+03  -0.9101997347831E-01   0.2103717788784E+00   0.3829846057122E-01   0.2475398556914E+04   0.1630652128663E+04  -0.3197562699435E+04   0.6165768835258E+00   0.3318485984556E+00   0.5535468216878E+00   0.4508828790318E+00
   0.6770000000000E+01   0.5072150509079E+03   0.3398750280197E+00   0.1075886320138E+03  -0.9101881874757E-01   0.2103599934538E+00   0.3829852045744E-01   0.2476350244312E+04   0.1635434897288E+04  -0.3199324479142E+04   0.6160589131990E+00   0.3311995204633E+00   0.5539262396970E+00   0.4516016099264E+00
   0.6780000000000E+01   0.5072107088959E+03   0.3398745739710E+00   0.1075896322701E+03  -0.9101766295332E-01   0.2103482047762E+00   0.3829858015306E-01   0.2477290863067E+04   0.1640219819979E+04  -0.3201086235335E+04   0.6155401417515E+00   0.3305500256701E+00   0.5543048760728E+00   0.4523197085956E+00
   0.6790000000000E+01   0.5072063616913E+03   0.3398741037565E+00   0.1075906316270E+03  -0.9101650608868E-01   0.2103364128464E+00   0.3829863965310E-01   0.2478220408878E+04   0.1645006870924E+04  -0.3202847968095E+04   0.6150205699966E+00   0.3299001150452E+00   0.5546827304033E+00   0.4530371741552E+00
   0.6800000000000E+01   0.5072020092908E+03   0.3398736175557E+00   0.1075916300834E+03  -0.9101534814708E-01   0.2103246176653E+00   0.3829869895263E-01   0.2479138877504E+04   0.1649796024301E+04  -0.3204609677504E+04   0.6145001987487E+00   0.3292497895579E+00   0.5550598022778E+00   0.4537540057224E+00
   0.6810000000000E+01   0.5071976516914E+03   0.3398731155780E+00   0.1075926276381E+03  -0.9101418912234E-01   0.2103128192338E+00   0.3829875804676E-01   0.2480046264765E+04   0.1654587254282E+04  -0.3206371363643E+04   0.6139790288232E+00   0.3285990501783E+00   0.5554360912868E+00   0.4544702024152E+00
   0.6820000000000E+01   0.5071932888901E+03   0.3398725980624E+00   0.1075936242900E+03  -0.9101302900858E-01   0.2103010175527E+00   0.3829881693067E-01   0.2480942566541E+04   0.1659380535034E+04  -0.3208133026594E+04   0.6134570610361E+00   0.3279478978764E+00   0.5558115970223E+00   0.4551857633527E+00
   0.6830000000000E+01   0.5071889208837E+03   0.3398720652763E+00   0.1075946200377E+03  -0.9101186780031E-01   0.2102892126229E+00   0.3829887559960E-01   0.2481827778775E+04   0.1664175840714E+04  -0.3209894666439E+04   0.6129342962047E+00   0.3272963336229E+00   0.5561863190771E+00   0.4559006876552E+00
   0.6840000000000E+01   0.5071845476691E+03   0.3398715175149E+00   0.1075956148802E+03  -0.9101070549238E-01   0.2102774044454E+00   0.3829893404887E-01   0.2482701897469E+04   0.1668973145474E+04  -0.3211656283261E+04   0.6124107351471E+00   0.3266443583887E+00   0.5565602570458E+00   0.4566149744440E+00
   0.6850000000000E+01   0.5071801692433E+03   0.3398709551001E+00   0.1075966088161E+03  -0.9100954208001E-01   0.2102655930211E+00   0.3829899227388E-01   0.2483564918685E+04   0.1673772423461E+04  -0.3213417877142E+04   0.6118863786823E+00   0.3259919731453E+00   0.5569334105239E+00   0.4573286228414E+00
   0.6860000000000E+01   0.5071757856029E+03   0.3398703783802E+00   0.1075976018444E+03  -0.9100837755877E-01   0.2102537783508E+00   0.3829905027010E-01   0.2484416838547E+04   0.1678573648812E+04  -0.3215179448166E+04   0.6113612276303E+00   0.3253391788644E+00   0.5573057791083E+00   0.4580416319711E+00
   0.6870000000000E+01   0.5071713967449E+03   0.3398697877283E+00   0.1075985939638E+03  -0.9100721192461E-01   0.2102419604357E+00   0.3829910803311E-01   0.2485257653239E+04   0.1683376795662E+04  -0.3216940996415E+04   0.6108352828119E+00   0.3246859765180E+00   0.5576773623971E+00   0.4587540009574E+00
   0.6880000000000E+01   0.5071670026660E+03   0.3398691835421E+00   0.1075995851730E+03  -0.9100604517383E-01   0.2102301392765E+00   0.3829916555856E-01   0.2486087359007E+04   0.1688181838136E+04  -0.3218702521973E+04   0.6103085450491E+00   0.3240323670786E+00   0.5580481599898E+00   0.4594657289260E+00
   0.6890000000000E+01   0.5071626033632E+03   0.3398685662424E+00   0.1076005754710E+03  -0.9100487730310E-01   0.2102183148744E+00   0.3829922284223E-01   0.2486905952156E+04   0.1692988750356E+04  -0.3220464024925E+04   0.6097810151645E+00   0.3233783515189E+00   0.5584181714869E+00   0.4601768150038E+00
   0.6900000000000E+01   0.5071581988331E+03   0.3398679362724E+00   0.1076015648565E+03  -0.9100370830946E-01   0.2102064872303E+00   0.3829927987998E-01   0.2487713429054E+04   0.1697797506438E+04  -0.3222225505354E+04   0.6092526939820E+00   0.3227239308123E+00   0.5587873964904E+00   0.4608872583184E+00
   0.6910000000000E+01   0.5071537890726E+03   0.3398672940967E+00   0.1076025533283E+03  -0.9100253819030E-01   0.2101946563453E+00   0.3829933666779E-01   0.2488509786126E+04   0.1702608080490E+04  -0.3223986963344E+04   0.6087235823260E+00   0.3220691059321E+00   0.5591558346035E+00   0.4615970579988E+00
   0.6920000000000E+01   0.5071493740783E+03   0.3398666402003E+00   0.1076035408851E+03  -0.9100136694340E-01   0.2101828222203E+00   0.3829939320176E-01   0.2489295019863E+04   0.1707420446617E+04  -0.3225748398981E+04   0.6081936810222E+00   0.3214138778523E+00   0.5595234854305E+00   0.4623062131751E+00
   0.6930000000000E+01   0.5071449538472E+03   0.3398659750875E+00   0.1076045275258E+03  -0.9100019456686E-01   0.2101709848563E+00   0.3829944947809E-01   0.2490069126811E+04   0.1712234578918E+04  -0.3227509812349E+04   0.6076629908970E+00   0.3207582475471E+00   0.5598903485772E+00   0.4630147229783E+00
   0.6940000000000E+01   0.5071405283757E+03   0.3398652992811E+00   0.1076055132492E+03  -0.9099902105918E-01   0.2101591442545E+00   0.3829950549312E-01   0.2490832103582E+04   0.1717050451486E+04  -0.3229271203533E+04   0.6071315127779E+00   0.3201022159910E+00   0.5602564236505E+00   0.4637225865407E+00
   0.6950000000000E+01   0.5071360976608E+03   0.3398646133209E+00   0.1076064980540E+03  -0.9099784641919E-01   0.2101473004158E+00   0.3829956124331E-01   0.2491583946845E+04   0.1721868038410E+04  -0.3231032572620E+04   0.6065992474931E+00   0.3194457841591E+00   0.5606217102586E+00   0.4644298029956E+00
   0.6960000000000E+01   0.5071316616990E+03   0.3398639177632E+00   0.1076074819391E+03  -0.9099667064608E-01   0.2101354533412E+00   0.3829961672525E-01   0.2492324653331E+04   0.1726687313773E+04  -0.3232793919694E+04   0.6060661958720E+00   0.3187889530265E+00   0.5609862080109E+00   0.4651363714773E+00
   0.6970000000000E+01   0.5071272204871E+03   0.3398632131796E+00   0.1076084649031E+03  -0.9099549373938E-01   0.2101236030320E+00   0.3829967193566E-01   0.2493054219833E+04   0.1731508251655E+04  -0.3234555244843E+04   0.6055323587447E+00   0.3181317235689E+00   0.5613499165181E+00   0.4658422911215E+00
   0.6980000000000E+01   0.5071227740217E+03   0.3398625001554E+00   0.1076094469451E+03  -0.9099431569898E-01   0.2101117494890E+00   0.3829972687139E-01   0.2493772643203E+04   0.1736330826130E+04  -0.3236316548151E+04   0.6049977369424E+00   0.3174740967621E+00   0.5617128353921E+00   0.4665475610647E+00
   0.6990000000000E+01   0.5071183222995E+03   0.3398617792894E+00   0.1076104280636E+03  -0.9099313652508E-01   0.2100998927134E+00   0.3829978152944E-01   0.2494479920355E+04   0.1741155011268E+04  -0.3238077829706E+04   0.6044623312969E+00   0.3168160735826E+00   0.5620749642462E+00   0.4672521804447E+00
   0.7000000000000E+01   0.5071138653171E+03   0.3398610511920E+00   0.1076114082575E+03  -0.9099195621825E-01   0.2100880327063E+00   0.3829983590694E-01   0.2495176048263E+04   0.1745980781134E+04  -0.3239839089595E+04   0.6039261426414E+00   0.3161576550069E+00   0.5624363026948E+00   0.4679561484005E+00
   0.7010000000000E+01   0.5071094030712E+03   0.3398603164848E+00   0.1076123875256E+03  -0.9099077477936E-01   0.2100761694686E+00   0.3829989000117E-01   0.2495861023961E+04   0.1750808109790E+04  -0.3241600327905E+04   0.6033891718096E+00   0.3154988420119E+00   0.5627968503536E+00   0.4686594640719E+00
   0.7020000000000E+01   0.5071049355582E+03   0.3398595757988E+00   0.1076133658666E+03  -0.9098959220962E-01   0.2100643030016E+00   0.3829994380956E-01   0.2496534844546E+04   0.1755636971293E+04  -0.3243361544723E+04   0.6028514196362E+00   0.3148396355749E+00   0.5631566068396E+00   0.4693621266001E+00
   0.7030000000000E+01   0.5071004627749E+03   0.3398588297742E+00   0.1076143432794E+03  -0.9098840851053E-01   0.2100524333063E+00   0.3829999732967E-01   0.2497197507175E+04   0.1760467339696E+04  -0.3245122740136E+04   0.6023128869571E+00   0.3141800366736E+00   0.5635155717708E+00   0.4700641351273E+00
   0.7040000000000E+01   0.5070959847179E+03   0.3398580790585E+00   0.1076153197627E+03  -0.9098722368391E-01   0.2100405603837E+00   0.3830005055921E-01   0.2497849009064E+04   0.1765299189049E+04  -0.3246883914234E+04   0.6017735746087E+00   0.3135200462859E+00   0.5638737447669E+00   0.4707654887968E+00
   0.7050000000000E+01   0.5070915013835E+03   0.3398573243058E+00   0.1076162953154E+03  -0.9098603773190E-01   0.2100286842350E+00   0.3830010349607E-01   0.2498489347492E+04   0.1770132493398E+04  -0.3248645067103E+04   0.6012334834286E+00   0.3128596653899E+00   0.5642311254484E+00   0.4714661867532E+00
   0.7060000000000E+01   0.5070870127685E+03   0.3398565661758E+00   0.1076172699361E+03  -0.9098485065690E-01   0.2100168048613E+00   0.3830015613824E-01   0.2499118519798E+04   0.1774967226786E+04  -0.3250406198833E+04   0.6006926142553E+00   0.3121988949644E+00   0.5645877134373E+00   0.4721662281421E+00
   0.7070000000000E+01   0.5070825188693E+03   0.3398558053327E+00   0.1076182436237E+03  -0.9098366246161E-01   0.2100049222635E+00   0.3830020848391E-01   0.2499736523380E+04   0.1779803363251E+04  -0.3252167309513E+04   0.6001509679279E+00   0.3115377359881E+00   0.5649435083567E+00   0.4728656121101E+00
   0.7080000000000E+01   0.5070780196825E+03   0.3398550424440E+00   0.1076192163770E+03  -0.9098247314901E-01   0.2099930364429E+00   0.3830026053139E-01   0.2500343355701E+04   0.1784640876831E+04  -0.3253928399230E+04   0.5996085452868E+00   0.3108761894403E+00   0.5652985098311E+00   0.4735643378052E+00
   0.7090000000000E+01   0.5070735152046E+03   0.3398542781794E+00   0.1076201881947E+03  -0.9098128272234E-01   0.2099811474006E+00   0.3830031227915E-01   0.2500939014280E+04   0.1789479741558E+04  -0.3255689468075E+04   0.5990653471731E+00   0.3102142563005E+00   0.5656527174861E+00   0.4742624043764E+00
   0.7100000000000E+01   0.5070690054320E+03   0.3398535132102E+00   0.1076211590756E+03  -0.9098009118509E-01   0.2099692551375E+00   0.3830036372582E-01   0.2501523496700E+04   0.1794319931462E+04  -0.3257450516137E+04   0.5985213744288E+00   0.3095519375485E+00   0.5660061309487E+00   0.4749598109738E+00
   0.7110000000000E+01   0.5070644903612E+03   0.3398527482078E+00   0.1076221290186E+03  -0.9097889854102E-01   0.2099573596548E+00   0.3830041487017E-01   0.2502096800604E+04   0.1799161420571E+04  -0.3259211543506E+04   0.5979766278969E+00   0.3088892341646E+00   0.5663587498470E+00   0.4756565567487E+00
   0.7120000000000E+01   0.5070599699888E+03   0.3398519838429E+00   0.1076230980223E+03  -0.9097770479410E-01   0.2099454609536E+00   0.3830046571113E-01   0.2502658923695E+04   0.1804004182909E+04  -0.3260972550272E+04   0.5974311084213E+00   0.3082261471291E+00   0.5667105738103E+00   0.4763526408535E+00
   0.7130000000000E+01   0.5070554443110E+03   0.3398512207847E+00   0.1076240660856E+03  -0.9097650994856E-01   0.2099335590349E+00   0.3830051624779E-01   0.2503209863737E+04   0.1808848192500E+04  -0.3262733536526E+04   0.5968848168466E+00   0.3075626774228E+00   0.5670616024693E+00   0.4770480624418E+00
   0.7140000000000E+01   0.5070509133244E+03   0.3398504596996E+00   0.1076250332072E+03  -0.9097531400884E-01   0.2099216538998E+00   0.3830056647936E-01   0.2503749618556E+04   0.1813693423362E+04  -0.3264494502357E+04   0.5963377540185E+00   0.3068988260267E+00   0.5674118354559E+00   0.4777428206684E+00
   0.7150000000000E+01   0.5070463770254E+03   0.3398497012504E+00   0.1076259993859E+03  -0.9097411697957E-01   0.2099097455495E+00   0.3830061640523E-01   0.2504278186037E+04   0.1818539849514E+04  -0.3266255447857E+04   0.5957899207835E+00   0.3062345939224E+00   0.5677612724031E+00   0.4784369146890E+00
   0.7160000000000E+01   0.5070418354103E+03   0.3398489460955E+00   0.1076269646205E+03  -0.9097291886560E-01   0.2098978339849E+00   0.3830066602493E-01   0.2504795564126E+04   0.1823387444971E+04  -0.3268016373117E+04   0.5952413179892E+00   0.3055699820913E+00   0.5681099129453E+00   0.4791303436608E+00
   0.7170000000000E+01   0.5070372884756E+03   0.3398481948876E+00   0.1076279289098E+03  -0.9097171967196E-01   0.2098859192072E+00   0.3830071533813E-01   0.2505301750830E+04   0.1828236183748E+04  -0.3269777278228E+04   0.5946919464837E+00   0.3049049915156E+00   0.5684577567181E+00   0.4798231067418E+00
   0.7180000000000E+01   0.5070327362176E+03   0.3398474482734E+00   0.1076288922525E+03  -0.9097051940386E-01   0.2098740012174E+00   0.3830076434464E-01   0.2505796744219E+04   0.1833086039857E+04  -0.3271538163282E+04   0.5941418071163E+00   0.3042396231774E+00   0.5688048033583E+00   0.4805152030914E+00
   0.7190000000000E+01   0.5070281786327E+03   0.3398467068921E+00   0.1076298546474E+03  -0.9096931806668E-01   0.2098620800165E+00   0.3830081304443E-01   0.2506280542420E+04   0.1837936987308E+04  -0.3273299028371E+04   0.5935909007371E+00   0.3035738780593E+00   0.5691510525040E+00   0.4812066318700E+00
   0.7200000000000E+01   0.5070236157172E+03   0.3398459713752E+00   0.1076308160933E+03  -0.9096811566594E-01   0.2098501556056E+00   0.3830086143761E-01   0.2506753143623E+04   0.1842789000110E+04  -0.3275059873586E+04   0.5930392281972E+00   0.3029077571443E+00   0.5694965037944E+00   0.4818973922394E+00
   0.7210000000000E+01   0.5070190474675E+03   0.3398452423451E+00   0.1076317765889E+03  -0.9096691220733E-01   0.2098382279858E+00   0.3830090952441E-01   0.2507214546077E+04   0.1847642052272E+04  -0.3276820699021E+04   0.5924867903483E+00   0.3022412614154E+00   0.5698411568700E+00   0.4825874833622E+00
   0.7220000000000E+01   0.5070144738799E+03   0.3398445204148E+00   0.1076327361331E+03  -0.9096570769666E-01   0.2098262971581E+00   0.3830095730522E-01   0.2507664748095E+04   0.1852496117799E+04  -0.3278581504768E+04   0.5919335880432E+00   0.3015743918560E+00   0.5701850113727E+00   0.4832769044025E+00
   0.7230000000000E+01   0.5070098949506E+03   0.3398438061866E+00   0.1076336947246E+03  -0.9096450213986E-01   0.2098143631235E+00   0.3830100478055E-01   0.2508103748046E+04   0.1857351170698E+04  -0.3280342290920E+04   0.5913796221356E+00   0.3009071494501E+00   0.5705280669453E+00   0.4839656545254E+00
   0.7240000000000E+01   0.5070053106760E+03   0.3398431002519E+00   0.1076346523621E+03  -0.9096329554297E-01   0.2098024258831E+00   0.3830105195104E-01   0.2508531544365E+04   0.1862207184973E+04  -0.3282103057570E+04   0.5908248934800E+00   0.3002395351815E+00   0.5708703232322E+00   0.4846537328971E+00
   0.7250000000000E+01   0.5070007210524E+03   0.3398424031903E+00   0.1076356090445E+03  -0.9096208791214E-01   0.2097904854379E+00   0.3830109881748E-01   0.2508948135543E+04   0.1867064134628E+04  -0.3283863804811E+04   0.5902694029318E+00   0.2995715500345E+00   0.5712117798788E+00   0.4853411386850E+00
   0.7260000000000E+01   0.5069961260759E+03   0.3398417155688E+00   0.1076365647704E+03  -0.9096087925361E-01   0.2097785417888E+00   0.3830114538075E-01   0.2509353520133E+04   0.1871921993666E+04  -0.3285624532738E+04   0.5897131513473E+00   0.2989031949939E+00   0.5715524365318E+00   0.4860278710579E+00
   0.7270000000000E+01   0.5069915257428E+03   0.3398410379412E+00   0.1076375195387E+03  -0.9095966957369E-01   0.2097665949369E+00   0.3830119164189E-01   0.2509747696752E+04   0.1876780736090E+04  -0.3287385241444E+04   0.5891561395836E+00   0.2982344710444E+00   0.5718922928391E+00   0.4867139291854E+00
   0.7280000000000E+01   0.5069869200495E+03   0.3398403708477E+00   0.1076384733482E+03  -0.9095845887876E-01   0.2097546448832E+00   0.3830123760204E-01   0.2510130664072E+04   0.1881640335903E+04  -0.3289145931023E+04   0.5885983684987E+00   0.2975653791712E+00   0.5722313484498E+00   0.4873993122386E+00
   0.7290000000000E+01   0.5069823089920E+03   0.3398397148141E+00   0.1076394261975E+03  -0.9095724717526E-01   0.2097426916286E+00   0.3830128326246E-01   0.2510502420831E+04   0.1886500767107E+04  -0.3290906601570E+04   0.5880398389516E+00   0.2968959203598E+00   0.5725696030144E+00   0.4880840193895E+00
   0.7300000000000E+01   0.5069776925666E+03   0.3398390703511E+00   0.1076403780854E+03  -0.9095603446967E-01   0.2097307351743E+00   0.3830132862452E-01   0.2510862965824E+04   0.1891362003705E+04  -0.3292667253179E+04   0.5874805518020E+00   0.2962260955958E+00   0.5729070561845E+00   0.4887680498114E+00
   0.7310000000000E+01   0.5069730707694E+03   0.3398384379542E+00   0.1076413290108E+03  -0.9095482076850E-01   0.2097187755210E+00   0.3830137368971E-01   0.2511212297907E+04   0.1896224019699E+04  -0.3294427885946E+04   0.5869205079105E+00   0.2955559058654E+00   0.5732437076130E+00   0.4894514026789E+00
   0.7320000000000E+01   0.5069684435968E+03   0.3398378181028E+00   0.1076422789724E+03  -0.9095360607831E-01   0.2097068126698E+00   0.3830141845960E-01   0.2511550416000E+04   0.1901086789091E+04  -0.3296188499965E+04   0.5863597081386E+00   0.2948853521547E+00   0.5735795569539E+00   0.4901340771675E+00
   0.7330000000000E+01   0.5069638110447E+03   0.3398372112600E+00   0.1076432279689E+03  -0.9095239040564E-01   0.2096948466216E+00   0.3830146293590E-01   0.2511877319079E+04   0.1905950285885E+04  -0.3297949095333E+04   0.5857981533487E+00   0.2942144354504E+00   0.5739146038625E+00   0.4908160724540E+00
   0.7340000000000E+01   0.5069591731094E+03   0.3398366178722E+00   0.1076441759990E+03  -0.9095117375705E-01   0.2096828773774E+00   0.3830150712038E-01   0.2512193006184E+04   0.1910814484084E+04  -0.3299709672144E+04   0.5852358444041E+00   0.2935431567393E+00   0.5742488479954E+00   0.4914973877165E+00
   0.7350000000000E+01   0.5069545297870E+03   0.3398360383683E+00   0.1076451230616E+03  -0.9094995613909E-01   0.2096709049381E+00   0.3830155101494E-01   0.2512497476413E+04   0.1915679357692E+04  -0.3301470230495E+04   0.5846727821687E+00   0.2928715170084E+00   0.5745822890104E+00   0.4921780221342E+00
   0.7360000000000E+01   0.5069498810737E+03   0.3398354731599E+00   0.1076460691554E+03  -0.9094873755828E-01   0.2096589293047E+00   0.3830159462153E-01   0.2512790728927E+04   0.1920544880715E+04  -0.3303230770481E+04   0.5841089675076E+00   0.2921995172451E+00   0.5749149265665E+00   0.4928579748873E+00
   0.7370000000000E+01   0.5069452269655E+03   0.3398349226405E+00   0.1076470142791E+03  -0.9094751802114E-01   0.2096469504780E+00   0.3830163794222E-01   0.2513072762947E+04   0.1925411027159E+04  -0.3304991292200E+04   0.5835444012865E+00   0.2915271584371E+00   0.5752467603239E+00   0.4935372451575E+00
   0.7380000000000E+01   0.5069405674585E+03   0.3398343871856E+00   0.1076479584315E+03  -0.9094629753413E-01   0.2096349684589E+00   0.3830168097915E-01   0.2513343577753E+04   0.1930277771031E+04  -0.3306751795748E+04   0.5829790843721E+00   0.2908544415724E+00   0.5755777899441E+00   0.4942158321274E+00
   0.7390000000000E+01   0.5069359025488E+03   0.3398338671520E+00   0.1076489016114E+03  -0.9094507610367E-01   0.2096229832484E+00   0.3830172373454E-01   0.2513603172687E+04   0.1935145086339E+04  -0.3308512281222E+04   0.5824130176318E+00   0.2901813676390E+00   0.5759080150898E+00   0.4948937349810E+00
   0.7400000000000E+01   0.5069312322325E+03   0.3398333628780E+00   0.1076498438175E+03  -0.9094385373611E-01   0.2096109948473E+00   0.3830176621066E-01   0.2513851547151E+04   0.1940012947093E+04  -0.3310272748718E+04   0.5818462019342E+00   0.2895079376255E+00   0.5762374354249E+00   0.4955709529033E+00
   0.7410000000000E+01   0.5069265565056E+03   0.3398328746829E+00   0.1076507850484E+03  -0.9094263043776E-01   0.2095990032566E+00   0.3830180840989E-01   0.2514088700608E+04   0.1944881327304E+04  -0.3312033198335E+04   0.5812786381482E+00   0.2888341525205E+00   0.5765660506147E+00   0.4962474850806E+00
   0.7420000000000E+01   0.5069218753642E+03   0.3398324028669E+00   0.1076517253031E+03  -0.9094140621482E-01   0.2095870084770E+00   0.3830185033464E-01   0.2514314632581E+04   0.1949750200985E+04  -0.3313793630171E+04   0.5807103271440E+00   0.2881600133131E+00   0.5768938603255E+00   0.4969233307004E+00
   0.7430000000000E+01   0.5069171888043E+03   0.3398319477112E+00   0.1076526645801E+03  -0.9094018107345E-01   0.2095750105094E+00   0.3830189198740E-01   0.2514529342653E+04   0.1954619542151E+04  -0.3315554044322E+04   0.5801412697926E+00   0.2874855209925E+00   0.5772208642249E+00   0.4975984889513E+00
   0.7440000000000E+01   0.5069124968220E+03   0.3398315094774E+00   0.1076536028784E+03  -0.9093895501968E-01   0.2095630093547E+00   0.3830193337071E-01   0.2514732830470E+04   0.1959489324819E+04  -0.3317314440887E+04   0.5795714669655E+00   0.2868106765482E+00   0.5775470619818E+00   0.4982729590231E+00
   0.7450000000000E+01   0.5069077994132E+03   0.3398310884080E+00   0.1076545401965E+03  -0.9093772805946E-01   0.2095510050138E+00   0.3830197448715E-01   0.2514925095735E+04   0.1964359523008E+04  -0.3319074819965E+04   0.5790009195354E+00   0.2861354809700E+00   0.5778724532663E+00   0.4989467401068E+00
   0.7460000000000E+01   0.5069030965739E+03   0.3398306847259E+00   0.1076554765332E+03  -0.9093650019862E-01   0.2095389974874E+00   0.3830201533936E-01   0.2515106138214E+04   0.1969230110738E+04  -0.3320835181654E+04   0.5784296283757E+00   0.2854599352478E+00   0.5781970377498E+00   0.4996198313947E+00
   0.7470000000000E+01   0.5068983883001E+03   0.3398302986346E+00   0.1076564118873E+03  -0.9093527144288E-01   0.2095269867763E+00   0.3830205593003E-01   0.2515275957732E+04   0.1974101062033E+04  -0.3322595526052E+04   0.5778575943607E+00   0.2847840403721E+00   0.5785208151047E+00   0.5002922320801E+00
   0.7480000000000E+01   0.5068936745877E+03   0.3398299303184E+00   0.1076573462575E+03  -0.9093404179785E-01   0.2095149728814E+00   0.3830209626186E-01   0.2515434554175E+04   0.1978972350919E+04  -0.3324355853260E+04   0.5772848183654E+00   0.2841077973333E+00   0.5788437850049E+00   0.5009639413576E+00
   0.7490000000000E+01   0.5068889554328E+03   0.3398295799420E+00   0.1076582796425E+03  -0.9093281126897E-01   0.2095029558035E+00   0.3830213633762E-01   0.2515581927490E+04   0.1983843951425E+04  -0.3326116163376E+04   0.5767113012657E+00   0.2834312071222E+00   0.5791659471253E+00   0.5016349584230E+00
   0.7500000000000E+01   0.5068842308313E+03   0.3398292476508E+00   0.1076592120411E+03  -0.9093157986159E-01   0.2094909355433E+00   0.3830217616008E-01   0.2515718077683E+04   0.1988715837581E+04  -0.3327876456500E+04   0.5761370439385E+00   0.2827542707299E+00   0.5794873011423E+00   0.5023052824733E+00
   0.7510000000000E+01   0.5068795007790E+03   0.3398289335713E+00   0.1076601434519E+03  -0.9093034758089E-01   0.2094789121016E+00   0.3830221573205E-01   0.2515843004822E+04   0.1993587983423E+04  -0.3329636732732E+04   0.5755620472612E+00   0.2820769891478E+00   0.5798078467334E+00   0.5029749127065E+00
   0.7520000000000E+01   0.5068747652720E+03   0.3398286378108E+00   0.1076610738737E+03  -0.9092911443191E-01   0.2094668854793E+00   0.3830225505636E-01   0.2515956709034E+04   0.1998460362987E+04  -0.3331396992171E+04   0.5749863121124E+00   0.2813993633674E+00   0.5801275835772E+00   0.5036438483221E+00
   0.7530000000000E+01   0.5068700243060E+03   0.3398283604578E+00   0.1076620033052E+03  -0.9092788041952E-01   0.2094548556770E+00   0.3830229413585E-01   0.2516059190507E+04   0.2003332950315E+04  -0.3333157234919E+04   0.5744098393711E+00   0.2807213943805E+00   0.5804465113538E+00   0.5043120885206E+00
   0.7540000000000E+01   0.5068652778771E+03   0.3398281015819E+00   0.1076629317452E+03  -0.9092664554844E-01   0.2094428226954E+00   0.3830233297337E-01   0.2516150449490E+04   0.2008205719449E+04  -0.3334917461075E+04   0.5738326299175E+00   0.2800430831791E+00   0.5807646297442E+00   0.5049796325037E+00
   0.7550000000000E+01   0.5068605259810E+03   0.3398278612346E+00   0.1076638591923E+03  -0.9092540982323E-01   0.2094307865355E+00   0.3830237157179E-01   0.2516230486290E+04   0.2013078644439E+04  -0.3336677670740E+04   0.5732546846325E+00   0.2793644307557E+00   0.5810819384310E+00   0.5056464794743E+00
   0.7560000000000E+01   0.5068557686136E+03   0.3398276394490E+00   0.1076647856453E+03  -0.9092417324827E-01   0.2094187471978E+00   0.3830240993399E-01   0.2516299301276E+04   0.2017951699334E+04  -0.3338437864016E+04   0.5726760043976E+00   0.2786854381028E+00   0.5813984370978E+00   0.5063126286365E+00
   0.7570000000000E+01   0.5068510057709E+03   0.3398274362402E+00   0.1076657111028E+03  -0.9092293582775E-01   0.2094067046831E+00   0.3830244806282E-01   0.2516356894879E+04   0.2022824858190E+04  -0.3340198041003E+04   0.5720965900956E+00   0.2780061062133E+00   0.5817141254295E+00   0.5069780791957E+00
   0.7580000000000E+01   0.5068462374486E+03   0.3398272516057E+00   0.1076666355636E+03  -0.9092169756572E-01   0.2093946589921E+00   0.3830248596115E-01   0.2516403267586E+04   0.2027698095066E+04  -0.3341958201803E+04   0.5715164426096E+00   0.2773264360801E+00   0.5820290031122E+00   0.5076428303584E+00
   0.7590000000000E+01   0.5068414636425E+03   0.3398270855258E+00   0.1076675590264E+03  -0.9092045846601E-01   0.2093826101255E+00   0.3830252363185E-01   0.2516438419948E+04   0.2032571384024E+04  -0.3343718346517E+04   0.5709355628238E+00   0.2766464286966E+00   0.5823430698334E+00   0.5083068813321E+00
   0.7600000000000E+01   0.5068366843485E+03   0.3398269379637E+00   0.1076684814899E+03  -0.9091921853227E-01   0.2093705580840E+00   0.3830256107775E-01   0.2516462352574E+04   0.2037444699131E+04  -0.3345478475248E+04   0.5703539516231E+00   0.2759660850564E+00   0.5826563252815E+00   0.5089702313259E+00
   0.7610000000000E+01   0.5068318995625E+03   0.3398268088659E+00   0.1076694029527E+03  -0.9091797776797E-01   0.2093585028683E+00   0.3830259830169E-01   0.2516475066135E+04   0.2042318014460E+04  -0.3347238588097E+04   0.5697716098934E+00   0.2752854061532E+00   0.5829687691466E+00   0.5096328795498E+00
   0.7620000000000E+01   0.5068271092801E+03   0.3398266981626E+00   0.1076703234137E+03  -0.9091673617639E-01   0.2093464444790E+00   0.3830263530647E-01   0.2516476561361E+04   0.2047191304086E+04  -0.3348998685168E+04   0.5691885385212E+00   0.2746043929813E+00   0.5832804011195E+00   0.5102948252151E+00
   0.7630000000000E+01   0.5068223134971E+03   0.3398266057684E+00   0.1076712428714E+03  -0.9091549376059E-01   0.2093343829169E+00   0.3830267209489E-01   0.2516466839042E+04   0.2052064542089E+04  -0.3350758766561E+04   0.5686047383939E+00   0.2739230465347E+00   0.5835912208928E+00   0.5109560675342E+00
   0.7640000000000E+01   0.5068175122094E+03   0.3398265315821E+00   0.1076721613246E+03  -0.9091425052345E-01   0.2093223181826E+00   0.3830270866972E-01   0.2516445900028E+04   0.2056937702555E+04  -0.3352518832381E+04   0.5680202103996E+00   0.2732413678081E+00   0.5839012281599E+00   0.5116166057208E+00
   0.7650000000000E+01   0.5068127054127E+03   0.3398264754879E+00   0.1076730787720E+03  -0.9091300646765E-01   0.2093102502768E+00   0.3830274503368E-01   0.2516413745230E+04   0.2061810759575E+04  -0.3354278882731E+04   0.5674349554273E+00   0.2725593577962E+00   0.5842104226157E+00   0.5122764389898E+00
   0.7660000000000E+01   0.5068078931027E+03   0.3398264373550E+00   0.1076739952122E+03  -0.9091176159567E-01   0.2092981792000E+00   0.3830278118947E-01   0.2516370375620E+04   0.2066683687242E+04  -0.3356038917713E+04   0.5668489743669E+00   0.2718770174941E+00   0.5845188039562E+00   0.5129355665572E+00
   0.7670000000000E+01   0.5068030752752E+03   0.3398264170389E+00   0.1076749106439E+03  -0.9091051590979E-01   0.2092861049530E+00   0.3830281713977E-01   0.2516315792227E+04   0.2071556459659E+04  -0.3357798937431E+04   0.5662622681088E+00   0.2711943478971E+00   0.5848263718786E+00   0.5135939876403E+00
   0.7680000000000E+01   0.5067982519258E+03   0.3398264143812E+00   0.1076758250658E+03  -0.9090926941206E-01   0.2092740275363E+00   0.3830285288721E-01   0.2516249996142E+04   0.2076429050930E+04  -0.3359558941988E+04   0.5656748375446E+00   0.2705113500005E+00   0.5851331260816E+00   0.5142517014574E+00
   0.7690000000000E+01   0.5067934230504E+03   0.3398264292106E+00   0.1076767384766E+03  -0.9090802210436E-01   0.2092619469506E+00   0.3830288843436E-01   0.2516172988517E+04   0.2081301435167E+04  -0.3361318931490E+04   0.5650866835663E+00   0.2698280248001E+00   0.5854390662648E+00   0.5149087072283E+00
   0.7700000000000E+01   0.5067885886446E+03   0.3398264613432E+00   0.1076776508750E+03  -0.9090677398835E-01   0.2092498631965E+00   0.3830292378377E-01   0.2516084770563E+04   0.2086173586487E+04  -0.3363078906039E+04   0.5644978070669E+00   0.2691443732919E+00   0.5857441921294E+00   0.5155650041738E+00
   0.7710000000000E+01   0.5067837487040E+03   0.3398265105829E+00   0.1076785622596E+03  -0.9090552506549E-01   0.2092377762746E+00   0.3830295893795E-01   0.2515985343550E+04   0.2091045479013E+04  -0.3364838865740E+04   0.5639082089401E+00   0.2684603964721E+00   0.5860485033775E+00   0.5162205915158E+00
   0.7720000000000E+01   0.5067789032244E+03   0.3398265767222E+00   0.1076794726291E+03  -0.9090427533703E-01   0.2092256861856E+00   0.3830299389932E-01   0.2515874708808E+04   0.2095917086872E+04  -0.3366598810699E+04   0.5633178900806E+00   0.2677760953371E+00   0.5863519997127E+00   0.5168754684777E+00
   0.7730000000000E+01   0.5067740522015E+03   0.3398266595425E+00   0.1076803819822E+03  -0.9090302480402E-01   0.2092135929299E+00   0.3830302867030E-01   0.2515752867730E+04   0.2100788384200E+04  -0.3368358741019E+04   0.5627268513837E+00   0.2670914708836E+00   0.5866546808397E+00   0.5175296342838E+00
   0.7740000000000E+01   0.5067691956308E+03   0.3398267588148E+00   0.1076812903175E+03  -0.9090177346732E-01   0.2092014965082E+00   0.3830306325321E-01   0.2515619821766E+04   0.2105659345137E+04  -0.3370118656805E+04   0.5621350937454E+00   0.2664065241084E+00   0.5869565464646E+00   0.5181830881597E+00
   0.7750000000000E+01   0.5067643335081E+03   0.3398268743003E+00   0.1076821976337E+03  -0.9090052132757E-01   0.2091893969212E+00   0.3830309765034E-01   0.2515475572426E+04   0.2110529943830E+04  -0.3371878558163E+04   0.5615426180627E+00   0.2657212560086E+00   0.5872575962945E+00   0.5188358293323E+00
   0.7760000000000E+01   0.5067594658289E+03   0.3398270057508E+00   0.1076831039295E+03  -0.9089926838523E-01   0.2091772941693E+00   0.3830313186392E-01   0.2515320121281E+04   0.2115400154433E+04  -0.3373638445199E+04   0.5609494252334E+00   0.2650356675817E+00   0.5875578300379E+00   0.5194878570294E+00
   0.7770000000000E+01   0.5067545925889E+03   0.3398271529095E+00   0.1076840092034E+03  -0.9089801464054E-01   0.2091651882531E+00   0.3830316589612E-01   0.2515153469961E+04   0.2120269951105E+04  -0.3375398318018E+04   0.5603555161557E+00   0.2643497598252E+00   0.5878572474046E+00   0.5201391704805E+00
   0.7780000000000E+01   0.5067497137837E+03   0.3398273155113E+00   0.1076849134542E+03  -0.9089676009356E-01   0.2091530791732E+00   0.3830319974903E-01   0.2514975620156E+04   0.2125139308014E+04  -0.3377158176726E+04   0.5597608917291E+00   0.2636635337368E+00   0.5881558481056E+00   0.5207897689157E+00
   0.7790000000000E+01   0.5067448294089E+03   0.3398274932837E+00   0.1076858166806E+03  -0.9089550474416E-01   0.2091409669302E+00   0.3830323342470E-01   0.2514786573617E+04   0.2130008199333E+04  -0.3378918021429E+04   0.5591655528535E+00   0.2629769903146E+00   0.5884536318531E+00   0.5214396515667E+00
   0.7800000000000E+01   0.5067399394601E+03   0.3398276859470E+00   0.1076867188810E+03  -0.9089424859202E-01   0.2091288515246E+00   0.3830326692510E-01   0.2514586332153E+04   0.2134876599242E+04  -0.3380677852233E+04   0.5585695004297E+00   0.2622901305569E+00   0.5887505983606E+00   0.5220888176663E+00
   0.7810000000000E+01   0.5067350439328E+03   0.3398278932153E+00   0.1076876200543E+03  -0.9089299163662E-01   0.2091167329570E+00   0.3830330025214E-01   0.2514374897633E+04   0.2139744481929E+04  -0.3382437669245E+04   0.5579727353593E+00   0.2616029554621E+00   0.5890467473428E+00   0.5227372664485E+00
   0.7820000000000E+01   0.5067301428226E+03   0.3398281147969E+00   0.1076885201989E+03  -0.9089173387727E-01   0.2091046112279E+00   0.3830333340766E-01   0.2514152271987E+04   0.2144611821590E+04  -0.3384197472572E+04   0.5573752585447E+00   0.2609154660289E+00   0.5893420785157E+00   0.5233849971484E+00
   0.7830000000000E+01   0.5067252361251E+03   0.3398283503949E+00   0.1076894193137E+03  -0.9089047531308E-01   0.2090924863379E+00   0.3830336639343E-01   0.2513918457204E+04   0.2149478592426E+04  -0.3385957262320E+04   0.5567770708890E+00   0.2602276632561E+00   0.5896365915965E+00   0.5240320090023E+00
   0.7840000000000E+01   0.5067203238358E+03   0.3398285997078E+00   0.1076903173971E+03  -0.9088921594302E-01   0.2090803582875E+00   0.3830339921115E-01   0.2513673455332E+04   0.2154344768649E+04  -0.3387717038598E+04   0.5561781732960E+00   0.2595395481430E+00   0.5899302863038E+00   0.5246783012479E+00
   0.7850000000000E+01   0.5067154059503E+03   0.3398288624300E+00   0.1076912144478E+03  -0.9088795576584E-01   0.2090682270772E+00   0.3830343186245E-01   0.2513417268479E+04   0.2159210324474E+04  -0.3389476801511E+04   0.5555785666705E+00   0.2588511216888E+00   0.5902231623573E+00   0.5253238731238E+00
   0.7860000000000E+01   0.5067104824641E+03   0.3398291382525E+00   0.1076921104645E+03  -0.9088669478016E-01   0.2090560927076E+00   0.3830346434889E-01   0.2513149898814E+04   0.2164075234129E+04  -0.3391236551169E+04   0.5549782519178E+00   0.2581623848932E+00   0.5905152194779E+00   0.5259687238701E+00
   0.7870000000000E+01   0.5067055533726E+03   0.3398294268636E+00   0.1076930054458E+03  -0.9088543298441E-01   0.2090439551792E+00   0.3830349667197E-01   0.2512871348563E+04   0.2168939471846E+04  -0.3392996287678E+04   0.5543772299441E+00   0.2574733387558E+00   0.5908064573880E+00   0.5266128527278E+00
   0.7880000000000E+01   0.5067006186714E+03   0.3398297279492E+00   0.1076938993903E+03  -0.9088417037688E-01   0.2090318144926E+00   0.3830352883308E-01   0.2512581620014E+04   0.2173803011866E+04  -0.3394756011147E+04   0.5537755016565E+00   0.2567839842766E+00   0.5910968758109E+00   0.5272562589393E+00
   0.7890000000000E+01   0.5066956783561E+03   0.3398300411935E+00   0.1076947922965E+03  -0.9088290695569E-01   0.2090196706482E+00   0.3830356083358E-01   0.2512280715513E+04   0.2178665828441E+04  -0.3396515721683E+04   0.5531730679625E+00   0.2560943224559E+00   0.5913864744716E+00   0.5278989417482E+00
   0.7900000000000E+01   0.5066907324219E+03   0.3398303662798E+00   0.1076956841632E+03  -0.9088164271880E-01   0.2090075236465E+00   0.3830359267473E-01   0.2511968637467E+04   0.2183527895828E+04  -0.3398275419397E+04   0.5525699297707E+00   0.2554043542941E+00   0.5916752530959E+00   0.5285409003991E+00
   0.7910000000000E+01   0.5066857808645E+03   0.3398307028906E+00   0.1076965749889E+03  -0.9088037766405E-01   0.2089953734881E+00   0.3830362435773E-01   0.2511645388339E+04   0.2188389188293E+04  -0.3400035104395E+04   0.5519660879904E+00   0.2547140807917E+00   0.5919632114112E+00   0.5291821341380E+00
   0.7920000000000E+01   0.5066808236793E+03   0.3398310507087E+00   0.1076974647723E+03  -0.9087911178912E-01   0.2089832201735E+00   0.3830365588370E-01   0.2511310970656E+04   0.2193249680112E+04  -0.3401794776787E+04   0.5513615435314E+00   0.2540235029495E+00   0.5922503491460E+00   0.5298226422119E+00
   0.7930000000000E+01   0.5066758608618E+03   0.3398314094171E+00   0.1076983535119E+03  -0.9087784509157E-01   0.2089710637033E+00   0.3830368725369E-01   0.2510965387002E+04   0.2198109345570E+04  -0.3403554436681E+04   0.5507562973045E+00   0.2533326217687E+00   0.5925366660300E+00   0.5304624238693E+00
   0.7940000000000E+01   0.5066708924073E+03   0.3398317787003E+00   0.1076992412063E+03  -0.9087657756880E-01   0.2089589040778E+00   0.3830371846868E-01   0.2510608640021E+04   0.2202968158959E+04  -0.3405314084188E+04   0.5501503502212E+00   0.2526414382503E+00   0.5928221617944E+00   0.5311014783595E+00
   0.7950000000000E+01   0.5066659183114E+03   0.3398321582442E+00   0.1077001278542E+03  -0.9087530921811E-01   0.2089467412977E+00   0.3830374952956E-01   0.2510240732415E+04   0.2207826094582E+04  -0.3407073719417E+04   0.5495437031938E+00   0.2519499533959E+00   0.5931068361714E+00   0.5317398049334E+00
   0.7960000000000E+01   0.5066609385694E+03   0.3398325477368E+00   0.1077010134541E+03  -0.9087404003668E-01   0.2089345753633E+00   0.3830378043718E-01   0.2509861666946E+04   0.2212683126749E+04  -0.3408833342477E+04   0.5489363571353E+00   0.2512581682070E+00   0.5933906888946E+00   0.5323774028427E+00
   0.7970000000000E+01   0.5066559531767E+03   0.3398329468691E+00   0.1077018980046E+03  -0.9087277002157E-01   0.2089224062753E+00   0.3830381119229E-01   0.2509471446437E+04   0.2217539229783E+04  -0.3410592953478E+04   0.5483283129593E+00   0.2505660836855E+00   0.5936737196987E+00   0.5330142713406E+00
   0.7980000000000E+01   0.5066509621288E+03   0.3398333553349E+00   0.1077027815044E+03  -0.9087149916972E-01   0.2089102340342E+00   0.3830384179558E-01   0.2509070073769E+04   0.2222394378012E+04  -0.3412352552530E+04   0.5477195715805E+00   0.2498737008335E+00   0.5939559283199E+00   0.5336504096814E+00
   0.7990000000000E+01   0.5066459654210E+03   0.3398337728320E+00   0.1077036639519E+03  -0.9087022747800E-01   0.2088980586403E+00   0.3830387224768E-01   0.2508657551881E+04   0.2227248545777E+04  -0.3414112139744E+04   0.5471101339139E+00   0.2491810206530E+00   0.5942373144955E+00   0.5342858171205E+00
   0.8000000000000E+01   0.5066409630487E+03   0.3398341990620E+00   0.1077045453458E+03  -0.9086895494314E-01   0.2088858800943E+00   0.3830390254914E-01   0.2508233883772E+04   0.2232101707428E+04  -0.3415871715230E+04   0.5465000008757E+00   0.2484880441466E+00   0.5945178779641E+00   0.5349204929147E+00
   0.8010000000000E+01   0.5066359550073E+03   0.3398346337313E+00   0.1077054256847E+03  -0.9086768156183E-01   0.2088736983966E+00   0.3830393270043E-01   0.2507799072503E+04   0.2236953837323E+04  -0.3417631279098E+04   0.5458891733825E+00   0.2477947723169E+00   0.5947976184656E+00   0.5355544363218E+00
   0.8020000000000E+01   0.5066309412921E+03   0.3398350765515E+00   0.1077063049671E+03  -0.9086640733062E-01   0.2088615135477E+00   0.3830396270200E-01   0.2507353121189E+04   0.2241804909833E+04  -0.3419390831460E+04   0.5452776523518E+00   0.2471012061665E+00   0.5950765357410E+00   0.5361876466008E+00
   0.8030000000000E+01   0.5066259218986E+03   0.3398355272393E+00   0.1077071831916E+03  -0.9086513224603E-01   0.2088493255482E+00   0.3830399255417E-01   0.2506896033007E+04   0.2246654899337E+04  -0.3421150372427E+04   0.5446654387017E+00   0.2464073466987E+00   0.5953546295327E+00   0.5368201230121E+00
   0.8040000000000E+01   0.5066208968220E+03   0.3398359855176E+00   0.1077080603568E+03  -0.9086385630449E-01   0.2088371343984E+00   0.3830402225725E-01   0.2506427811194E+04   0.2251503780226E+04  -0.3422909902109E+04   0.5440525333513E+00   0.2457131949164E+00   0.5956318995845E+00   0.5374518648171E+00
   0.8050000000000E+01   0.5066158660576E+03   0.3398364511155E+00   0.1077089364612E+03  -0.9086257950235E-01   0.2088249400989E+00   0.3830405181146E-01   0.2505948459044E+04   0.2256351526899E+04  -0.3424669420618E+04   0.5434389372202E+00   0.2450187518232E+00   0.5959083456411E+00   0.5380828712785E+00
   0.8060000000000E+01   0.5066108296009E+03   0.3398369237688E+00   0.1077098115034E+03  -0.9086130183592E-01   0.2088127426502E+00   0.3830408121697E-01   0.2505457979911E+04   0.2261198113767E+04  -0.3426428928066E+04   0.5428246512288E+00   0.2443240184224E+00   0.5961839674488E+00   0.5387131416601E+00
   0.8070000000000E+01   0.5066057874470E+03   0.3398374032206E+00   0.1077106854820E+03  -0.9086002330144E-01   0.2088005420528E+00   0.3830411047389E-01   0.2504956377208E+04   0.2266043515253E+04  -0.3428188424565E+04   0.5422096762982E+00   0.2436289957179E+00   0.5964587647550E+00   0.5393426752270E+00
   0.8080000000000E+01   0.5066007395914E+03   0.3398378892209E+00   0.1077115583955E+03  -0.9085874389511E-01   0.2087883383072E+00   0.3830413958226E-01   0.2504443654406E+04   0.2270887705789E+04  -0.3429947910227E+04   0.5415940133504E+00   0.2429336847136E+00   0.5967327373084E+00   0.5399714712454E+00
   0.8090000000000E+01   0.5065956860293E+03   0.3398383815281E+00   0.1077124302425E+03  -0.9085746361311E-01   0.2087761314138E+00   0.3830416854208E-01   0.2503919815037E+04   0.2275730659818E+04  -0.3431707385164E+04   0.5409776633079E+00   0.2422380864136E+00   0.5970058848588E+00   0.5405995289829E+00
   0.8100000000000E+01   0.5065906267559E+03   0.3398388799084E+00   0.1077133010215E+03  -0.9085618245153E-01   0.2087639213732E+00   0.3830419735328E-01   0.2503384862688E+04   0.2280572351796E+04  -0.3433466849488E+04   0.5403606270941E+00   0.2415422018221E+00   0.5972782071577E+00   0.5412268477080E+00
   0.8110000000000E+01   0.5065855617666E+03   0.3398393841362E+00   0.1077141707310E+03  -0.9085490040649E-01   0.2087517081858E+00   0.3830422601576E-01   0.2502838801010E+04   0.2285412756187E+04  -0.3435226303312E+04   0.5397429056330E+00   0.2408460319436E+00   0.5975497039573E+00   0.5418534266907E+00
   0.8120000000000E+01   0.5065804910567E+03   0.3398398939951E+00   0.1077150393697E+03  -0.9085361747405E-01   0.2087394918522E+00   0.3830425452935E-01   0.2502281633707E+04   0.2290251847471E+04  -0.3436985746749E+04   0.5391244998494E+00   0.2401495777827E+00   0.5978203750115E+00   0.5424792652020E+00
   0.8130000000000E+01   0.5065754146213E+03   0.3398404092772E+00   0.1077159069360E+03  -0.9085233365025E-01   0.2087272723728E+00   0.3830428289384E-01   0.2501713364548E+04   0.2295089600134E+04  -0.3438745179912E+04   0.5385054106689E+00   0.2394528403442E+00   0.5980902200752E+00   0.5431043625141E+00
   0.8140000000000E+01   0.5065703324557E+03   0.3398409297842E+00   0.1077167734285E+03  -0.9085104893115E-01   0.2087150497481E+00   0.3830431110898E-01   0.2501133997355E+04   0.2299925988679E+04  -0.3440504602913E+04   0.5378856390176E+00   0.2387558206331E+00   0.5983592389048E+00   0.5437287179005E+00
   0.8150000000000E+01   0.5065652445553E+03   0.3398414553270E+00   0.1077176388458E+03  -0.9084976331277E-01   0.2087028239786E+00   0.3830433917445E-01   0.2500543536013E+04   0.2304760987617E+04  -0.3442264015867E+04   0.5372651858226E+00   0.2380585196546E+00   0.5986274312578E+00   0.5443523306358E+00
   0.8160000000000E+01   0.5065601509151E+03   0.3398419857263E+00   0.1077185031863E+03  -0.9084847679115E-01   0.2086905950648E+00   0.3830436708992E-01   0.2499941984462E+04   0.2309594571472E+04  -0.3444023418887E+04   0.5366440520114E+00   0.2373609384138E+00   0.5988947968929E+00   0.5449751999960E+00
   0.8170000000000E+01   0.5065550515304E+03   0.3398425208128E+00   0.1077193664486E+03  -0.9084718936232E-01   0.2086783630072E+00   0.3830439485501E-01   0.2499329346704E+04   0.2314426714781E+04  -0.3445782812087E+04   0.5360222385126E+00   0.2366630779163E+00   0.5991613355702E+00   0.5455973252581E+00
   0.8180000000000E+01   0.5065499463965E+03   0.3398430604271E+00   0.1077202286312E+03  -0.9084590102233E-01   0.2086661278064E+00   0.3830442246928E-01   0.2498705626798E+04   0.2319257392093E+04  -0.3447542195580E+04   0.5353997462552E+00   0.2359649391678E+00   0.5994270470511E+00   0.5462187057004E+00
   0.8190000000000E+01   0.5065448355085E+03   0.3398436044202E+00   0.1077210897327E+03  -0.9084461176725E-01   0.2086538894626E+00   0.3830444993229E-01   0.2498070828860E+04   0.2324086577968E+04  -0.3449301569480E+04   0.5347765761690E+00   0.2352665231740E+00   0.5996919310982E+00   0.5468393406023E+00
   0.8200000000000E+01   0.5065397188617E+03   0.3398441526534E+00   0.1077219497515E+03  -0.9084332159316E-01   0.2086416479766E+00   0.3830447724355E-01   0.2497424957067E+04   0.2328914246979E+04  -0.3451060933902E+04   0.5341527291846E+00   0.2345678309409E+00   0.5999559874752E+00   0.5474592292445E+00
   0.8210000000000E+01   0.5065345964511E+03   0.3398447049986E+00   0.1077228086863E+03  -0.9084203049618E-01   0.2086294033487E+00   0.3830450440253E-01   0.2496768015653E+04   0.2333740373713E+04  -0.3452820288961E+04   0.5335282062333E+00   0.2338688634746E+00   0.6002192159473E+00   0.5480783709090E+00
   0.8220000000000E+01   0.5065294682721E+03   0.3398452613382E+00   0.1077236665354E+03  -0.9084073847245E-01   0.2086171555795E+00   0.3830453140869E-01   0.2496100008912E+04   0.2338564932769E+04  -0.3454579634771E+04   0.5329030082469E+00   0.2331696217814E+00   0.6004816162809E+00   0.5486967648787E+00
   0.8230000000000E+01   0.5065243343197E+03   0.3398458215655E+00   0.1077245232974E+03  -0.9083944551815E-01   0.2086049046694E+00   0.3830455826145E-01   0.2495420941193E+04   0.2343387898757E+04  -0.3456338971447E+04   0.5322771361583E+00   0.2324701068678E+00   0.6007431882436E+00   0.5493144104381E+00
   0.8240000000000E+01   0.5065191945891E+03   0.3398463855846E+00   0.1077253789709E+03  -0.9083815162951E-01   0.2085926506190E+00   0.3830458496022E-01   0.2494730816908E+04   0.2348209246304E+04  -0.3458098299103E+04   0.5316505909007E+00   0.2317703197402E+00   0.6010039316044E+00   0.5499313068725E+00
   0.8250000000000E+01   0.5065140490755E+03   0.3398469533104E+00   0.1077262335542E+03  -0.9083685680279E-01   0.2085803934287E+00   0.3830461150438E-01   0.2494029640524E+04   0.2353028950045E+04  -0.3459857617856E+04   0.5310233734083E+00   0.2310702614055E+00   0.6012638461334E+00   0.5505474534688E+00
   0.8260000000000E+01   0.5065088977740E+03   0.3398475246688E+00   0.1077270870460E+03  -0.9083556103431E-01   0.2085681330991E+00   0.3830463789328E-01   0.2493317416566E+04   0.2357846984633E+04  -0.3461616927819E+04   0.5303954846159E+00   0.2303699328705E+00   0.6015229316020E+00   0.5511628495148E+00
   0.8270000000000E+01   0.5065037406797E+03   0.3398480995967E+00   0.1077279394448E+03  -0.9083426432045E-01   0.2085558696306E+00   0.3830466412628E-01   0.2492594149620E+04   0.2362663324731E+04  -0.3463376229110E+04   0.5297669254589E+00   0.2296693351422E+00   0.6017811877829E+00   0.5517774942997E+00
   0.8280000000000E+01   0.5064985777878E+03   0.3398486780418E+00   0.1077287907490E+03  -0.9083296665764E-01   0.2085436030237E+00   0.3830469020270E-01   0.2491859844328E+04   0.2367477945019E+04  -0.3465135521844E+04   0.5291376968737E+00   0.2289684692279E+00   0.6020386144501E+00   0.5523913871139E+00
   0.8290000000000E+01   0.5064934090934E+03   0.3398492599629E+00   0.1077296409571E+03  -0.9083166804238E-01   0.2085313332790E+00   0.3830471612187E-01   0.2491114505390E+04   0.2372290820187E+04  -0.3466894806136E+04   0.5285077997970E+00   0.2282673361349E+00   0.6022952113789E+00   0.5530045272488E+00
   0.8300000000000E+01   0.5064882345916E+03   0.3398498453296E+00   0.1077304900676E+03  -0.9083036847124E-01   0.2085190603969E+00   0.3830474188309E-01   0.2490358137564E+04   0.2377101924940E+04  -0.3468654082102E+04   0.5278772351665E+00   0.2275659368707E+00   0.6025509783457E+00   0.5536169139973E+00
   0.8310000000000E+01   0.5064830542775E+03   0.3398504341225E+00   0.1077313380791E+03  -0.9082906794085E-01   0.2085067843779E+00   0.3830476748568E-01   0.2489590745669E+04   0.2381911234000E+04  -0.3470413349860E+04   0.5272460039204E+00   0.2268642724427E+00   0.6028059151282E+00   0.5542285466533E+00
   0.8320000000000E+01   0.5064778681461E+03   0.3398510263330E+00   0.1077321849899E+03  -0.9082776644792E-01   0.2084945052226E+00   0.3830479292892E-01   0.2488812334578E+04   0.2386718722098E+04  -0.3472172609525E+04   0.5266141069979E+00   0.2261623438589E+00   0.6030600215055E+00   0.5548394245121E+00
   0.8330000000000E+01   0.5064726761927E+03   0.3398516219633E+00   0.1077330307986E+03  -0.9082646398924E-01   0.2084822229314E+00   0.3830481821212E-01   0.2488022909225E+04   0.2391524363983E+04  -0.3473931861214E+04   0.5259815453386E+00   0.2254601521271E+00   0.6033132972578E+00   0.5554495468699E+00
   0.8340000000000E+01   0.5064674784121E+03   0.3398522210263E+00   0.1077338755038E+03  -0.9082516056168E-01   0.2084699375048E+00   0.3830484333457E-01   0.2487222474599E+04   0.2396328134417E+04  -0.3475691105043E+04   0.5253483198828E+00   0.2247576982553E+00   0.6035657421667E+00   0.5560589130246E+00
   0.8350000000000E+01   0.5064622747996E+03   0.3398528235453E+00   0.1077347191037E+03  -0.9082385616220E-01   0.2084576489434E+00   0.3830486829558E-01   0.2486411035750E+04   0.2401130008176E+04  -0.3477450341130E+04   0.5247144315717E+00   0.2240549832516E+00   0.6038173560149E+00   0.5566675222749E+00
   0.8360000000000E+01   0.5064570653502E+03   0.3398534295543E+00   0.1077355615970E+03  -0.9082255078784E-01   0.2084453572476E+00   0.3830489309445E-01   0.2485588597784E+04   0.2405929960052E+04  -0.3479209569592E+04   0.5240798813471E+00   0.2233520081244E+00   0.6040681385866E+00   0.5572753739208E+00
   0.8370000000000E+01   0.5064518500589E+03   0.3398540390975E+00   0.1077364029821E+03  -0.9082124443574E-01   0.2084330624180E+00   0.3830491773049E-01   0.2484755165865E+04   0.2410727964851E+04  -0.3480968790546E+04   0.5234446701513E+00   0.2226487738820E+00   0.6043180896670E+00   0.5578824672637E+00
   0.8380000000000E+01   0.5064466289208E+03   0.3398546522294E+00   0.1077372432575E+03  -0.9081993710312E-01   0.2084207644550E+00   0.3830494220302E-01   0.2483910745214E+04   0.2415523997393E+04  -0.3482728004109E+04   0.5228087989276E+00   0.2219452815331E+00   0.6045672090428E+00   0.5584888016060E+00
   0.8390000000000E+01   0.5064414019308E+03   0.3398552690143E+00   0.1077380824216E+03  -0.9081862878730E-01   0.2084084633591E+00   0.3830496651138E-01   0.2483055341112E+04   0.2420318032514E+04  -0.3484487210399E+04   0.5221722686197E+00   0.2212415320862E+00   0.6048154965017E+00   0.5590943762515E+00
   0.8400000000000E+01   0.5064361690841E+03   0.3398558895266E+00   0.1077389204730E+03  -0.9081731948570E-01   0.2083961591309E+00   0.3830499065491E-01   0.2482188958896E+04   0.2425110045066E+04  -0.3486246409534E+04   0.5215350801723E+00   0.2205375265502E+00   0.6050629518329E+00   0.5596991905051E+00
   0.8410000000000E+01   0.5064309303757E+03   0.3398565138504E+00   0.1077397574100E+03  -0.9081600919584E-01   0.2083838517708E+00   0.3830501463296E-01   0.2481311603961E+04   0.2429900009914E+04  -0.3488005601632E+04   0.5208972345304E+00   0.2198332659340E+00   0.6053095748267E+00   0.5603032436730E+00
   0.8420000000000E+01   0.5064256858005E+03   0.3398571420792E+00   0.1077405932312E+03  -0.9081469791534E-01   0.2083715412794E+00   0.3830503844493E-01   0.2480423281758E+04   0.2434687901940E+04  -0.3489764786810E+04   0.5202587326400E+00   0.2191287512466E+00   0.6055553652747E+00   0.5609065350626E+00
   0.8430000000000E+01   0.5064204353536E+03   0.3398577743156E+00   0.1077414279350E+03  -0.9081338564193E-01   0.2083592276572E+00   0.3830506209021E-01   0.2479523997798E+04   0.2439473696041E+04  -0.3491523965188E+04   0.5196195754477E+00   0.2184239834972E+00   0.6058003229698E+00   0.5615090639824E+00
   0.8440000000000E+01   0.5064151790300E+03   0.3398584106717E+00   0.1077422615198E+03  -0.9081207237342E-01   0.2083469109046E+00   0.3830508556821E-01   0.2478613757649E+04   0.2444257367131E+04  -0.3493283136883E+04   0.5189797639007E+00   0.2177189636950E+00   0.6060444477062E+00   0.5621108297423E+00
   0.8450000000000E+01   0.5064099168246E+03   0.3398590512681E+00   0.1077430939842E+03  -0.9081075810775E-01   0.2083345910222E+00   0.3830510887839E-01   0.2477692566935E+04   0.2449038890138E+04  -0.3495042302015E+04   0.5183392989469E+00   0.2170136928495E+00   0.6062877392793E+00   0.5627118316534E+00
   0.8460000000000E+01   0.5064046487324E+03   0.3398596962341E+00   0.1077439253265E+03  -0.9080944284297E-01   0.2083222680105E+00   0.3830513202021E-01   0.2476760431339E+04   0.2453818240006E+04  -0.3496801460701E+04   0.5176981815348E+00   0.2163081719701E+00   0.6065301974856E+00   0.5633120690280E+00
   0.8470000000000E+01   0.5063993747485E+03   0.3398603457075E+00   0.1077447555453E+03  -0.9080812657721E-01   0.2083099418699E+00   0.3830515499317E-01   0.2475817356600E+04   0.2458595391697E+04  -0.3498560613062E+04   0.5170564126139E+00   0.2156024020665E+00   0.6067718221231E+00   0.5639115411795E+00
   0.8480000000000E+01   0.5063940948678E+03   0.3398609998340E+00   0.1077455846390E+03  -0.9080680930874E-01   0.2082976126010E+00   0.3830517779679E-01   0.2474863348515E+04   0.2463370320187E+04  -0.3500319759215E+04   0.5164139931340E+00   0.2148963841483E+00   0.6070126129910E+00   0.5645102474227E+00
   0.8490000000000E+01   0.5063888090852E+03   0.3398616587672E+00   0.1077464126060E+03  -0.9080549103591E-01   0.2082852802044E+00   0.3830520043062E-01   0.2473898412938E+04   0.2468143000470E+04  -0.3502078899280E+04   0.5157709240456E+00   0.2141901192255E+00   0.6072525698897E+00   0.5651081870737E+00
   0.8500000000000E+01   0.5063835173957E+03   0.3398623226684E+00   0.1077472394447E+03  -0.9080417175720E-01   0.2082729446804E+00   0.3830522289426E-01   0.2472922555781E+04   0.2472913407555E+04  -0.3503838033377E+04   0.5151272063002E+00   0.2134836083079E+00   0.6074916926208E+00   0.5657053594495E+00
   0.8510000000000E+01   0.5063782197942E+03   0.3398629917061E+00   0.1077480651537E+03  -0.9080285147120E-01   0.2082606060296E+00   0.3830524518733E-01   0.2471935783012E+04   0.2477681516468E+04  -0.3505597161626E+04   0.5144828408497E+00   0.2127768524056E+00   0.6077299809873E+00   0.5663017638687E+00
   0.8520000000000E+01   0.5063729162758E+03   0.3398636660558E+00   0.1077488897313E+03  -0.9080153017659E-01   0.2082482642525E+00   0.3830526730948E-01   0.2470938100657E+04   0.2482447302253E+04  -0.3507356284145E+04   0.5138378286466E+00   0.2120698525287E+00   0.6079674347934E+00   0.5668973996509E+00
   0.8530000000000E+01   0.5063676068352E+03   0.3398643458997E+00   0.1077497131760E+03  -0.9080020787218E-01   0.2082359193496E+00   0.3830528926040E-01   0.2469929514797E+04   0.2487210739969E+04  -0.3509115401055E+04   0.5131921706442E+00   0.2113626096875E+00   0.6082040538446E+00   0.5674922661170E+00
   0.8540000000000E+01   0.5063622914675E+03   0.3398650314266E+00   0.1077505354862E+03  -0.9079888455688E-01   0.2082235713214E+00   0.3830531103982E-01   0.2468910031574E+04   0.2491971804693E+04  -0.3510874512475E+04   0.5125458677965E+00   0.2106551248923E+00   0.6084398379474E+00   0.5680863625892E+00
   0.8550000000000E+01   0.5063569701676E+03   0.3398657228311E+00   0.1077513566604E+03  -0.9079756022971E-01   0.2082112201684E+00   0.3830533264752E-01   0.2467879657184E+04   0.2496730471519E+04  -0.3512633618527E+04   0.5118989210581E+00   0.2099473991535E+00   0.6086747869100E+00   0.5686796883909E+00
   0.8560000000000E+01   0.5063516429303E+03   0.3398664203140E+00   0.1077521766970E+03  -0.9079623488979E-01   0.2081988658912E+00   0.3830535408330E-01   0.2466838397879E+04   0.2501486715559E+04  -0.3514392719330E+04   0.5112513313842E+00   0.2092394334818E+00   0.6089089005414E+00   0.5692722428466E+00
   0.8570000000000E+01   0.5063463097506E+03   0.3398671240812E+00   0.1077529955944E+03  -0.9079490853636E-01   0.2081865084901E+00   0.3830537534701E-01   0.2465786259971E+04   0.2506240511941E+04  -0.3516151815004E+04   0.5106030997308E+00   0.2085312288877E+00   0.6091421786521E+00   0.5698640252823E+00
   0.8580000000000E+01   0.5063409706233E+03   0.3398678343441E+00   0.1077538133511E+03  -0.9079358116877E-01   0.2081741479658E+00   0.3830539643855E-01   0.2464723249827E+04   0.2510991835810E+04  -0.3517910905671E+04   0.5099542270544E+00   0.2078227863819E+00   0.6093746210539E+00   0.5704550350249E+00
   0.8590000000000E+01   0.5063356255434E+03   0.3398685513188E+00   0.1077546299654E+03  -0.9079225278645E-01   0.2081617843187E+00   0.3830541735785E-01   0.2463649373870E+04   0.2515740662332E+04  -0.3519669991452E+04   0.5093047143122E+00   0.2071141069752E+00   0.6096062275597E+00   0.5710452714030E+00
   0.8600000000000E+01   0.5063302745058E+03   0.3398692752260E+00   0.1077554454358E+03  -0.9079092338896E-01   0.2081494175493E+00   0.3830543810490E-01   0.2462564638581E+04   0.2520486966687E+04  -0.3521429072466E+04   0.5086545624622E+00   0.2064051916787E+00   0.6098369979836E+00   0.5716347337459E+00
   0.8610000000000E+01   0.5063249175052E+03   0.3398700062907E+00   0.1077562597607E+03  -0.9078959297595E-01   0.2081370476581E+00   0.3830545867972E-01   0.2461469050498E+04   0.2525230724074E+04  -0.3523188148836E+04   0.5080037724629E+00   0.2056960415031E+00   0.6100669321413E+00   0.5722234213846E+00
   0.8620000000000E+01   0.5063195545367E+03   0.3398707447416E+00   0.1077570729386E+03  -0.9078826154718E-01   0.2081246746456E+00   0.3830547908238E-01   0.2460362616215E+04   0.2529971909712E+04  -0.3524947220682E+04   0.5073523452734E+00   0.2049866574597E+00   0.6102960298493E+00   0.5728113336512E+00
   0.8630000000000E+01   0.5063141855950E+03   0.3398714908111E+00   0.1077578849678E+03  -0.9078692910249E-01   0.2081122985123E+00   0.3830549931301E-01   0.2459245342381E+04   0.2534710498835E+04  -0.3526706288126E+04   0.5067002818535E+00   0.2042770405595E+00   0.6105242909257E+00   0.5733984698788E+00
   0.8640000000000E+01   0.5063088106750E+03   0.3398722447350E+00   0.1077586958467E+03  -0.9078559564184E-01   0.2080999192587E+00   0.3830551937176E-01   0.2458117235705E+04   0.2539446466698E+04  -0.3528465351289E+04   0.5060475831639E+00   0.2035671918139E+00   0.6107517151897E+00   0.5739848294022E+00
   0.8650000000000E+01   0.5063034297716E+03   0.3398730067517E+00   0.1077595055739E+03  -0.9078426116528E-01   0.2080875368854E+00   0.3830553925887E-01   0.2456978302948E+04   0.2544179788572E+04  -0.3530224410294E+04   0.5053942501654E+00   0.2028571122341E+00   0.6109783024617E+00   0.5745704115570E+00
   0.8660000000000E+01   0.5062980428795E+03   0.3398737771025E+00   0.1077603141476E+03  -0.9078292567294E-01   0.2080751513927E+00   0.3830555897457E-01   0.2455828550933E+04   0.2548910439749E+04  -0.3531983465261E+04   0.5047402838201E+00   0.2021468028315E+00   0.6112040525634E+00   0.5751552156804E+00
   0.8670000000000E+01   0.5062926499938E+03   0.3398745560307E+00   0.1077611215664E+03  -0.9078158916505E-01   0.2080627627811E+00   0.3830557851920E-01   0.2454667986533E+04   0.2553638395538E+04  -0.3533742516313E+04   0.5040856850901E+00   0.2014362646176E+00   0.6114289653178E+00   0.5757392411105E+00
   0.8680000000000E+01   0.5062872511090E+03   0.3398753437818E+00   0.1077619278285E+03  -0.9078025164194E-01   0.2080503710513E+00   0.3830559789311E-01   0.2453496616682E+04   0.2558363631267E+04  -0.3535501563573E+04   0.5034304549386E+00   0.2007254986039E+00   0.6116530405491E+00   0.5763224871871E+00
   0.8690000000000E+01   0.5062818462202E+03   0.3398761406027E+00   0.1077627329324E+03  -0.9077891310402E-01   0.2080379762036E+00   0.3830561709672E-01   0.2452314448369E+04   0.2563086122283E+04  -0.3537260607161E+04   0.5027745943292E+00   0.2000145058021E+00   0.6118762780828E+00   0.5769049532508E+00
   0.8700000000000E+01   0.5062764353221E+03   0.3398769467419E+00   0.1077635368766E+03  -0.9077757355176E-01   0.2080255782386E+00   0.3830563613047E-01   0.2451121488638E+04   0.2567805843953E+04  -0.3539019647201E+04   0.5021181042264E+00   0.1993032872239E+00   0.6120986777455E+00   0.5774866386438E+00
   0.8710000000000E+01   0.5062710184095E+03   0.3398777624486E+00   0.1077643396594E+03  -0.9077623298576E-01   0.2080131771567E+00   0.3830565499488E-01   0.2449917744591E+04   0.2572522771662E+04  -0.3540778683816E+04   0.5014609855949E+00   0.1985918438810E+00   0.6123202393652E+00   0.5780675427092E+00
   0.8720000000000E+01   0.5062655954773E+03   0.3398785879728E+00   0.1077651412791E+03  -0.9077489140666E-01   0.2080007729585E+00   0.3830567369052E-01   0.2448703223384E+04   0.2577236880815E+04  -0.3542537717127E+04   0.5008032394004E+00   0.1978801767852E+00   0.6125409627712E+00   0.5786476647917E+00
   0.8730000000000E+01   0.5062601665202E+03   0.3398794235650E+00   0.1077659417343E+03  -0.9077354881519E-01   0.2079883656443E+00   0.3830569221798E-01   0.2447477932231E+04   0.2581948146835E+04  -0.3544296747258E+04   0.5001448666091E+00   0.1971682869485E+00   0.6127608477937E+00   0.5792270042371E+00
   0.8740000000000E+01   0.5062547315330E+03   0.3398802694756E+00   0.1077667410233E+03  -0.9077220521216E-01   0.2079759552148E+00   0.3830571057794E-01   0.2446241878401E+04   0.2586656545167E+04  -0.3546055774331E+04   0.4994858681879E+00   0.1964561753828E+00   0.6129798942646E+00   0.5798055603925E+00
   0.8750000000000E+01   0.5062492905105E+03   0.3398811259548E+00   0.1077675391444E+03  -0.9077086059844E-01   0.2079635416703E+00   0.3830572877109E-01   0.2444995069219E+04   0.2591362051275E+04  -0.3547814798471E+04   0.4988262451041E+00   0.1957438431001E+00   0.6131981020166E+00   0.5803833326060E+00
   0.8760000000000E+01   0.5062438434476E+03   0.3398819932523E+00   0.1077683360962E+03  -0.9076951497496E-01   0.2079511250114E+00   0.3830574679821E-01   0.2443737512066E+04   0.2596064640640E+04  -0.3549573819799E+04   0.4981659983260E+00   0.1950312911126E+00   0.6134154708842E+00   0.5809603202275E+00
   0.8770000000000E+01   0.5062383903389E+03   0.3398828716171E+00   0.1077691318769E+03  -0.9076816834275E-01   0.2079387052385E+00   0.3830576466008E-01   0.2442469214378E+04   0.2600764288767E+04  -0.3551332838439E+04   0.4975051288222E+00   0.1943185204324E+00   0.6136320007025E+00   0.5815365226075E+00
   0.8780000000000E+01   0.5062329311792E+03   0.3398837612969E+00   0.1077699264849E+03  -0.9076682070286E-01   0.2079262823521E+00   0.3830578235758E-01   0.2441190183649E+04   0.2605460971178E+04  -0.3553091854516E+04   0.4968436375620E+00   0.1936055320716E+00   0.6138476913083E+00   0.5821119390984E+00
   0.8790000000000E+01   0.5062274659634E+03   0.3398846625382E+00   0.1077707199188E+03  -0.9076547205642E-01   0.2079138563528E+00   0.3830579989161E-01   0.2439900427425E+04   0.2610154663418E+04  -0.3554850868151E+04   0.4961815255154E+00   0.1928923270427E+00   0.6140625425395E+00   0.5826865690533E+00
   0.8800000000000E+01   0.5062219946861E+03   0.3398855755858E+00   0.1077715121767E+03  -0.9076412240462E-01   0.2079014272409E+00   0.3830581726312E-01   0.2438599953311E+04   0.2614845341049E+04  -0.3556609879470E+04   0.4955187936531E+00   0.1921789063578E+00   0.6142765542353E+00   0.5832604118270E+00
   0.8810000000000E+01   0.5062165173422E+03   0.3398865006824E+00   0.1077723032571E+03  -0.9076277174869E-01   0.2078889950169E+00   0.3830583447310E-01   0.2437288768967E+04   0.2619532979656E+04  -0.3558368888596E+04   0.4948554429461E+00   0.1914652710293E+00   0.6144897262359E+00   0.5838334667752E+00
   0.8820000000000E+01   0.5062110339263E+03   0.3398874380689E+00   0.1077730931585E+03  -0.9076142008992E-01   0.2078765596813E+00   0.3830585152262E-01   0.2435966882107E+04   0.2624217554844E+04  -0.3560127895654E+04   0.4941914743663E+00   0.1907514220698E+00   0.6147020583831E+00   0.5844057332552E+00
   0.8830000000000E+01   0.5062055444333E+03   0.3398883879835E+00   0.1077738818791E+03  -0.9076006742963E-01   0.2078641212346E+00   0.3830586841275E-01   0.2434634300501E+04   0.2628899042238E+04  -0.3561886900766E+04   0.4935268888861E+00   0.1900373604917E+00   0.6149135505198E+00   0.5849772106253E+00
   0.8840000000000E+01   0.5062000488578E+03   0.3398893506619E+00   0.1077746694173E+03  -0.9075871376920E-01   0.2078516796773E+00   0.3830588514465E-01   0.2433291031976E+04   0.2633577417485E+04  -0.3563645904058E+04   0.4928616874786E+00   0.1893230873074E+00   0.6151242024899E+00   0.5855478982451E+00
   0.8850000000000E+01   0.5061945471946E+03   0.3398903263367E+00   0.1077754557716E+03  -0.9075735911004E-01   0.2078392350097E+00   0.3830590171949E-01   0.2431937084412E+04   0.2638252656252E+04  -0.3565404905654E+04   0.4921958711173E+00   0.1886086035297E+00   0.6153340141390E+00   0.5861177954757E+00
   0.8860000000000E+01   0.5061890394384E+03   0.3398913152376E+00   0.1077762409402E+03  -0.9075600345359E-01   0.2078267872324E+00   0.3830591813851E-01   0.2430572465746E+04   0.2642924734227E+04  -0.3567163905679E+04   0.4915294407766E+00   0.1878939101710E+00   0.6155429853135E+00   0.5866869016791E+00
   0.8870000000000E+01   0.5061835255840E+03   0.3398923175908E+00   0.1077770249216E+03  -0.9075464680134E-01   0.2078143363459E+00   0.3830593440297E-01   0.2429197183969E+04   0.2647593627120E+04  -0.3568922904257E+04   0.4908623974313E+00   0.1871790082442E+00   0.6157511158613E+00   0.5872552162189E+00
   0.8880000000000E+01   0.5061780056260E+03   0.3398933336191E+00   0.1077778077141E+03  -0.9075328915480E-01   0.2078018823506E+00   0.3830595051419E-01   0.2427811247129E+04   0.2652259310662E+04  -0.3570681901513E+04   0.4901947420568E+00   0.1864638987618E+00   0.6159584056316E+00   0.5878227384597E+00
   0.8890000000000E+01   0.5061724795591E+03   0.3398943635414E+00   0.1077785893161E+03  -0.9075193051550E-01   0.2077894252469E+00   0.3830596647353E-01   0.2426414663327E+04   0.2656921760605E+04  -0.3572440897572E+04   0.4895264756293E+00   0.1857485827367E+00   0.6161648544745E+00   0.5883894677675E+00
   0.8900000000000E+01   0.5061669473782E+03   0.3398954075727E+00   0.1077793697260E+03  -0.9075057088500E-01   0.2077769650353E+00   0.3830598228238E-01   0.2425007440721E+04   0.2661580952722E+04  -0.3574199892559E+04   0.4888575991253E+00   0.1850330611817E+00   0.6163704622416E+00   0.5889554035097E+00
   0.8910000000000E+01   0.5061614090778E+03   0.3398964659239E+00   0.1077801489420E+03  -0.9074921026488E-01   0.2077645017163E+00   0.3830599794218E-01   0.2423589587522E+04   0.2666236862811E+04  -0.3575958886599E+04   0.4881881135221E+00   0.1843173351095E+00   0.6165752287858E+00   0.5895205450547E+00
   0.8920000000000E+01   0.5061558646526E+03   0.3398975388016E+00   0.1077809269627E+03  -0.9074784865672E-01   0.2077520352904E+00   0.3830601345440E-01   0.2422161111998E+04   0.2670889466687E+04  -0.3577717879818E+04   0.4875180197977E+00   0.1836014055332E+00   0.6167791539611E+00   0.5900848917723E+00
   0.8930000000000E+01   0.5061503140974E+03   0.3398986264080E+00   0.1077817037863E+03  -0.9074648606214E-01   0.2077395657579E+00   0.3830602882056E-01   0.2420722022470E+04   0.2675538740191E+04  -0.3579476872340E+04   0.4868473189304E+00   0.1828852734655E+00   0.6169822376226E+00   0.5906484430335E+00
   0.8940000000000E+01   0.5061447574069E+03   0.3398997289404E+00   0.1077824794112E+03  -0.9074512248275E-01   0.2077270931193E+00   0.3830604404221E-01   0.2419272327315E+04   0.2680184659184E+04  -0.3581235864292E+04   0.4861760118992E+00   0.1821689399194E+00   0.6171844796271E+00   0.5912111982108E+00
   0.8950000000000E+01   0.5061391945757E+03   0.3399008465916E+00   0.1077832538357E+03  -0.9074375792018E-01   0.2077146173751E+00   0.3830605912093E-01   0.2417812034964E+04   0.2684827199550E+04  -0.3582994855799E+04   0.4855040996840E+00   0.1814524059080E+00   0.6173858798321E+00   0.5917731566777E+00
   0.8960000000000E+01   0.5061336255985E+03   0.3399019795494E+00   0.1077840270583E+03  -0.9074239237604E-01   0.2077021385257E+00   0.3830607405834E-01   0.2416341153904E+04   0.2689466337194E+04  -0.3584753846987E+04   0.4848315832648E+00   0.1807356724442E+00   0.6175864380966E+00   0.5923343178090E+00
   0.8970000000000E+01   0.5061280504699E+03   0.3399031279966E+00   0.1077847990772E+03  -0.9074102585196E-01   0.2076896565717E+00   0.3830608885609E-01   0.2414859692675E+04   0.2694102048046E+04  -0.3586512837982E+04   0.4841584636224E+00   0.1800187405411E+00   0.6177861542809E+00   0.5928946809810E+00
   0.8980000000000E+01   0.5061224691847E+03   0.3399042921108E+00   0.1077855698908E+03  -0.9073965834956E-01   0.2076771715133E+00   0.3830610351586E-01   0.2413367659873E+04   0.2698734308056E+04  -0.3588271828909E+04   0.4834847417384E+00   0.1793016112117E+00   0.6179850282465E+00   0.5934542455710E+00
   0.8990000000000E+01   0.5061168817375E+03   0.3399054720644E+00   0.1077863394975E+03  -0.9073828987046E-01   0.2076646833510E+00   0.3830611803938E-01   0.2411865064147E+04   0.2703363093198E+04  -0.3590030819896E+04   0.4828104185946E+00   0.1785842854691E+00   0.6181830598560E+00   0.5940130109577E+00
   0.9000000000000E+01   0.5061112881230E+03   0.3399066680244E+00   0.1077871078956E+03  -0.9073692041627E-01   0.2076521920854E+00   0.3830613242838E-01   0.2410351914202E+04   0.2707988379468E+04  -0.3591789811067E+04   0.4821354951737E+00   0.1778667643266E+00   0.6183802489733E+00   0.5945709765211E+00
   0.9010000000000E+01   0.5061056883357E+03   0.3399078801523E+00   0.1077878750834E+03  -0.9073554998857E-01   0.2076396977168E+00   0.3830614668463E-01   0.2408828218797E+04   0.2712610142887E+04  -0.3593548802551E+04   0.4814599724588E+00   0.1771490487971E+00   0.6185765954637E+00   0.5951281416424E+00
   0.9020000000000E+01   0.5061000823705E+03   0.3399091086041E+00   0.1077886410594E+03  -0.9073417858894E-01   0.2076272002457E+00   0.3830616080994E-01   0.2407293986745E+04   0.2717228359497E+04  -0.3595307794472E+04   0.4807838514336E+00   0.1764311398940E+00   0.6187720991935E+00   0.5956845057042E+00
   0.9030000000000E+01   0.5060944702218E+03   0.3399103535304E+00   0.1077894058218E+03  -0.9073280621896E-01   0.2076146996726E+00   0.3830617480613E-01   0.2405749226913E+04   0.2721843005363E+04  -0.3597066786958E+04   0.4801071330824E+00   0.1757130386303E+00   0.6189667600303E+00   0.5962400680902E+00
   0.9040000000000E+01   0.5060888518844E+03   0.3399116150759E+00   0.1077901693689E+03  -0.9073143288015E-01   0.2076021959977E+00   0.3830618867505E-01   0.2404193948222E+04   0.2726454056575E+04  -0.3598825780135E+04   0.4794298183901E+00   0.1749947460194E+00   0.6191605778431E+00   0.5967948281855E+00
   0.9050000000000E+01   0.5060832273528E+03   0.3399128933798E+00   0.1077909316992E+03  -0.9073005857404E-01   0.2075896892217E+00   0.3830620241857E-01   0.2402628159649E+04   0.2731061489245E+04  -0.3600584774130E+04   0.4787519083423E+00   0.1742762630744E+00   0.6193535525019E+00   0.5973487853764E+00
   0.9060000000000E+01   0.5060775966218E+03   0.3399141885753E+00   0.1077916928109E+03  -0.9072868330211E-01   0.2075771793448E+00   0.3830621603858E-01   0.2401051870222E+04   0.2735665279509E+04  -0.3602343769071E+04   0.4780734039248E+00   0.1735575908087E+00   0.6195456838781E+00   0.5979019390506E+00
   0.9070000000000E+01   0.5060719596859E+03   0.3399155007901E+00   0.1077924527024E+03  -0.9072730706583E-01   0.2075646663677E+00   0.3830622953700E-01   0.2399465089027E+04   0.2740265403528E+04  -0.3604102765083E+04   0.4773943061243E+00   0.1728387302354E+00   0.6197369718443E+00   0.5984542885969E+00
   0.9080000000000E+01   0.5060663165397E+03   0.3399168301460E+00   0.1077932113720E+03  -0.9072592986664E-01   0.2075521502906E+00   0.3830624291576E-01   0.2397867825200E+04   0.2744861837484E+04  -0.3605861762295E+04   0.4767146159280E+00   0.1721196823679E+00   0.6199274162742E+00   0.5990058334055E+00
   0.9090000000000E+01   0.5060606671780E+03   0.3399181767590E+00   0.1077939688181E+03  -0.9072455170592E-01   0.2075396311140E+00   0.3830625617681E-01   0.2396260087933E+04   0.2749454557585E+04  -0.3607620760833E+04   0.4760343343236E+00   0.1714004482194E+00   0.6201170170429E+00   0.5995565728678E+00
   0.9100000000000E+01   0.5060550115952E+03   0.3399195407393E+00   0.1077947250390E+03  -0.9072317258505E-01   0.2075271088383E+00   0.3830626932212E-01   0.2394641886471E+04   0.2754043540063E+04  -0.3609379760825E+04   0.4753534622994E+00   0.1706810288033E+00   0.6203057740268E+00   0.6001065063766E+00
   0.9110000000000E+01   0.5060493497861E+03   0.3399209221913E+00   0.1077954800330E+03  -0.9072179250535E-01   0.2075145834641E+00   0.3830628235367E-01   0.2393013230115E+04   0.2758628761174E+04  -0.3611138762398E+04   0.4746720008443E+00   0.1699614251330E+00   0.6204936871033E+00   0.6006556333259E+00
   0.9120000000000E+01   0.5060436817452E+03   0.3399223212136E+00   0.1077962337984E+03  -0.9072041146811E-01   0.2075020549916E+00   0.3830629527346E-01   0.2391374128216E+04   0.2763210197196E+04  -0.3612897765681E+04   0.4739899509477E+00   0.1692416382217E+00   0.6206807561512E+00   0.6012039531109E+00
   0.9130000000000E+01   0.5060380074670E+03   0.3399237378992E+00   0.1077969863336E+03  -0.9071902947457E-01   0.2074895234214E+00   0.3830630808349E-01   0.2389724590181E+04   0.2767787824436E+04  -0.3614656770799E+04   0.4733073135996E+00   0.1685216690827E+00   0.6208669810505E+00   0.6017514651283E+00
   0.9140000000000E+01   0.5060323269463E+03   0.3399251723352E+00   0.1077977376369E+03  -0.9071764652593E-01   0.2074769887537E+00   0.3830632078578E-01   0.2388064625470E+04   0.2772361619221E+04  -0.3616415777883E+04   0.4726240897904E+00   0.1678015187295E+00   0.6210523616823E+00   0.6022981687758E+00
   0.9150000000000E+01   0.5060266401777E+03   0.3399266246031E+00   0.1077984877066E+03  -0.9071626262334E-01   0.2074644509892E+00   0.3830633338236E-01   0.2386394243597E+04   0.2776931557906E+04  -0.3618174787058E+04   0.4719402805114E+00   0.1670811881753E+00   0.6212368979293E+00   0.6028440634525E+00
   0.9160000000000E+01   0.5060209471556E+03   0.3399280947788E+00   0.1077992365411E+03  -0.9071487776792E-01   0.2074519101282E+00   0.3830634587527E-01   0.2384713454129E+04   0.2781497616868E+04  -0.3619933798454E+04   0.4712558867542E+00   0.1663606784336E+00   0.6214205896749E+00   0.6033891485590E+00
   0.9170000000000E+01   0.5060152478747E+03   0.3399295829324E+00   0.1077999841386E+03  -0.9071349196073E-01   0.2074393661711E+00   0.3830635826656E-01   0.2383022266686E+04   0.2786059772511E+04  -0.3621692812198E+04   0.4705709095109E+00   0.1656399905177E+00   0.6216034368043E+00   0.6039334234967E+00
   0.9180000000000E+01   0.5060095423296E+03   0.3399310891289E+00   0.1078007304974E+03  -0.9071210520277E-01   0.2074268191183E+00   0.3830637055828E-01   0.2381320690942E+04   0.2790618001264E+04  -0.3623451828418E+04   0.4698853497744E+00   0.1649191254409E+00   0.6217854392035E+00   0.6044768876688E+00
   0.9190000000000E+01   0.5060038305149E+03   0.3399326134275E+00   0.1078014756160E+03  -0.9071071749499E-01   0.2074142689703E+00   0.3830638275247E-01   0.2379608736623E+04   0.2795172279579E+04  -0.3625210847243E+04   0.4691992085379E+00   0.1641980842167E+00   0.6219665967599E+00   0.6050195404794E+00
   0.9200000000000E+01   0.5059981124251E+03   0.3399341558823E+00   0.1078022194926E+03  -0.9070932883831E-01   0.2074017157275E+00   0.3830639485121E-01   0.2377886413511E+04   0.2799722583935E+04  -0.3626969868801E+04   0.4685124867952E+00   0.1634768678583E+00   0.6221469093622E+00   0.6055613813341E+00
   0.9210000000000E+01   0.5059923880548E+03   0.3399357165420E+00   0.1078029621254E+03  -0.9070793923357E-01   0.2073891593903E+00   0.3830640685655E-01   0.2376153731437E+04   0.2804268890837E+04  -0.3628728893221E+04   0.4678251855409E+00   0.1627554773791E+00   0.6223263769001E+00   0.6061024096397E+00
   0.9220000000000E+01   0.5059866573986E+03   0.3399372954502E+00   0.1078037035129E+03  -0.9070654868157E-01   0.2073765999591E+00   0.3830641877056E-01   0.2374410700288E+04   0.2808811176813E+04  -0.3630487920632E+04   0.4671373057698E+00   0.1620339137926E+00   0.6225049992650E+00   0.6066426248042E+00
   0.9230000000000E+01   0.5059809204510E+03   0.3399388926454E+00   0.1078044436534E+03  -0.9070515718303E-01   0.2073640374343E+00   0.3830643059530E-01   0.2372657330003E+04   0.2813349418419E+04  -0.3632246951161E+04   0.4664488484773E+00   0.1613121781119E+00   0.6226827763489E+00   0.6071820262371E+00
   0.9240000000000E+01   0.5059751772067E+03   0.3399405081611E+00   0.1078051825451E+03  -0.9070376473865E-01   0.2073514718165E+00   0.3830644233283E-01   0.2370893630574E+04   0.2817883592236E+04  -0.3634005984937E+04   0.4657598146597E+00   0.1605902713505E+00   0.6228597080456E+00   0.6077206133489E+00
   0.9250000000000E+01   0.5059694276601E+03   0.3399421420261E+00   0.1078059201863E+03  -0.9070237134903E-01   0.2073389031059E+00   0.3830645398522E-01   0.2369119612046E+04   0.2822413674871E+04  -0.3635765022091E+04   0.4650702053133E+00   0.1598681945217E+00   0.6230357942498E+00   0.6082583855516E+00
   0.9260000000000E+01   0.5059636718059E+03   0.3399437942643E+00   0.1078066565754E+03  -0.9070097701475E-01   0.2073263313030E+00   0.3830646555451E-01   0.2367335284517E+04   0.2826939642955E+04  -0.3637524062749E+04   0.4643800214353E+00   0.1591459486388E+00   0.6232110348575E+00   0.6087953422584E+00
   0.9270000000000E+01   0.5059579096386E+03   0.3399454648951E+00   0.1078073917107E+03  -0.9069958173630E-01   0.2073137564083E+00   0.3830647704277E-01   0.2365540658137E+04   0.2831461473148E+04  -0.3639283107043E+04   0.4636892640233E+00   0.1584235347151E+00   0.6233854297660E+00   0.6093314828838E+00
   0.9280000000000E+01   0.5059521411527E+03   0.3399471539334E+00   0.1078081255905E+03  -0.9069818551412E-01   0.2073011784221E+00   0.3830648845204E-01   0.2363735743108E+04   0.2835979142135E+04  -0.3641042155100E+04   0.4629979340755E+00   0.1577009537639E+00   0.6235589788738E+00   0.6098668068436E+00
   0.9290000000000E+01   0.5059463663429E+03   0.3399488613899E+00   0.1078088582130E+03  -0.9069678834859E-01   0.2072885973448E+00   0.3830649978436E-01   0.2361920549686E+04   0.2840492626627E+04  -0.3642801207049E+04   0.4623060325906E+00   0.1569782067985E+00   0.6237316820807E+00   0.6104013135549E+00
   0.9300000000000E+01   0.5059405852035E+03   0.3399505872709E+00   0.1078095895766E+03  -0.9069539024003E-01   0.2072760131770E+00   0.3830651104177E-01   0.2360095088179E+04   0.2845001903362E+04  -0.3644560263021E+04   0.4616135605678E+00   0.1562552948322E+00   0.6239035392875E+00   0.6109350024359E+00
   0.9310000000000E+01   0.5059347977293E+03   0.3399523315788E+00   0.1078103196795E+03  -0.9069399118869E-01   0.2072634259190E+00   0.3830652222629E-01   0.2358259368948E+04   0.2849506949103E+04  -0.3646319323145E+04   0.4609205190068E+00   0.1555322188781E+00   0.6240745503965E+00   0.6114678729064E+00
   0.9320000000000E+01   0.5059290039146E+03   0.3399540943120E+00   0.1078110485201E+03  -0.9069259119478E-01   0.2072508355712E+00   0.3830653333994E-01   0.2356413402404E+04   0.2854007740643E+04  -0.3648078387550E+04   0.4602269089081E+00   0.1548089799496E+00   0.6242447153112E+00   0.6119999243872E+00
   0.9330000000000E+01   0.5059232037542E+03   0.3399558754652E+00   0.1078117760967E+03  -0.9069119025843E-01   0.2072382421341E+00   0.3830654438473E-01   0.2354557199014E+04   0.2858504254798E+04  -0.3649837456365E+04   0.4595327312723E+00   0.1540855790598E+00   0.6244140339361E+00   0.6125311563006E+00
   0.9340000000000E+01   0.5059173972424E+03   0.3399576750297E+00   0.1078125024075E+03  -0.9068978837970E-01   0.2072256456080E+00   0.3830655536265E-01   0.2352690769293E+04   0.2862996468414E+04  -0.3651596529721E+04   0.4588379871008E+00   0.1533620172219E+00   0.6245825061772E+00   0.6130615680699E+00
   0.9350000000000E+01   0.5059115843739E+03   0.3399594929930E+00   0.1078132274509E+03  -0.9068838555860E-01   0.2072130459935E+00   0.3830656627570E-01   0.2350814123811E+04   0.2867484358361E+04  -0.3653355607747E+04   0.4581426773954E+00   0.1526382954491E+00   0.6247501319416E+00   0.6135911591200E+00
   0.9360000000000E+01   0.5059057651431E+03   0.3399613293396E+00   0.1078139512251E+03  -0.9068698179509E-01   0.2072004432908E+00   0.3830657712584E-01   0.2348927273189E+04   0.2871967901539E+04  -0.3655114690572E+04   0.4574468031586E+00   0.1519144147545E+00   0.6249169111377E+00   0.6141199288770E+00
   0.9370000000000E+01   0.5058999395446E+03   0.3399631840509E+00   0.1078146737285E+03  -0.9068557708905E-01   0.2071878375006E+00   0.3830658791504E-01   0.2347030228101E+04   0.2876447074874E+04  -0.3656873778328E+04   0.4567503653932E+00   0.1511903761512E+00   0.6250828436751E+00   0.6146478767681E+00
   0.9380000000000E+01   0.5058941075730E+03   0.3399650571053E+00   0.1078153949592E+03  -0.9068417144031E-01   0.2071752286231E+00   0.3830659864524E-01   0.2345122999272E+04   0.2880921855319E+04  -0.3658632871144E+04   0.4560533651026E+00   0.1504661806524E+00   0.6252479294645E+00   0.6151750022220E+00
   0.9390000000000E+01   0.5058882692226E+03   0.3399669484785E+00   0.1078161149157E+03  -0.9068276484863E-01   0.2071626166588E+00   0.3830660931838E-01   0.2343205597478E+04   0.2885392219855E+04  -0.3660391969149E+04   0.4553558032907E+00   0.1497418292710E+00   0.6254121684182E+00   0.6157013046685E+00
   0.9400000000000E+01   0.5058824244882E+03   0.3399688581435E+00   0.1078168335962E+03  -0.9068135731372E-01   0.2071500016081E+00   0.3830661993637E-01   0.2341278033549E+04   0.2889858145490E+04  -0.3662151072475E+04   0.4546576809621E+00   0.1490173230202E+00   0.6255755604492E+00   0.6162267835390E+00
   0.9410000000000E+01   0.5058765733641E+03   0.3399707860710E+00   0.1078175509990E+03  -0.9067994883524E-01   0.2071373834715E+00   0.3830663050113E-01   0.2339340318364E+04   0.2894319609262E+04  -0.3663910181251E+04   0.4539589991215E+00   0.1482926629128E+00   0.6257381054722E+00   0.6167514382657E+00
   0.9420000000000E+01   0.5058707158449E+03   0.3399727322295E+00   0.1078182671223E+03  -0.9067853941275E-01   0.2071247622494E+00   0.3830664101454E-01   0.2337392462856E+04   0.2898776588234E+04  -0.3665669295607E+04   0.4532597587745E+00   0.1475678499619E+00   0.6258998034030E+00   0.6172752682826E+00
   0.9430000000000E+01   0.5058648519251E+03   0.3399746965853E+00   0.1078189819645E+03  -0.9067712904581E-01   0.2071121379422E+00   0.3830665147847E-01   0.2335434478009E+04   0.2903229059497E+04  -0.3667428415675E+04   0.4525599609271E+00   0.1468428851804E+00   0.6260606541585E+00   0.6177982730246E+00
   0.9440000000000E+01   0.5058589815992E+03   0.3399766791030E+00   0.1078196955238E+03  -0.9067571773388E-01   0.2070995105503E+00   0.3830666189477E-01   0.2333466374856E+04   0.2907677000173E+04  -0.3669187541584E+04   0.4518596065857E+00   0.1461177695811E+00   0.6262206576570E+00   0.6183204519281E+00
   0.9450000000000E+01   0.5058531048617E+03   0.3399786797453E+00   0.1078204077985E+03  -0.9067430547638E-01   0.2070868800743E+00   0.3830667226529E-01   0.2331488164486E+04   0.2912120387409E+04  -0.3670946673466E+04   0.4511586967572E+00   0.1453925041770E+00   0.6263798138178E+00   0.6188418044307E+00
   0.9460000000000E+01   0.5058472217072E+03   0.3399806984735E+00   0.1078211187869E+03  -0.9067289227267E-01   0.2070742465144E+00   0.3830668259185E-01   0.2329499858035E+04   0.2916559198382E+04  -0.3672705811450E+04   0.4504572324492E+00   0.1446670899809E+00   0.6265381225618E+00   0.6193623299713E+00
   0.9470000000000E+01   0.5058413321301E+03   0.3399827352475E+00   0.1078218284873E+03  -0.9067147812207E-01   0.2070616098712E+00   0.3830669287625E-01   0.2327501466692E+04   0.2920993410297E+04  -0.3674464955668E+04   0.4497552146697E+00   0.1439415280054E+00   0.6266955838107E+00   0.6198820279900E+00
   0.9480000000000E+01   0.5058354361250E+03   0.3399847900262E+00   0.1078225368979E+03  -0.9067006302384E-01   0.2070489701451E+00   0.3830670312028E-01   0.2325493001698E+04   0.2925423000388E+04  -0.3676224106250E+04   0.4490526444270E+00   0.1432158192635E+00   0.6268521974879E+00   0.6204008979284E+00
   0.9490000000000E+01   0.5058295336863E+03   0.3399868627673E+00   0.1078232440170E+03  -0.9066864697717E-01   0.2070363273366E+00   0.3830671332570E-01   0.2323474474344E+04   0.2929847945916E+04  -0.3677983263327E+04   0.4483495227303E+00   0.1424899647676E+00   0.6270079635175E+00   0.6209189392293E+00
   0.9500000000000E+01   0.5058236248085E+03   0.3399889534276E+00   0.1078239498430E+03  -0.9066722998124E-01   0.2070236814460E+00   0.3830672349426E-01   0.2321445895972E+04   0.2934268224173E+04  -0.3679742427030E+04   0.4476458505889E+00   0.1417639655306E+00   0.6271628818254E+00   0.6214361513366E+00
   0.9510000000000E+01   0.5058177094862E+03   0.3399910619637E+00   0.1078246543740E+03  -0.9066581203513E-01   0.2070110324738E+00   0.3830673362770E-01   0.2319407277975E+04   0.2938683812479E+04  -0.3681501597490E+04   0.4469416290129E+00   0.1410378225650E+00   0.6273169523382E+00   0.6219525336957E+00
   0.9520000000000E+01   0.5058117877138E+03   0.3399931883311E+00   0.1078253576084E+03  -0.9066439313792E-01   0.2069983804205E+00   0.3830674372773E-01   0.2317358631798E+04   0.2943094688182E+04  -0.3683260774838E+04   0.4462368590127E+00   0.1403115368833E+00   0.6274701749842E+00   0.6224680857532E+00
   0.9530000000000E+01   0.5058058594859E+03   0.3399953324856E+00   0.1078260595443E+03  -0.9066297328862E-01   0.2069857252864E+00   0.3830675379604E-01   0.2315299968935E+04   0.2947500828660E+04  -0.3685019959205E+04   0.4455315415991E+00   0.1395851094980E+00   0.6276225496926E+00   0.6229828069571E+00
   0.9540000000000E+01   0.5057999247968E+03   0.3399974943825E+00   0.1078267601802E+03  -0.9066155248619E-01   0.2069730670722E+00   0.3830676383431E-01   0.2313231300932E+04   0.2951902211320E+04  -0.3686779150723E+04   0.4448256777838E+00   0.1388585414217E+00   0.6277740763939E+00   0.6234966967565E+00
   0.9550000000000E+01   0.5057939836412E+03   0.3399996739773E+00   0.1078274595142E+03  -0.9066013072957E-01   0.2069604057781E+00   0.3830677384420E-01   0.2311152639384E+04   0.2956298813599E+04  -0.3688538349523E+04   0.4441192685786E+00   0.1381318336666E+00   0.6279247550199E+00   0.6240097546018E+00
   0.9560000000000E+01   0.5057880360135E+03   0.3400018712256E+00   0.1078281575447E+03  -0.9065870801763E-01   0.2069477414047E+00   0.3830678382734E-01   0.2309063995940E+04   0.2960690612962E+04  -0.3690297555735E+04   0.4434123149959E+00   0.1374049872452E+00   0.6280745855037E+00   0.6245219799450E+00
   0.9570000000000E+01   0.5057820819082E+03   0.3400040860835E+00   0.1078288542698E+03  -0.9065728434923E-01   0.2069350739523E+00   0.3830679378535E-01   0.2306965382296E+04   0.2965077586905E+04  -0.3692056769492E+04   0.4427048180487E+00   0.1366780031697E+00   0.6282235677794E+00   0.6250333722390E+00
   0.9580000000000E+01   0.5057761213197E+03   0.3400063185074E+00   0.1078295496879E+03  -0.9065585972318E-01   0.2069224034216E+00   0.3830680371983E-01   0.2304856810199E+04   0.2969459712954E+04  -0.3693815990925E+04   0.4419967787502E+00   0.1359508824524E+00   0.6283717017826E+00   0.6255439309382E+00
   0.9590000000000E+01   0.5057701542427E+03   0.3400085684547E+00   0.1078302437973E+03  -0.9065443413823E-01   0.2069097298128E+00   0.3830681363237E-01   0.2302738291448E+04   0.2973836968662E+04  -0.3695575220165E+04   0.4412881981144E+00   0.1352236261055E+00   0.6285189874499E+00   0.6260536554983E+00
   0.9600000000000E+01   0.5057641806714E+03   0.3400108358834E+00   0.1078309365961E+03  -0.9065300759313E-01   0.2068970531265E+00   0.3830682352453E-01   0.2300609837891E+04   0.2978209331614E+04  -0.3697334457344E+04   0.4405790771557E+00   0.1344962351410E+00   0.6286654247193E+00   0.6265625453760E+00
   0.9610000000000E+01   0.5057582006005E+03   0.3400131207526E+00   0.1078316280827E+03  -0.9065158008658E-01   0.2068843733632E+00   0.3830683339786E-01   0.2298471461427E+04   0.2982576779426E+04  -0.3699093702594E+04   0.4398694168887E+00   0.1337687105710E+00   0.6288110135299E+00   0.6270706000298E+00
   0.9620000000000E+01   0.5057522140245E+03   0.3400154230225E+00   0.1078323182553E+03  -0.9065015161724E-01   0.2068716905233E+00   0.3830684325389E-01   0.2296323174004E+04   0.2986939289742E+04  -0.3700852956046E+04   0.4391592183289E+00   0.1330410534075E+00   0.6289557538221E+00   0.6275778189190E+00
   0.9630000000000E+01   0.5057462209377E+03   0.3400177426545E+00   0.1078330071122E+03  -0.9064872218377E-01   0.2068590046072E+00   0.3830685309413E-01   0.2294164987620E+04   0.2991296840237E+04  -0.3702612217832E+04   0.4384484824921E+00   0.1323132646624E+00   0.6290996455375E+00   0.6280842015044E+00
   0.9640000000000E+01   0.5057402213347E+03   0.3400200796115E+00   0.1078336946516E+03  -0.9064729178477E-01   0.2068463156154E+00   0.3830686292007E-01   0.2291996914324E+04   0.2995649408616E+04  -0.3704371488084E+04   0.4377372103943E+00   0.1315853453476E+00   0.6292426886190E+00   0.6285897472482E+00
   0.9650000000000E+01   0.5057342152099E+03   0.3400224338580E+00   0.1078343808719E+03  -0.9064586041884E-01   0.2068336235485E+00   0.3830687273319E-01   0.2289818966215E+04   0.2999996972616E+04  -0.3706130766934E+04   0.4370254030525E+00   0.1308572964749E+00   0.6293848830106E+00   0.6290944556136E+00
   0.9660000000000E+01   0.5057282025579E+03   0.3400248053600E+00   0.1078350657712E+03  -0.9064442808452E-01   0.2068209284068E+00   0.3830688253496E-01   0.2287631155441E+04   0.3004339510003E+04  -0.3707890054514E+04   0.4363130614837E+00   0.1301291190561E+00   0.6295262286577E+00   0.6295983260655E+00
   0.9670000000000E+01   0.5057221833730E+03   0.3400271940856E+00   0.1078357493478E+03  -0.9064299478037E-01   0.2068082301909E+00   0.3830689232681E-01   0.2285433494198E+04   0.3008676998573E+04  -0.3709649350956E+04   0.4356001867056E+00   0.1294008141026E+00   0.6296667255068E+00   0.6301013580696E+00
   0.9680000000000E+01   0.5057161576499E+03   0.3400296000047E+00   0.1078364316001E+03  -0.9064156050491E-01   0.2067955289012E+00   0.3830690211019E-01   0.2283225994736E+04   0.3013009416155E+04  -0.3711408656391E+04   0.4348867797364E+00   0.1286723826263E+00   0.6298063735057E+00   0.6306035510932E+00
   0.9690000000000E+01   0.5057101253829E+03   0.3400320230890E+00   0.1078371125261E+03  -0.9064012525663E-01   0.2067828245383E+00   0.3830691188650E-01   0.2281008669350E+04   0.3017336740607E+04  -0.3713167970953E+04   0.4341728415946E+00   0.1279438256384E+00   0.6299451726033E+00   0.6311049046050E+00
   0.9700000000000E+01   0.5057040865665E+03   0.3400344633127E+00   0.1078377921243E+03  -0.9063868903402E-01   0.2067701171025E+00   0.3830692165714E-01   0.2278781530388E+04   0.3021658949819E+04  -0.3714927294773E+04   0.4334583732993E+00   0.1272151441506E+00   0.6300831227499E+00   0.6316054180746E+00
   0.9710000000000E+01   0.5056980411953E+03   0.3400369206522E+00   0.1078384703928E+03  -0.9063725183555E-01   0.2067574065943E+00   0.3830693142350E-01   0.2276544590245E+04   0.3025976021711E+04  -0.3716686627983E+04   0.4327433758700E+00   0.1264863391741E+00   0.6302202238969E+00   0.6321050909732E+00
   0.9720000000000E+01   0.5056919892636E+03   0.3400393950861E+00   0.1078391473300E+03  -0.9063581365968E-01   0.2067446930144E+00   0.3830694118695E-01   0.2274297861367E+04   0.3030287934236E+04  -0.3718445970716E+04   0.4320278503267E+00   0.1257574117202E+00   0.6303564759971E+00   0.6326039227732E+00
   0.9730000000000E+01   0.5056859307659E+03   0.3400418865958E+00   0.1078398229340E+03  -0.9063437450484E-01   0.2067319763631E+00   0.3830695094885E-01   0.2272041356247E+04   0.3034594665378E+04  -0.3720205323103E+04   0.4313117976897E+00   0.1250283628001E+00   0.6304918790042E+00   0.6331019129483E+00
   0.9740000000000E+01   0.5056798656968E+03   0.3400443951648E+00   0.1078404972031E+03  -0.9063293436948E-01   0.2067192566409E+00   0.3830696071055E-01   0.2269775087430E+04   0.3038896193150E+04  -0.3721964685278E+04   0.4305952189801E+00   0.1242991934250E+00   0.6306264328736E+00   0.6335990609735E+00
   0.9750000000000E+01   0.5056737940507E+03   0.3400469207798E+00   0.1078411701356E+03  -0.9063149325201E-01   0.2067065338483E+00   0.3830697047338E-01   0.2267499067507E+04   0.3043192495599E+04  -0.3723724057373E+04   0.4298781152191E+00   0.1235699046059E+00   0.6307601375614E+00   0.6340953663251E+00
   0.9760000000000E+01   0.5056677158220E+03   0.3400494634297E+00   0.1078418417298E+03  -0.9063005115087E-01   0.2066938079859E+00   0.3830698023866E-01   0.2265213309121E+04   0.3047483550803E+04  -0.3725483439520E+04   0.4291604874285E+00   0.1228404973536E+00   0.6308929930253E+00   0.6345908284805E+00
   0.9770000000000E+01   0.5056616310053E+03   0.3400520231067E+00   0.1078425119838E+03  -0.9062860806446E-01   0.2066810790541E+00   0.3830699000770E-01   0.2262917824962E+04   0.3051769336872E+04  -0.3727242831852E+04   0.4284423366306E+00   0.1221109726792E+00   0.6310249992242E+00   0.6350854469187E+00
   0.9780000000000E+01   0.5056555395950E+03   0.3400545998055E+00   0.1078431808960E+03  -0.9062716399120E-01   0.2066683470535E+00   0.3830699978181E-01   0.2260612627769E+04   0.3056049831947E+04  -0.3729002234501E+04   0.4277236638481E+00   0.1213813315933E+00   0.6311561561180E+00   0.6355792211199E+00
   0.9790000000000E+01   0.5056494415855E+03   0.3400571935240E+00   0.1078438484645E+03  -0.9062571892951E-01   0.2066556119844E+00   0.3830700956227E-01   0.2258297730330E+04   0.3060325014202E+04  -0.3730761647601E+04   0.4270044701042E+00   0.1206515751066E+00   0.6312864636680E+00   0.6360721505654E+00
   0.9800000000000E+01   0.5056433369714E+03   0.3400598042630E+00   0.1078445146877E+03  -0.9062427287779E-01   0.2066428738475E+00   0.3830701935038E-01   0.2255973145482E+04   0.3064594861843E+04  -0.3732521071282E+04   0.4262847564223E+00   0.1199217042298E+00   0.6314159218368E+00   0.6365642347380E+00
   0.9810000000000E+01   0.5056372257471E+03   0.3400624320264E+00   0.1078451795638E+03  -0.9062282583446E-01   0.2066301326433E+00   0.3830702914739E-01   0.2253638886110E+04   0.3068859353106E+04  -0.3734280505679E+04   0.4255645238267E+00   0.1191917199734E+00   0.6315445305880E+00   0.6370554731218E+00
   0.9820000000000E+01   0.5056311079070E+03   0.3400650768212E+00   0.1078458430911E+03  -0.9062137779794E-01   0.2066173883722E+00   0.3830703895459E-01   0.2251294965148E+04   0.3073118466264E+04  -0.3736039950925E+04   0.4248437733417E+00   0.1184616233476E+00   0.6316722898865E+00   0.6375458652020E+00
   0.9830000000000E+01   0.5056249834457E+03   0.3400677386578E+00   0.1078465052677E+03  -0.9061992876666E-01   0.2066046410348E+00   0.3830704877323E-01   0.2248941395578E+04   0.3077372179616E+04  -0.3737799407151E+04   0.4241225059923E+00   0.1177314153630E+00   0.6317991996987E+00   0.6380354104653E+00
   0.9840000000000E+01   0.5056188523576E+03   0.3400704175493E+00   0.1078471660920E+03  -0.9061847873905E-01   0.2065918906316E+00   0.3830705860455E-01   0.2246578190430E+04   0.3081620471500E+04  -0.3739558874490E+04   0.4234007228038E+00   0.1170010970297E+00   0.6319252599917E+00   0.6385241083996E+00
   0.9850000000000E+01   0.5056127146372E+03   0.3400731135127E+00   0.1078478255621E+03  -0.9061702771356E-01   0.2065791371631E+00   0.3830706844982E-01   0.2244205362783E+04   0.3085863320283E+04  -0.3741318353076E+04   0.4226784248021E+00   0.1162706693577E+00   0.6320504707343E+00   0.6390119584941E+00
   0.9860000000000E+01   0.5056065702790E+03   0.3400758265677E+00   0.1078484836764E+03  -0.9061557568862E-01   0.2065663806298E+00   0.3830707831027E-01   0.2241822925764E+04   0.3090100704364E+04  -0.3743077843042E+04   0.4219556130134E+00   0.1155401333572E+00   0.6321748318964E+00   0.6394989602393E+00
   0.9870000000000E+01   0.5056004192774E+03   0.3400785567376E+00   0.1078491404331E+03  -0.9061412266272E-01   0.2065536210322E+00   0.3830708818714E-01   0.2239430892548E+04   0.3094332602177E+04  -0.3744837344520E+04   0.4212322884644E+00   0.1148094900380E+00   0.6322983434488E+00   0.6399851131269E+00
   0.9880000000000E+01   0.5055942616268E+03   0.3400813040490E+00   0.1078497958305E+03  -0.9061266863432E-01   0.2065408583710E+00   0.3830709808166E-01   0.2237029276357E+04   0.3098558992189E+04  -0.3746596857643E+04   0.4205084521822E+00   0.1140787404100E+00   0.6324210053640E+00   0.6404704166502E+00
   0.9890000000000E+01   0.5055880973219E+03   0.3400840685317E+00   0.1078504498667E+03  -0.9061121360192E-01   0.2065280926465E+00   0.3830710799507E-01   0.2234618090462E+04   0.3102779852898E+04  -0.3748356382545E+04   0.4197841051943E+00   0.1133478854829E+00   0.6325428176155E+00   0.6409548703035E+00
   0.9900000000000E+01   0.5055819263569E+03   0.3400868502191E+00   0.1078511025400E+03  -0.9060975756402E-01   0.2065153238594E+00   0.3830711792860E-01   0.2232197348182E+04   0.3106995162836E+04  -0.3750115919358E+04   0.4190592485288E+00   0.1126169262662E+00   0.6326637801780E+00   0.6414384735824E+00
   0.9910000000000E+01   0.5055757487265E+03   0.3400896491477E+00   0.1078517538488E+03  -0.9060830051915E-01   0.2065025520102E+00   0.3830712788346E-01   0.2229767062884E+04   0.3111204900570E+04  -0.3751875468216E+04   0.4183338832140E+00   0.1118858637695E+00   0.6327838930273E+00   0.6419212259840E+00
   0.9920000000000E+01   0.5055695644250E+03   0.3400924653575E+00   0.1078524037911E+03  -0.9060684246586E-01   0.2064897770993E+00   0.3830713786090E-01   0.2227327247980E+04   0.3115409044698E+04  -0.3753635029251E+04   0.4176080102787E+00   0.1111546990021E+00   0.6329031561408E+00   0.6424031270065E+00
   0.9930000000000E+01   0.5055633734469E+03   0.3400952988917E+00   0.1078530523654E+03  -0.9060538340269E-01   0.2064769991274E+00   0.3830714786214E-01   0.2224877916933E+04   0.3119607573852E+04  -0.3755394602597E+04   0.4168816307523E+00   0.1104234329734E+00   0.6330215694968E+00   0.6428841761495E+00
   0.9940000000000E+01   0.5055571757868E+03   0.3400981497969E+00   0.1078536995697E+03  -0.9060392332825E-01   0.2064642180950E+00   0.3830715788840E-01   0.2222419083251E+04   0.3123800466699E+04  -0.3757154188388E+04   0.4161547456644E+00   0.1096920666925E+00   0.6331391330749E+00   0.6433643729139E+00
   0.9950000000000E+01   0.5055509714391E+03   0.3401010181232E+00   0.1078543454025E+03  -0.9060246224114E-01   0.2064514340026E+00   0.3830716794092E-01   0.2219950760492E+04   0.3127987701938E+04  -0.3758913786755E+04   0.4154273560450E+00   0.1089606011684E+00   0.6332558468560E+00   0.6438437168018E+00
   0.9960000000000E+01   0.5055447603982E+03   0.3401039039236E+00   0.1078549898618E+03  -0.9060100013997E-01   0.2064386468508E+00   0.3830717802092E-01   0.2217472962258E+04   0.3132169258303E+04  -0.3760673397833E+04   0.4146994629249E+00   0.1082290374100E+00   0.6333717108220E+00   0.6443222073167E+00
   0.9970000000000E+01   0.5055385426586E+03   0.3401068072547E+00   0.1078556329461E+03  -0.9059953702341E-01   0.2064258566401E+00   0.3830718812965E-01   0.2214985702200E+04   0.3136345114560E+04  -0.3762433021754E+04   0.4139710673347E+00   0.1074973764263E+00   0.6334867249564E+00   0.6447998439634E+00
   0.9980000000000E+01   0.5055323182148E+03   0.3401097281763E+00   0.1078562746534E+03  -0.9059807289014E-01   0.2064130633711E+00   0.3830719826833E-01   0.2212488994017E+04   0.3140515249511E+04  -0.3764192658653E+04   0.4132421703061E+00   0.1067656192258E+00   0.6336008892434E+00   0.6452766262480E+00
   0.9990000000000E+01   0.5055260870613E+03   0.3401126667512E+00   0.1078569149821E+03  -0.9059660773885E-01   0.2064002670443E+00   0.3830720843821E-01   0.2209982851453E+04   0.3144679641992E+04  -0.3765952308662E+04   0.4125127728706E+00   0.1060337668172E+00   0.6337142036690E+00   0.6457525536777E+00
   0.1000000000000E+02   0.5055198491926E+03   0.3401156230457E+00   0.1078575539304E+03  -0.9059514156828E-01   0.2063874676603E+00   0.3830721864054E-01   0.2207467288300E+04   0.3148838270872E+04  -0.3767711971915E+04   0.4117828760606E+00   0.1053018202089E+00   0.6338266682200E+00   0.6462276257613E+00
   0.1001000000000E+02   0.5055136046030E+03   0.3401185971289E+00   0.1078581914965E+03  -0.9059367437719E-01   0.2063746652196E+00   0.3830722887657E-01   0.2204942318397E+04   0.3152991115054E+04  -0.3769471648545E+04   0.4110524809086E+00   0.1045697804092E+00   0.6339382828845E+00   0.6467018420088E+00
   0.1002000000000E+02   0.5055073532872E+03   0.3401215890731E+00   0.1078588276787E+03  -0.9059220616435E-01   0.2063618597228E+00   0.3830723914755E-01   0.2202407955631E+04   0.3157138153477E+04  -0.3771231338685E+04   0.4103215884476E+00   0.1038376484264E+00   0.6340490476519E+00   0.6471752019313E+00
   0.1003000000000E+02   0.5055010952396E+03   0.3401245989538E+00   0.1078594624753E+03  -0.9059073692859E-01   0.2063490511705E+00   0.3830724945475E-01   0.2199864213932E+04   0.3161279365114E+04  -0.3772991042469E+04   0.4095901997111E+00   0.1031054252685E+00   0.6341589625128E+00   0.6476477050415E+00
   0.1004000000000E+02   0.5054948304546E+03   0.3401276268492E+00   0.1078600958844E+03  -0.9058926666875E-01   0.2063362395632E+00   0.3830725979944E-01   0.2197311107280E+04   0.3165414728973E+04  -0.3774750760031E+04   0.4088583157328E+00   0.1023731119435E+00   0.6342680274590E+00   0.6481193508533E+00
   0.1005000000000E+02   0.5054885589268E+03   0.3401306728407E+00   0.1078607279044E+03  -0.9058779538370E-01   0.2063234249014E+00   0.3830727018290E-01   0.2194748649701E+04   0.3169544224094E+04  -0.3776510491504E+04   0.4081259375471E+00   0.1016407094592E+00   0.6343762424834E+00   0.6485901388817E+00
   0.1006000000000E+02   0.5054822806505E+03   0.3401337370123E+00   0.1078613585335E+03  -0.9058632307234E-01   0.2063106071858E+00   0.3830728060641E-01   0.2192176855266E+04   0.3173667829555E+04  -0.3778270237021E+04   0.4073930661885E+00   0.1009082188232E+00   0.6344836075804E+00   0.6490600686433E+00
   0.1007000000000E+02   0.5054759956204E+03   0.3401368194510E+00   0.1078619877698E+03  -0.9058484973362E-01   0.2062977864169E+00   0.3830729107129E-01   0.2189595738093E+04   0.3177785524468E+04  -0.3780029996716E+04   0.4066597026922E+00   0.1001756410432E+00   0.6345901227453E+00   0.6495291396558E+00
   0.1008000000000E+02   0.5054697038309E+03   0.3401399202465E+00   0.1078626156118E+03  -0.9058337536650E-01   0.2062849625954E+00   0.3830730157882E-01   0.2187005312347E+04   0.3181897287979E+04  -0.3781789770723E+04   0.4059258480935E+00   0.9944297712656E-01   0.6346957879748E+00   0.6499973514383E+00
   0.1009000000000E+02   0.5054634052764E+03   0.3401430394909E+00   0.1078632420575E+03  -0.9058189996998E-01   0.2062721357216E+00   0.3830731213034E-01   0.2184405592238E+04   0.3186003099270E+04  -0.3783549559174E+04   0.4051915034283E+00   0.9871022808057E-01   0.6348006032668E+00   0.6504647035112E+00
   0.1010000000000E+02   0.5054570999515E+03   0.3401461772793E+00   0.1078638671054E+03  -0.9058042354309E-01   0.2062593057963E+00   0.3830732272716E-01   0.2181796592024E+04   0.3190102937559E+04  -0.3785309362205E+04   0.4044566697328E+00   0.9797739491238E-01   0.6349045686203E+00   0.6509311953962E+00
   0.1011000000000E+02   0.5054507878506E+03   0.3401493337090E+00   0.1078644907535E+03  -0.9057894608490E-01   0.2062464728201E+00   0.3830733337062E-01   0.2179178326006E+04   0.3194196782097E+04  -0.3787069179947E+04   0.4037213480437E+00   0.9724447862899E-01   0.6350076840357E+00   0.6513968266162E+00
   0.1012000000000E+02   0.5054444689683E+03   0.3401525088799E+00   0.1078651130002E+03  -0.9057746759449E-01   0.2062336367934E+00   0.3830734406208E-01   0.2176550808533E+04   0.3198284612173E+04  -0.3788829012536E+04   0.4029855393980E+00   0.9651148023729E-01   0.6351099495144E+00   0.6518615966955E+00
   0.1013000000000E+02   0.5054381432990E+03   0.3401557028942E+00   0.1078657338437E+03  -0.9057598807100E-01   0.2062207977169E+00   0.3830735480290E-01   0.2173914054000E+04   0.3202366407110E+04  -0.3790588860103E+04   0.4022492448332E+00   0.9577840074399E-01   0.6352113650591E+00   0.6523255051597E+00
   0.1014000000000E+02   0.5054318108372E+03   0.3401589158564E+00   0.1078663532822E+03  -0.9057450751360E-01   0.2062079555912E+00   0.3830736559445E-01   0.2171268076846E+04   0.3206442146267E+04  -0.3792348722784E+04   0.4015124653869E+00   0.9504524115568E-01   0.6353119306738E+00   0.6527885515357E+00
   0.1015000000000E+02   0.5054254715774E+03   0.3401621478730E+00   0.1078669713140E+03  -0.9057302592147E-01   0.2061951104168E+00   0.3830737643812E-01   0.2168612891557E+04   0.3210511809038E+04  -0.3794108600712E+04   0.4007752020975E+00   0.9431200247880E-01   0.6354116463636E+00   0.6532507353518E+00
   0.1016000000000E+02   0.5054191255141E+03   0.3401653990529E+00   0.1078675879374E+03  -0.9057154329384E-01   0.2061822621943E+00   0.3830738733531E-01   0.2165948512665E+04   0.3214575374854E+04  -0.3795868494020E+04   0.4000374560035E+00   0.9357868571965E-01   0.6355105121349E+00   0.6537120561373E+00
   0.1017000000000E+02   0.5054127726418E+03   0.3401686695067E+00   0.1078682031505E+03  -0.9057005962998E-01   0.2061694109243E+00   0.3830739828745E-01   0.2163274954745E+04   0.3218632823181E+04  -0.3797628402842E+04   0.3992992281439E+00   0.9284529188436E-01   0.6356085279952E+00   0.6541725134231E+00
   0.1018000000000E+02   0.5054064129549E+03   0.3401719593473E+00   0.1078688169517E+03  -0.9056857492917E-01   0.2061565566075E+00   0.3830740929594E-01   0.2160592232420E+04   0.3222684133522E+04  -0.3799388327312E+04   0.3985605195581E+00   0.9211182197893E-01   0.6357056939532E+00   0.6546321067414E+00
   0.1019000000000E+02   0.5054000464481E+03   0.3401752686890E+00   0.1078694293392E+03  -0.9056708919074E-01   0.2061436992444E+00   0.3830742036225E-01   0.2157900360357E+04   0.3226729285414E+04  -0.3801148267563E+04   0.3978213312858E+00   0.9137827700921E-01   0.6358020100190E+00   0.6550908356256E+00
   0.1020000000000E+02   0.5053936731158E+03   0.3401785976481E+00   0.1078700403112E+03  -0.9056560241405E-01   0.2061308388355E+00   0.3830743148784E-01   0.2155199353268E+04   0.3230768258434E+04  -0.3802908223729E+04   0.3970816643670E+00   0.9064465798089E-01   0.6358974762038E+00   0.6555486996103E+00
   0.1021000000000E+02   0.5053872929525E+03   0.3401819463424E+00   0.1078706498659E+03  -0.9056411459849E-01   0.2061179753816E+00   0.3830744267417E-01   0.2152489225911E+04   0.3234801032192E+04  -0.3804668195945E+04   0.3963415198424E+00   0.8991096589950E-01   0.6359920925198E+00   0.6560056982316E+00
   0.1022000000000E+02   0.5053809059527E+03   0.3401853148914E+00   0.1078712580017E+03  -0.9056262574348E-01   0.2061051088831E+00   0.3830745392273E-01   0.2149769993089E+04   0.3238827586334E+04  -0.3806428184343E+04   0.3956008987528E+00   0.8917720177042E-01   0.6360858589807E+00   0.6564618310269E+00
   0.1023000000000E+02   0.5053745121109E+03   0.3401887034160E+00   0.1078718647168E+03  -0.9056113584847E-01   0.2060922393407E+00   0.3830746523504E-01   0.2147041669647E+04   0.3242847900546E+04  -0.3808188189057E+04   0.3948598021393E+00   0.8844336659889E-01   0.6361787756014E+00   0.6569170975348E+00
   0.1024000000000E+02   0.5053681114216E+03   0.3401921120382E+00   0.1078724700094E+03  -0.9055964491295E-01   0.2060793667550E+00   0.3830747661261E-01   0.2144304270480E+04   0.3246861954548E+04  -0.3809948210221E+04   0.3941182310438E+00   0.8770946138996E-01   0.6362708423977E+00   0.6573714972952E+00
   0.1025000000000E+02   0.5053617038793E+03   0.3401955408816E+00   0.1078730738778E+03  -0.9055815293643E-01   0.2060664911266E+00   0.3830748805698E-01   0.2141557810522E+04   0.3250869728096E+04  -0.3811708247969E+04   0.3933761865081E+00   0.8697548714854E-01   0.6363620593869E+00   0.6578250298495E+00
   0.1026000000000E+02   0.5053552894786E+03   0.3401989900709E+00   0.1078736763202E+03  -0.9055665991845E-01   0.2060536124561E+00   0.3830749956971E-01   0.2138802304757E+04   0.3254871200985E+04  -0.3813468302435E+04   0.3926336695746E+00   0.8624144487938E-01   0.6364524265875E+00   0.6582776947401E+00
   0.1027000000000E+02   0.5053488682140E+03   0.3402024597315E+00   0.1078742773348E+03  -0.9055516585859E-01   0.2060407307441E+00   0.3830751115237E-01   0.2136037768209E+04   0.3258866353046E+04  -0.3815228373752E+04   0.3918906812860E+00   0.8550733558706E-01   0.6365419440191E+00   0.6587294915111E+00
   0.1028000000000E+02   0.5053424400800E+03   0.3402059499902E+00   0.1078748769200E+03  -0.9055367075646E-01   0.2060278459911E+00   0.3830752280655E-01   0.2133264215949E+04   0.3262855164147E+04  -0.3816988462053E+04   0.3911472226855E+00   0.8477316027599E-01   0.6366306117024E+00   0.6591804197075E+00
   0.1029000000000E+02   0.5053360050710E+03   0.3402094609745E+00   0.1078754750740E+03  -0.9055217461168E-01   0.2060149581979E+00   0.3830753453385E-01   0.2130481663091E+04   0.3266837614192E+04  -0.3818748567474E+04   0.3904032948165E+00   0.8403891995043E-01   0.6367184296595E+00   0.6596304788758E+00
   0.1030000000000E+02   0.5053295631817E+03   0.3402129928125E+00   0.1078760717949E+03  -0.9055067742391E-01   0.2060020673650E+00   0.3830754633590E-01   0.2127690124795E+04   0.3270813683125E+04  -0.3820508690147E+04   0.3896588987229E+00   0.8330461561445E-01   0.6368053979136E+00   0.6600796685640E+00
   0.1031000000000E+02   0.5053231144065E+03   0.3402165456332E+00   0.1078766670812E+03  -0.9054917919284E-01   0.2059891734931E+00   0.3830755821433E-01   0.2124889616264E+04   0.3274783350923E+04  -0.3822268830206E+04   0.3889140354487E+00   0.8257024827197E-01   0.6368915164892E+00   0.6605279883210E+00
   0.1032000000000E+02   0.5053166587400E+03   0.3402201195661E+00   0.1078772609310E+03  -0.9054767991818E-01   0.2059762765826E+00   0.3830757017081E-01   0.2122080152745E+04   0.3278746597605E+04  -0.3824028987785E+04   0.3881687060387E+00   0.8183581892674E-01   0.6369767854118E+00   0.6609754376974E+00
   0.1033000000000E+02   0.5053101961768E+03   0.3402237147411E+00   0.1078778533426E+03  -0.9054617959968E-01   0.2059633766344E+00   0.3830758220700E-01   0.2119261749528E+04   0.3282703403224E+04  -0.3825789163018E+04   0.3874229115376E+00   0.8110132858233E-01   0.6370612047084E+00   0.6614220162448E+00
   0.1034000000000E+02   0.5053037267112E+03   0.3402273312884E+00   0.1078784443141E+03  -0.9054467823709E-01   0.2059504736489E+00   0.3830759432461E-01   0.2116434421949E+04   0.3286653747873E+04  -0.3827549356038E+04   0.3866766529907E+00   0.8036677824212E-01   0.6371447744070E+00   0.6618677235164E+00
   0.1035000000000E+02   0.5052972503380E+03   0.3402309693388E+00   0.1078790338440E+03  -0.9054317583021E-01   0.2059375676267E+00   0.3830760652533E-01   0.2113598185386E+04   0.3290597611680E+04  -0.3829309566979E+04   0.3859299314437E+00   0.7963216890936E-01   0.6372274945367E+00   0.6623125590665E+00
   0.1036000000000E+02   0.5052907670515E+03   0.3402346290230E+00   0.1078796219304E+03  -0.9054167237885E-01   0.2059246585686E+00   0.3830761881090E-01   0.2110753055262E+04   0.3294534974813E+04  -0.3831069795975E+04   0.3851827479425E+00   0.7889750158708E-01   0.6373093651280E+00   0.6627565224507E+00
   0.1037000000000E+02   0.5052842768464E+03   0.3402383104718E+00   0.1078802085717E+03  -0.9054016788283E-01   0.2059117464751E+00   0.3830763118307E-01   0.2107899047042E+04   0.3298465817478E+04  -0.3832830043160E+04   0.3844351035335E+00   0.7816277727815E-01   0.6373903862126E+00   0.6631996132260E+00
   0.1038000000000E+02   0.5052777797172E+03   0.3402420138161E+00   0.1078807937659E+03  -0.9053866234202E-01   0.2058988313468E+00   0.3830764364358E-01   0.2105036176237E+04   0.3302390119917E+04  -0.3834590308667E+04   0.3836869992633E+00   0.7742799698527E-01   0.6374705578232E+00   0.6636418309508E+00
   0.1039000000000E+02   0.5052712756585E+03   0.3402457391868E+00   0.1078813775115E+03  -0.9053715575630E-01   0.2058859131844E+00   0.3830765619423E-01   0.2102164458398E+04   0.3306307862411E+04  -0.3836350592630E+04   0.3829384361789E+00   0.7669316171094E-01   0.6375498799939E+00   0.6640831751847E+00
   0.1040000000000E+02   0.5052647646647E+03   0.3402494867144E+00   0.1078819598066E+03  -0.9053564812556E-01   0.2058729919885E+00   0.3830766883681E-01   0.2099283909122E+04   0.3310219025280E+04  -0.3838110895182E+04   0.3821894153277E+00   0.7595827245749E-01   0.6376283527600E+00   0.6645236454885E+00
   0.1041000000000E+02   0.5052582467306E+03   0.3402532565293E+00   0.1078825406495E+03  -0.9053413944972E-01   0.2058600677597E+00   0.3830768157314E-01   0.2096394544049E+04   0.3314123588881E+04  -0.3839871216458E+04   0.3814399377574E+00   0.7522333022707E-01   0.6377059761578E+00   0.6649632414245E+00
   0.1042000000000E+02   0.5052517218505E+03   0.3402570487616E+00   0.1078831200385E+03  -0.9053262972871E-01   0.2058471404986E+00   0.3830769440503E-01   0.2093496378859E+04   0.3318021533610E+04  -0.3841631556591E+04   0.3806900045161E+00   0.7448833602162E-01   0.6377827502249E+00   0.6654019625563E+00
   0.1043000000000E+02   0.5052451900190E+03   0.3402608635407E+00   0.1078836979719E+03  -0.9053111896249E-01   0.2058342102058E+00   0.3830770733435E-01   0.2090589429280E+04   0.3321912839902E+04  -0.3843391915714E+04   0.3799396166521E+00   0.7375329084293E-01   0.6378586750003E+00   0.6658398084487E+00
   0.1044000000000E+02   0.5052386512308E+03   0.3402647009958E+00   0.1078842744478E+03  -0.9052960715103E-01   0.2058212768821E+00   0.3830772036295E-01   0.2087673711078E+04   0.3325797488228E+04  -0.3845152293961E+04   0.3791887752141E+00   0.7301819569258E-01   0.6379337505237E+00   0.6662767786679E+00
   0.1045000000000E+02   0.5052321054804E+03   0.3402685612553E+00   0.1078848494646E+03  -0.9052809429430E-01   0.2058083405279E+00   0.3830773349272E-01   0.2084749240066E+04   0.3329675459101E+04  -0.3846912691467E+04   0.3784374812513E+00   0.7228305157196E-01   0.6380079768366E+00   0.6667128727814E+00
   0.1046000000000E+02   0.5052255527623E+03   0.3402724444471E+00   0.1078854230204E+03  -0.9052658039231E-01   0.2057954011440E+00   0.3830774672555E-01   0.2081816032097E+04   0.3333546733069E+04  -0.3848673108364E+04   0.3776857358130E+00   0.7154785948228E-01   0.6380813539812E+00   0.6671480903580E+00
   0.1047000000000E+02   0.5052189930712E+03   0.3402763506982E+00   0.1078859951137E+03  -0.9052506544507E-01   0.2057824587310E+00   0.3830776006337E-01   0.2078874103067E+04   0.3337411290723E+04  -0.3850433544785E+04   0.3769335399490E+00   0.7081262042454E-01   0.6381538820012E+00   0.6675824309678E+00
   0.1048000000000E+02   0.5052124264016E+03   0.3402802801349E+00   0.1078865657425E+03  -0.9052354945260E-01   0.2057695132894E+00   0.3830777350809E-01   0.2075923468916E+04   0.3341269112690E+04  -0.3852194000866E+04   0.3761808947093E+00   0.7007733539958E-01   0.6382255609414E+00   0.6680158941822E+00
   0.1049000000000E+02   0.5052058527480E+03   0.3402842328826E+00   0.1078871349052E+03  -0.9052203241495E-01   0.2057565648200E+00   0.3830778706166E-01   0.2072964145624E+04   0.3345120179636E+04  -0.3853954476738E+04   0.3754278011444E+00   0.6934200540800E-01   0.6382963908476E+00   0.6684484795740E+00
   0.1050000000000E+02   0.5051992721051E+03   0.3402882090658E+00   0.1078877026001E+03  -0.9052051433215E-01   0.2057436133234E+00   0.3830780072604E-01   0.2069996149216E+04   0.3348964472266E+04  -0.3855714972537E+04   0.3746742603049E+00   0.6860663145023E-01   0.6383663717671E+00   0.6688801867172E+00
   0.1051000000000E+02   0.5051926844674E+03   0.3402922088077E+00   0.1078882688254E+03  -0.9051899520427E-01   0.2057306588002E+00   0.3830781450322E-01   0.2067019495756E+04   0.3352801971327E+04  -0.3857475488394E+04   0.3739202732419E+00   0.6787121452651E-01   0.6384355037483E+00   0.6693110151873E+00
   0.1052000000000E+02   0.5051860898296E+03   0.3402962322309E+00   0.1078888335793E+03  -0.9051747503136E-01   0.2057177012510E+00   0.3830782839517E-01   0.2064034201354E+04   0.3356632657602E+04  -0.3859236024445E+04   0.3731658410068E+00   0.6713575563687E-01   0.6385037868407E+00   0.6697409645609E+00
   0.1053000000000E+02   0.5051794881862E+03   0.3403002794564E+00   0.1078893968602E+03  -0.9051595381350E-01   0.2057047406764E+00   0.3830784240392E-01   0.2061040282159E+04   0.3360456511915E+04  -0.3860996580821E+04   0.3724109646513E+00   0.6640025578112E-01   0.6385712210949E+00   0.6701700344159E+00
   0.1054000000000E+02   0.5051728795318E+03   0.3403043506043E+00   0.1078899586663E+03  -0.9051443155077E-01   0.2056917770772E+00   0.3830785653147E-01   0.2058037754363E+04   0.3364273515128E+04  -0.3862757157657E+04   0.3716556452274E+00   0.6566471595890E-01   0.6386378065631E+00   0.6705982243318E+00
   0.1055000000000E+02   0.5051662638610E+03   0.3403084457934E+00   0.1078905189958E+03  -0.9051290824326E-01   0.2056788104539E+00   0.3830787077986E-01   0.2055026634201E+04   0.3368083648143E+04  -0.3864517755087E+04   0.3708998837874E+00   0.6492913716964E-01   0.6387035432982E+00   0.6710255338892E+00
   0.1056000000000E+02   0.5051596411685E+03   0.3403125651410E+00   0.1078910778471E+03  -0.9051138389104E-01   0.2056658408073E+00   0.3830788515114E-01   0.2052006937946E+04   0.3371886891903E+04  -0.3866278373242E+04   0.3701436813840E+00   0.6419352041254E-01   0.6387684313545E+00   0.6714519626700E+00
   0.1057000000000E+02   0.5051530114488E+03   0.3403167087634E+00   0.1078916352183E+03  -0.9050985849423E-01   0.2056528681378E+00   0.3830789964737E-01   0.2048978681918E+04   0.3375683227390E+04  -0.3868039012258E+04   0.3693870390703E+00   0.6345786668662E-01   0.6388324707877E+00   0.6718775102575E+00
   0.1058000000000E+02   0.5051463746965E+03   0.3403208767752E+00   0.1078921911079E+03  -0.9050833205290E-01   0.2056398924462E+00   0.3830791427062E-01   0.2045941882474E+04   0.3379472635624E+04  -0.3869799672267E+04   0.3686299578994E+00   0.6272217699068E-01   0.6388956616543E+00   0.6723021762362E+00
   0.1059000000000E+02   0.5051397309062E+03   0.3403250692898E+00   0.1078927455139E+03  -0.9050680456716E-01   0.2056269137332E+00   0.3830792902299E-01   0.2042896556014E+04   0.3383255097668E+04  -0.3871560353402E+04   0.3678724389250E+00   0.6198645232332E-01   0.6389580040122E+00   0.6727259601922E+00
   0.1060000000000E+02   0.5051330800726E+03   0.3403292864188E+00   0.1078932984347E+03  -0.9050527603711E-01   0.2056139319993E+00   0.3830794390657E-01   0.2039842718980E+04   0.3387030594621E+04  -0.3873321055798E+04   0.3671144832009E+00   0.6125069368292E-01   0.6390194979206E+00   0.6731488617125E+00
   0.1061000000000E+02   0.5051264221903E+03   0.3403335282727E+00   0.1078938498686E+03  -0.9050374646284E-01   0.2056009472452E+00   0.3830795892347E-01   0.2036780387856E+04   0.3390799107627E+04  -0.3875081779586E+04   0.3663560917815E+00   0.6051490206765E-01   0.6390801434395E+00   0.6735708803857E+00
   0.1062000000000E+02   0.5051197572540E+03   0.3403377949600E+00   0.1078943998138E+03  -0.9050221584445E-01   0.2055879594716E+00   0.3830797407583E-01   0.2033709579163E+04   0.3394560617866E+04  -0.3876842524901E+04   0.3655972657213E+00   0.5977907847547E-01   0.6391399406305E+00   0.6739920158018E+00
   0.1063000000000E+02   0.5051130852581E+03   0.3403420865881E+00   0.1078949482687E+03  -0.9050068418204E-01   0.2055749686791E+00   0.3830798936576E-01   0.2030630309468E+04   0.3398315106559E+04  -0.3878603291875E+04   0.3648380060750E+00   0.5904322390413E-01   0.6391988895562E+00   0.6744122675517E+00
   0.1064000000000E+02   0.5051064061975E+03   0.3403464032623E+00   0.1078954952313E+03  -0.9049915147569E-01   0.2055619748683E+00   0.3830800479542E-01   0.2027542595376E+04   0.3402062554970E+04  -0.3880364080642E+04   0.3640783138979E+00   0.5830733935114E-01   0.6392569902804E+00   0.6748316352281E+00
   0.1065000000000E+02   0.5050997200666E+03   0.3403507450867E+00   0.1078960407002E+03  -0.9049761772550E-01   0.2055489780399E+00   0.3830802036697E-01   0.2024446453535E+04   0.3405802944400E+04  -0.3882124891336E+04   0.3633181902454E+00   0.5757142581382E-01   0.6393142428681E+00   0.6752501184248E+00
   0.1066000000000E+02   0.5050930268603E+03   0.3403551121634E+00   0.1078965846734E+03  -0.9049608293155E-01   0.2055359781946E+00   0.3830803608257E-01   0.2021341900630E+04   0.3409536256192E+04  -0.3883885724088E+04   0.3625576361731E+00   0.5683548428926E-01   0.6393706473853E+00   0.6756677167367E+00
   0.1067000000000E+02   0.5050863265730E+03   0.3403595045931E+00   0.1078971271494E+03  -0.9049454709392E-01   0.2055229753330E+00   0.3830805194439E-01   0.2018228953391E+04   0.3413262471730E+04  -0.3885646579032E+04   0.3617966527373E+00   0.5609951577432E-01   0.6394262038996E+00   0.6760844297605E+00
   0.1068000000000E+02   0.5050796191994E+03   0.3403639224746E+00   0.1078976681263E+03  -0.9049301021267E-01   0.2055099694558E+00   0.3830806795463E-01   0.2015107628585E+04   0.3416981572437E+04  -0.3887407456301E+04   0.3610352409942E+00   0.5536352126566E-01   0.6394809124794E+00   0.6765002570937E+00
   0.1069000000000E+02   0.5050729047343E+03   0.3403683659050E+00   0.1078982076025E+03  -0.9049147228788E-01   0.2054969605636E+00   0.3830808411547E-01   0.2011977943023E+04   0.3420693539780E+04  -0.3889168356029E+04   0.3602734020004E+00   0.5462750175971E-01   0.6395347731944E+00   0.6769151983356E+00
   0.1070000000000E+02   0.5050661831723E+03   0.3403728349798E+00   0.1078987455761E+03  -0.9048993331961E-01   0.2054839486570E+00   0.3830810042912E-01   0.2008839913552E+04   0.3424398355262E+04  -0.3890929278348E+04   0.3595111368129E+00   0.5389145825265E-01   0.6395877861156E+00   0.6773292530865E+00
   0.1071000000000E+02   0.5050594545080E+03   0.3403773297927E+00   0.1078992820456E+03  -0.9048839330789E-01   0.2054709337368E+00   0.3830811689778E-01   0.2005693557063E+04   0.3428096000432E+04  -0.3892690223390E+04   0.3587484464889E+00   0.5315539174046E-01   0.6396399513150E+00   0.6777424209480E+00
   0.1072000000000E+02   0.5050527187361E+03   0.3403818504357E+00   0.1078998170091E+03  -0.9048685225277E-01   0.2054579158036E+00   0.3830813352369E-01   0.2002538890485E+04   0.3431786456877E+04  -0.3894451191290E+04   0.3579853320860E+00   0.5241930321890E-01   0.6396912688658E+00   0.6781547015233E+00
   0.1073000000000E+02   0.5050459758512E+03   0.3403863969989E+00   0.1079003504650E+03  -0.9048531015429E-01   0.2054448948580E+00   0.3830815030906E-01   0.1999375930789E+04   0.3435469706225E+04  -0.3896212182180E+04   0.3572217946619E+00   0.5168319368347E-01   0.6397417388426E+00   0.6785660944166E+00
   0.1074000000000E+02   0.5050392258482E+03   0.3403909695710E+00   0.1079008824115E+03  -0.9048376701245E-01   0.2054318709007E+00   0.3830816725613E-01   0.1996204694983E+04   0.3439145730147E+04  -0.3897973196192E+04   0.3564578352747E+00   0.5094706412947E-01   0.6397913613210E+00   0.6789765992336E+00
   0.1075000000000E+02   0.5050324687215E+03   0.3403955682386E+00   0.1079014128469E+03  -0.9048222282727E-01   0.2054188439324E+00   0.3830818436713E-01   0.1993025200117E+04   0.3442814510353E+04  -0.3899734233460E+04   0.3556934549828E+00   0.5021091555195E-01   0.6398401363777E+00   0.6793862155813E+00
   0.1076000000000E+02   0.5050257044660E+03   0.3404001930868E+00   0.1079019417695E+03  -0.9048067759874E-01   0.2054058139537E+00   0.3830820164432E-01   0.1989837463280E+04   0.3446476028597E+04  -0.3901495294116E+04   0.3549286548449E+00   0.4947474894573E-01   0.6398880640908E+00   0.6797949430680E+00
   0.1077000000000E+02   0.5050189330763E+03   0.3404048441989E+00   0.1079024691776E+03  -0.9047913132685E-01   0.2053927809654E+00   0.3830821908993E-01   0.1986641501601E+04   0.3450130266671E+04  -0.3903256378293E+04   0.3541634359199E+00   0.4873856530541E-01   0.6399351445394E+00   0.6802027813033E+00
   0.1078000000000E+02   0.5050121545471E+03   0.3404095216564E+00   0.1079029950695E+03  -0.9047758401157E-01   0.2053797449680E+00   0.3830823670624E-01   0.1983437332248E+04   0.3453777206413E+04  -0.3905017486123E+04   0.3533977992671E+00   0.4800236562532E-01   0.6399813778038E+00   0.6806097298981E+00
   0.1079000000000E+02   0.5050053688731E+03   0.3404142255393E+00   0.1079035194433E+03  -0.9047603565285E-01   0.2053667059622E+00   0.3830825449549E-01   0.1980224972430E+04   0.3457416829698E+04  -0.3906778617740E+04   0.3526317459459E+00   0.4726615089960E-01   0.6400267639656E+00   0.6810157884646E+00
   0.1080000000000E+02   0.5049985760491E+03   0.3404189559257E+00   0.1079040422975E+03  -0.9047448625064E-01   0.2053536639487E+00   0.3830827245996E-01   0.1977004439392E+04   0.3461049118446E+04  -0.3908539773275E+04   0.3518652770161E+00   0.4652992212211E-01   0.6400713031074E+00   0.6814209566165E+00
   0.1081000000000E+02   0.5049917760697E+03   0.3404237128923E+00   0.1079045636304E+03  -0.9047293580487E-01   0.2053406189283E+00   0.3830829060192E-01   0.1973775750422E+04   0.3464674054617E+04  -0.3910300952862E+04   0.3510983935378E+00   0.4579368028650E-01   0.6401149953132E+00   0.6818252339685E+00
   0.1082000000000E+02   0.5049849689296E+03   0.3404284965139E+00   0.1079050834401E+03  -0.9047138431544E-01   0.2053275709014E+00   0.3830830892363E-01   0.1970538922843E+04   0.3468291620214E+04  -0.3912062156632E+04   0.3503310965713E+00   0.4505742638616E-01   0.6401578406679E+00   0.6822286201370E+00
   0.1083000000000E+02   0.5049781546236E+03   0.3404333068637E+00   0.1079056017249E+03  -0.9046983178226E-01   0.2053145198689E+00   0.3830832742738E-01   0.1967293974022E+04   0.3471901797280E+04  -0.3913823384718E+04   0.3495633871772E+00   0.4432116141423E-01   0.6401998392578E+00   0.6826311147394E+00
   0.1084000000000E+02   0.5049713331464E+03   0.3404381440135E+00   0.1079061184833E+03  -0.9046827820521E-01   0.2053014658314E+00   0.3830834611544E-01   0.1964040921360E+04   0.3475504567903E+04  -0.3915584637253E+04   0.3487952664164E+00   0.4358488636364E-01   0.6402409911704E+00   0.6830327173945E+00
   0.1085000000000E+02   0.5049645044928E+03   0.3404430080333E+00   0.1079066337134E+03  -0.9046672358415E-01   0.2052884087895E+00   0.3830836499011E-01   0.1960779782301E+04   0.3479099914211E+04  -0.3917345914368E+04   0.3480267353500E+00   0.4284860222704E-01   0.6402812964941E+00   0.6834334277226E+00
   0.1086000000000E+02   0.5049576686574E+03   0.3404478989917E+00   0.1079071474136E+03  -0.9046516791893E-01   0.2052753487440E+00   0.3830838405365E-01   0.1957510574324E+04   0.3482687818374E+04  -0.3919107216197E+04   0.3472577950395E+00   0.4211230999685E-01   0.6403207553188E+00   0.6838332453450E+00
   0.1087000000000E+02   0.5049508256350E+03   0.3404528169557E+00   0.1079076595821E+03  -0.9046361120940E-01   0.2052622856956E+00   0.3830840330837E-01   0.1954233314949E+04   0.3486268262605E+04  -0.3920868542870E+04   0.3464884465464E+00   0.4137601066524E-01   0.6403593677353E+00   0.6842321698846E+00
   0.1088000000000E+02   0.5049439754204E+03   0.3404577619908E+00   0.1079081702173E+03  -0.9046205345535E-01   0.2052492196448E+00   0.3830842275654E-01   0.1950948021733E+04   0.3489841229161E+04  -0.3922629894522E+04   0.3457186909328E+00   0.4063970522412E-01   0.6403971338357E+00   0.6846302009655E+00
   0.1089000000000E+02   0.5049371180083E+03   0.3404627341613E+00   0.1079086793174E+03  -0.9046049465660E-01   0.2052361505924E+00   0.3830844240045E-01   0.1947654712273E+04   0.3493406700337E+04  -0.3924391271282E+04   0.3449485292609E+00   0.3990339466517E-01   0.6404340537134E+00   0.6850273382130E+00
   0.1090000000000E+02   0.5049302533935E+03   0.3404677335297E+00   0.1079091868807E+03  -0.9045893481291E-01   0.2052230785391E+00   0.3830846224241E-01   0.1944353404203E+04   0.3496964658475E+04  -0.3926152673285E+04   0.3441779625930E+00   0.3916707997979E-01   0.6404701274627E+00   0.6854235812540E+00
   0.1091000000000E+02   0.5049233815707E+03   0.3404727601574E+00   0.1079096929056E+03  -0.9045737392406E-01   0.2052100034856E+00   0.3830848228469E-01   0.1941044115195E+04   0.3500515085958E+04  -0.3927914100661E+04   0.3434069919920E+00   0.3843076215916E-01   0.6405053551793E+00   0.6858189297166E+00
   0.1092000000000E+02   0.5049165025347E+03   0.3404778141044E+00   0.1079101973902E+03  -0.9045581198979E-01   0.2051969254325E+00   0.3830850252959E-01   0.1937726862960E+04   0.3504057965210E+04  -0.3929675553542E+04   0.3426356185207E+00   0.3769444219416E-01   0.6405397369599E+00   0.6862133832300E+00
   0.1093000000000E+02   0.5049096162803E+03   0.3404828954294E+00   0.1079107003330E+03  -0.9045424900982E-01   0.2051838443806E+00   0.3830852297941E-01   0.1934401665247E+04   0.3507593278700E+04  -0.3931437032061E+04   0.3418638432425E+00   0.3695812107547E-01   0.6405732729026E+00   0.6866069414249E+00
   0.1094000000000E+02   0.5049027228023E+03   0.3404880041897E+00   0.1079112017322E+03  -0.9045268498386E-01   0.2051707603305E+00   0.3830854363642E-01   0.1931068539842E+04   0.3511121008940E+04  -0.3933198536349E+04   0.3410916672208E+00   0.3622179979346E-01   0.6406059631064E+00   0.6869996039335E+00
   0.1095000000000E+02   0.5048958220954E+03   0.3404931404418E+00   0.1079117015861E+03  -0.9045111991161E-01   0.2051576732829E+00   0.3830856450292E-01   0.1927727504569E+04   0.3514641138483E+04  -0.3934960066539E+04   0.3403190915193E+00   0.3548547933827E-01   0.6406378076717E+00   0.6873913703890E+00
   0.1096000000000E+02   0.5048889141545E+03   0.3404983042405E+00   0.1079121998931E+03  -0.9044955379274E-01   0.2051445832385E+00   0.3830858558121E-01   0.1924378577289E+04   0.3518153649926E+04  -0.3936721622761E+04   0.3395461172020E+00   0.3474916069976E-01   0.6406688066999E+00   0.6877822404260E+00
   0.1097000000000E+02   0.5048819989743E+03   0.3405034956400E+00   0.1079126966513E+03  -0.9044798662690E-01   0.2051314901980E+00   0.3830860687356E-01   0.1921021775903E+04   0.3521658525909E+04  -0.3938483205147E+04   0.3387727453332E+00   0.3401284486755E-01   0.6406989602936E+00   0.6881722136806E+00
   0.1098000000000E+02   0.5048750765497E+03   0.3405087146929E+00   0.1079131918592E+03  -0.9044641841372E-01   0.2051183941622E+00   0.3830862838227E-01   0.1917657118347E+04   0.3525155749115E+04  -0.3940244813829E+04   0.3379989769774E+00   0.3327653283099E-01   0.6407282685567E+00   0.6885612897900E+00
   0.1099000000000E+02   0.5048681468754E+03   0.3405139614514E+00   0.1079136855150E+03  -0.9044484915283E-01   0.2051052951316E+00   0.3830865010963E-01   0.1914284622594E+04   0.3528645302272E+04  -0.3942006448939E+04   0.3372248131992E+00   0.3254022557915E-01   0.6407567315941E+00   0.6889494683929E+00
   0.1100000000000E+02   0.5048612099463E+03   0.3405192359661E+00   0.1079141776171E+03  -0.9044327884382E-01   0.2050921931071E+00   0.3830867205790E-01   0.1910904306656E+04   0.3532127168147E+04  -0.3943768110608E+04   0.3364502550636E+00   0.3180392410085E-01   0.6407843495120E+00   0.6893367491291E+00
   0.1101000000000E+02   0.5048542657572E+03   0.3405245382871E+00   0.1079146681637E+03  -0.9044170748627E-01   0.2050790880893E+00   0.3830869422938E-01   0.1907516188581E+04   0.3535601329556E+04  -0.3945529798967E+04   0.3356753036359E+00   0.3106762938463E-01   0.6408111224177E+00   0.6897231316398E+00
   0.1102000000000E+02   0.5048473143029E+03   0.3405298684635E+00   0.1079151571531E+03  -0.9044013507976E-01   0.2050659800789E+00   0.3830871662635E-01   0.1904120286455E+04   0.3539067769354E+04  -0.3947291514148E+04   0.3348999599815E+00   0.3033134241878E-01   0.6408370504197E+00   0.6901086155678E+00
   0.1103000000000E+02   0.5048403555783E+03   0.3405352265435E+00   0.1079156445837E+03  -0.9043856162381E-01   0.2050528690766E+00   0.3830873925108E-01   0.1900716618400E+04   0.3542526470441E+04  -0.3949053256282E+04   0.3341242251662E+00   0.2959506419129E-01   0.6408621336275E+00   0.6904932005567E+00
   0.1104000000000E+02   0.5048333895782E+03   0.3405406125746E+00   0.1079161304538E+03  -0.9043698711797E-01   0.2050397550832E+00   0.3830876210584E-01   0.1897305202574E+04   0.3545977415761E+04  -0.3950815025500E+04   0.3333481002557E+00   0.2885879568991E-01   0.6408863721521E+00   0.6908768862518E+00
   0.1105000000000E+02   0.5048264162974E+03   0.3405460266037E+00   0.1079166147617E+03  -0.9043541156174E-01   0.2050266380993E+00   0.3830878519291E-01   0.1893886057174E+04   0.3549420588302E+04  -0.3952576821933E+04   0.3325715863163E+00   0.2812253790209E-01   0.6409097661053E+00   0.6912596722996E+00
   0.1106000000000E+02   0.5048194357308E+03   0.3405514686768E+00   0.1079170975056E+03  -0.9043383495462E-01   0.2050135181257E+00   0.3830880851455E-01   0.1890459200431E+04   0.3552855971095E+04  -0.3954338645713E+04   0.3317946844144E+00   0.2738629181502E-01   0.6409323156004E+00   0.6916415583480E+00
   0.1107000000000E+02   0.5048124478733E+03   0.3405569388395E+00   0.1079175786840E+03  -0.9043225729608E-01   0.2050003951631E+00   0.3830883207304E-01   0.1887024650615E+04   0.3556283547214E+04  -0.3956100496970E+04   0.3310173956166E+00   0.2665005841562E-01   0.6409540207516E+00   0.6920225440460E+00
   0.1108000000000E+02   0.5048054527197E+03   0.3405624371367E+00   0.1079180582951E+03  -0.9043067858559E-01   0.2049872692121E+00   0.3830885587062E-01   0.1883582426030E+04   0.3559703299780E+04  -0.3957862375835E+04   0.3302397209898E+00   0.2591383869052E-01   0.6409748816745E+00   0.6924026290442E+00
   0.1109000000000E+02   0.5047984502650E+03   0.3405679636127E+00   0.1079185363373E+03  -0.9042909882258E-01   0.2049741402736E+00   0.3830887990956E-01   0.1880132545018E+04   0.3563115211954E+04  -0.3959624282440E+04   0.3294616616010E+00   0.2517763362606E-01   0.6409948984855E+00   0.6927818129943E+00
   0.1110000000000E+02   0.5047914405038E+03   0.3405735183117E+00   0.1079190128088E+03  -0.9042751800649E-01   0.2049610083482E+00   0.3830890419212E-01   0.1876675025955E+04   0.3566519266945E+04  -0.3961386216914E+04   0.3286832185176E+00   0.2444144420834E-01   0.6410140713026E+00   0.6931600955494E+00
   0.1111000000000E+02   0.5047844234313E+03   0.3405791012771E+00   0.1079194877080E+03  -0.9042593613672E-01   0.2049478734366E+00   0.3830892872055E-01   0.1873209887256E+04   0.3569915448002E+04  -0.3963148179389E+04   0.3279043928072E+00   0.2370527142313E-01   0.6410324002446E+00   0.6935374763639E+00
   0.1112000000000E+02   0.5047773990422E+03   0.3405847125523E+00   0.1079199610332E+03  -0.9042435321267E-01   0.2049347355397E+00   0.3830895349708E-01   0.1869737147370E+04   0.3573303738423E+04  -0.3964910169995E+04   0.3271251855374E+00   0.2296911625595E-01   0.6410498854317E+00   0.6939139550935E+00
   0.1113000000000E+02   0.5047703673315E+03   0.3405903521801E+00   0.1079204327828E+03  -0.9042276923373E-01   0.2049215946580E+00   0.3830897852398E-01   0.1866256824781E+04   0.3576684121546E+04  -0.3966672188863E+04   0.3263455977762E+00   0.2223297969203E-01   0.6410665269852E+00   0.6942895313954E+00
   0.1114000000000E+02   0.5047633282940E+03   0.3405960202033E+00   0.1079209029550E+03  -0.9042118419926E-01   0.2049084507924E+00   0.3830900380347E-01   0.1862768938012E+04   0.3580056580755E+04  -0.3968434236123E+04   0.3255656305920E+00   0.2149686271630E-01   0.6410823250276E+00   0.6946642049277E+00
   0.1115000000000E+02   0.5047562819247E+03   0.3406017166642E+00   0.1079213715481E+03  -0.9041959810861E-01   0.2048953039436E+00   0.3830902933779E-01   0.1859273505617E+04   0.3583421099480E+04  -0.3970196311906E+04   0.3247852850530E+00   0.2076076631342E-01   0.6410972796823E+00   0.6950379753503E+00
   0.1116000000000E+02   0.5047492282185E+03   0.3406074416055E+00   0.1079218385606E+03  -0.9041801096113E-01   0.2048821541123E+00   0.3830905512918E-01   0.1855770546190E+04   0.3586777661194E+04  -0.3971958416342E+04   0.3240045622280E+00   0.2002469146775E-01   0.6411113910742E+00   0.6954108423241E+00
   0.1117000000000E+02   0.5047421671703E+03   0.3406131950691E+00   0.1079223039907E+03  -0.9041642275613E-01   0.2048690012992E+00   0.3830908117986E-01   0.1852260078357E+04   0.3590126249413E+04  -0.3973720549562E+04   0.3232234631858E+00   0.1928863916337E-01   0.6411246593292E+00   0.6957828055115E+00
   0.1118000000000E+02   0.5047350987750E+03   0.3406189770976E+00   0.1079227678368E+03  -0.9041483349293E-01   0.2048558455051E+00   0.3830910749206E-01   0.1848742120781E+04   0.3593466847701E+04  -0.3975482711694E+04   0.3224419889955E+00   0.1855261038405E-01   0.6411370845744E+00   0.6961538645759E+00
   0.1119000000000E+02   0.5047280230276E+03   0.3406247877329E+00   0.1079232300971E+03  -0.9041324317082E-01   0.2048426867307E+00   0.3830913406800E-01   0.1845216692160E+04   0.3596799439665E+04  -0.3977244902871E+04   0.3216601407263E+00   0.1781660611329E-01   0.6411486669380E+00   0.6965240191825E+00
   0.1120000000000E+02   0.5047209399231E+03   0.3406306270176E+00   0.1079236907701E+03  -0.9041165178911E-01   0.2048295249769E+00   0.3830916090989E-01   0.1841683811227E+04   0.3600124008957E+04  -0.3979007123221E+04   0.3208779194478E+00   0.1708062733429E-01   0.6411594065494E+00   0.6968932689975E+00
   0.1121000000000E+02   0.5047138494563E+03   0.3406364949940E+00   0.1079241498541E+03  -0.9041005934705E-01   0.2048163602442E+00   0.3830918801994E-01   0.1838143496748E+04   0.3603440539274E+04  -0.3980769372874E+04   0.3200953262297E+00   0.1634467502994E-01   0.6411693035391E+00   0.6972616136883E+00
   0.1122000000000E+02   0.5047067516223E+03   0.3406423917046E+00   0.1079246073473E+03  -0.9040846584393E-01   0.2048031925335E+00   0.3830921540037E-01   0.1834595767528E+04   0.3606749014357E+04  -0.3982531651961E+04   0.3193123621418E+00   0.1560875018284E-01   0.6411783580389E+00   0.6976290529241E+00
   0.1123000000000E+02   0.5046996464160E+03   0.3406483171924E+00   0.1079250632482E+03  -0.9040687127899E-01   0.2047900218455E+00   0.3830924305338E-01   0.1831040642402E+04   0.3610049417993E+04  -0.3984293960610E+04   0.3185290282543E+00   0.1487285377531E-01   0.6411865701816E+00   0.6979955863748E+00
   0.1124000000000E+02   0.5046925338323E+03   0.3406542715002E+00   0.1079255175550E+03  -0.9040527565147E-01   0.2047768481809E+00   0.3830927098116E-01   0.1827478140244E+04   0.3613341734016E+04  -0.3986056298953E+04   0.3177453256375E+00   0.1413698678935E-01   0.6411939401013E+00   0.6983612137121E+00
   0.1125000000000E+02   0.5046854138664E+03   0.3406602546715E+00   0.1079259702662E+03  -0.9040367896061E-01   0.2047636715406E+00   0.3830929918592E-01   0.1823908279958E+04   0.3616625946301E+04  -0.3987818667118E+04   0.3169612553620E+00   0.1340115020665E-01   0.6412004679330E+00   0.6987259346088E+00
   0.1126000000000E+02   0.5046782865130E+03   0.3406662667499E+00   0.1079264213800E+03  -0.9040208120564E-01   0.2047504919253E+00   0.3830932766985E-01   0.1820331080487E+04   0.3619902038771E+04  -0.3989581065235E+04   0.3161768184984E+00   0.1266534500863E-01   0.6412061538133E+00   0.6990897487391E+00
   0.1127000000000E+02   0.5046711517674E+03   0.3406723077795E+00   0.1079268708948E+03  -0.9040048238578E-01   0.2047373093357E+00   0.3830935643513E-01   0.1816746560804E+04   0.3623169995394E+04  -0.3991343493433E+04   0.3153920161177E+00   0.1192957217638E-01   0.6412109978794E+00   0.6994526557784E+00
   0.1128000000000E+02   0.5046640096243E+03   0.3406783778047E+00   0.1079273188089E+03  -0.9039888250023E-01   0.2047241237727E+00   0.3830938548396E-01   0.1813154739920E+04   0.3626429800183E+04  -0.3993105951841E+04   0.3146068492910E+00   0.1119383269069E-01   0.6412150002701E+00   0.6998146554035E+00
   0.1129000000000E+02   0.5046568600790E+03   0.3406844768705E+00   0.1079277651207E+03  -0.9039728154819E-01   0.2047109352369E+00   0.3830941481850E-01   0.1809555636877E+04   0.3629681437198E+04  -0.3994868440590E+04   0.3138213190897E+00   0.1045812753205E-01   0.6412181611251E+00   0.7001757472925E+00
   0.1130000000000E+02   0.5046497031263E+03   0.3406906050224E+00   0.1079282098286E+03  -0.9039567952887E-01   0.2046977437291E+00   0.3830944444095E-01   0.1805949270752E+04   0.3632924890541E+04  -0.3996630959807E+04   0.3130354265852E+00   0.9722457680642E-02   0.6412204805854E+00   0.7005359311249E+00
   0.1131000000000E+02   0.5046425387613E+03   0.3406967623062E+00   0.1079286529308E+03  -0.9039407644145E-01   0.2046845492502E+00   0.3830947435347E-01   0.1802335660658E+04   0.3636160144364E+04  -0.3998393509623E+04   0.3122491728492E+00   0.8986824116325E-02   0.6412219587931E+00   0.7008952065814E+00
   0.1132000000000E+02   0.5046353669791E+03   0.3407029487686E+00   0.1079290944258E+03  -0.9039247228511E-01   0.2046713518008E+00   0.3830950455825E-01   0.1798714825737E+04   0.3639387182861E+04  -0.4000156090166E+04   0.3114625589537E+00   0.8251227818660E-02   0.6412225958914E+00   0.7012535733440E+00
   0.1133000000000E+02   0.5046281877746E+03   0.3407091644568E+00   0.1079295343118E+03  -0.9039086705904E-01   0.2046581513818E+00   0.3830953505743E-01   0.1795086785169E+04   0.3642605990273E+04  -0.4001918701564E+04   0.3106755859707E+00   0.7515669766892E-02   0.6412223920247E+00   0.7016110310961E+00
   0.1134000000000E+02   0.5046210011430E+03   0.3407154094184E+00   0.1079299725873E+03  -0.9038926076240E-01   0.2046449479939E+00   0.3830956585320E-01   0.1791451558165E+04   0.3645816550889E+04  -0.4003681343948E+04   0.3098882549725E+00   0.6780150939954E-02   0.6412213473386E+00   0.7019675795224E+00
   0.1135000000000E+02   0.5046138070792E+03   0.3407216837022E+00   0.1079304092505E+03  -0.9038765339436E-01   0.2046317416379E+00   0.3830959694772E-01   0.1787809163971E+04   0.3649018849040E+04  -0.4005444017445E+04   0.3091005670316E+00   0.6044672316460E-02   0.6412194619797E+00   0.7023232183089E+00
   0.1136000000000E+02   0.5046066055784E+03   0.3407279873572E+00   0.1079308443000E+03  -0.9038604495409E-01   0.2046185323147E+00   0.3830962834314E-01   0.1784159621865E+04   0.3652212869106E+04  -0.4007206722183E+04   0.3083125232206E+00   0.5309234874713E-02   0.6412167360959E+00   0.7026779471429E+00
   0.1137000000000E+02   0.5045993966356E+03   0.3407343204334E+00   0.1079312777339E+03  -0.9038443544076E-01   0.2046053200249E+00   0.3830966004162E-01   0.1780502951159E+04   0.3655398595511E+04  -0.4008969458293E+04   0.3075241246123E+00   0.4573839592692E-02   0.6412131698362E+00   0.7030317657129E+00
   0.1138000000000E+02   0.5045921802459E+03   0.3407406829815E+00   0.1079317095507E+03  -0.9038282485352E-01   0.2045921047694E+00   0.3830969204532E-01   0.1776839171197E+04   0.3658576012727E+04  -0.4010732225901E+04   0.3067353722798E+00   0.3838487448063E-02   0.6412087633506E+00   0.7033846737091E+00
   0.1139000000000E+02   0.5045849564044E+03   0.3407470750530E+00   0.1079321397487E+03  -0.9038121319153E-01   0.2045788865489E+00   0.3830972435638E-01   0.1773168301357E+04   0.3661745105271E+04  -0.4012495025136E+04   0.3059462672961E+00   0.3103179418167E-02   0.6412035167906E+00   0.7037366708226E+00
   0.1140000000000E+02   0.5045777251061E+03   0.3407534967002E+00   0.1079325683263E+03  -0.9037960045395E-01   0.2045656653644E+00   0.3830975697697E-01   0.1769490361050E+04   0.3664905857707E+04  -0.4014257856127E+04   0.3051568107348E+00   0.2367916480025E-02   0.6411974303084E+00   0.7040877567460E+00
   0.1141000000000E+02   0.5045704863462E+03   0.3407599479763E+00   0.1079329952819E+03  -0.9037798663994E-01   0.2045524412164E+00   0.3830978990923E-01   0.1765805369719E+04   0.3668058254643E+04  -0.4016020719002E+04   0.3043670036693E+00   0.1632699610335E-02   0.6411905040578E+00   0.7044379311731E+00
   0.1142000000000E+02   0.5045632401199E+03   0.3407664289353E+00   0.1079334206138E+03  -0.9037637174865E-01   0.2045392141060E+00   0.3830982315530E-01   0.1762113346839E+04   0.3671202280737E+04  -0.4017783613888E+04   0.3035768471734E+00   0.8975297854680E-03   0.6411827381933E+00   0.7047871937993E+00
   0.1143000000000E+02   0.5045559864221E+03   0.3407729396321E+00   0.1079338443204E+03  -0.9037475577923E-01   0.2045259840337E+00   0.3830985671733E-01   0.1758414311918E+04   0.3674337920690E+04  -0.4019546540913E+04   0.3027863423209E+00   0.1624079814712E-03   0.6411741328709E+00   0.7051355443209E+00
   0.1144000000000E+02   0.5045487252480E+03   0.3407794801225E+00   0.1079342664001E+03  -0.9037313873085E-01   0.2045127510006E+00   0.3830989059747E-01   0.1754708284498E+04   0.3677465159253E+04  -0.4021309500206E+04   0.3019954901860E+00  -0.5726648259364E-03   0.6411646882476E+00   0.7054829824359E+00
   0.1145000000000E+02   0.5045414565929E+03   0.3407860504631E+00   0.1079346868512E+03  -0.9037152060266E-01   0.2044995150073E+00   0.3830992479785E-01   0.1750995284151E+04   0.3680583981219E+04  -0.4023072491894E+04   0.3012042918427E+00  -0.1307687661365E-02   0.6411544044815E+00   0.7058295078434E+00
   0.1146000000000E+02   0.5045341804517E+03   0.3407926507117E+00   0.1079351056721E+03  -0.9036990139383E-01   0.2044862760546E+00   0.3830995932062E-01   0.1747275330482E+04   0.3683694371432E+04  -0.4024835516104E+04   0.3004127483656E+00  -0.2042659549755E-02   0.6411432817319E+00   0.7061751202438E+00
   0.1147000000000E+02   0.5045268968197E+03   0.3407992809269E+00   0.1079355228613E+03  -0.9036828110351E-01   0.2044730341435E+00   0.3830999416792E-01   0.1743548443128E+04   0.3686796314781E+04  -0.4026598572964E+04   0.2996208608292E+00  -0.2777579516377E-02   0.6411313201593E+00   0.7065198193390E+00
   0.1148000000000E+02   0.5045196056920E+03   0.3408059411681E+00   0.1079359384170E+03  -0.9036665973086E-01   0.2044597892747E+00   0.3831002934189E-01   0.1739814641759E+04   0.3689889796201E+04  -0.4028361662602E+04   0.2988286303083E+00  -0.3512446586838E-02   0.6411185199252E+00   0.7068636048320E+00
   0.1149000000000E+02   0.5045123070638E+03   0.3408126314960E+00   0.1079363523376E+03  -0.9036503727507E-01   0.2044465414489E+00   0.3831006484467E-01   0.1736073946075E+04   0.3692974800674E+04  -0.4030124785145E+04   0.2980360578776E+00  -0.4247259787076E-02   0.6411048811923E+00   0.7072064764272E+00
   0.1150000000000E+02   0.5045050009303E+03   0.3408193519719E+00   0.1079367646216E+03  -0.9036341373529E-01   0.2044332906672E+00   0.3831010067840E-01   0.1732326375808E+04   0.3696051313231E+04  -0.4031887940719E+04   0.2972431446124E+00  -0.4982018143366E-02   0.6410904041245E+00   0.7075484338303E+00
   0.1151000000000E+02   0.5044976872866E+03   0.3408261026585E+00   0.1079371752673E+03  -0.9036178911071E-01   0.2044200369301E+00   0.3831013684521E-01   0.1728571950723E+04   0.3699119318947E+04  -0.4033651129453E+04   0.2964498915877E+00  -0.5716720682320E-02   0.6410750888868E+00   0.7078894767484E+00
   0.1152000000000E+02   0.5044903661280E+03   0.3408328836190E+00   0.1079375842731E+03  -0.9036016340050E-01   0.2044067802387E+00   0.3831017334726E-01   0.1724810690614E+04   0.3702178802946E+04  -0.4035414351473E+04   0.2956562998790E+00  -0.6451366430889E-02   0.6410589356453E+00   0.7082296048898E+00
   0.1153000000000E+02   0.5044830374496E+03   0.3408396949181E+00   0.1079379916374E+03  -0.9035853660385E-01   0.2043935205937E+00   0.3831021018666E-01   0.1721042615310E+04   0.3705229750398E+04  -0.4037177606905E+04   0.2948623705619E+00  -0.7185954416364E-02   0.6410419445673E+00   0.7085688179642E+00
   0.1154000000000E+02   0.5044757012467E+03   0.3408465366212E+00   0.1079383973585E+03  -0.9035690871995E-01   0.2043802579959E+00   0.3831024736558E-01   0.1717267744668E+04   0.3708272146522E+04  -0.4038940895877E+04   0.2940681047119E+00  -0.7920483666377E-02   0.6410241158212E+00   0.7089071156825E+00
   0.1155000000000E+02   0.5044683575144E+03   0.3408534087946E+00   0.1079388014350E+03  -0.9035527974800E-01   0.2043669924462E+00   0.3831028488614E-01   0.1713486098577E+04   0.3711305976581E+04  -0.4040704218515E+04   0.2932735034050E+00  -0.8654953208902E-02   0.6410054495765E+00   0.7092444977571E+00
   0.1156000000000E+02   0.5044610062480E+03   0.3408603115060E+00   0.1079392038651E+03  -0.9035364968719E-01   0.2043537239454E+00   0.3831032275050E-01   0.1709697696957E+04   0.3714331225888E+04  -0.4042467574946E+04   0.2924785677171E+00  -0.9389362072257E-02   0.6409859460040E+00   0.7095809639015E+00
   0.1157000000000E+02   0.5044536474428E+03   0.3408672448236E+00   0.1079396046473E+03  -0.9035201853674E-01   0.2043404524943E+00   0.3831036096078E-01   0.1705902559760E+04   0.3717347879802E+04  -0.4044230965296E+04   0.2916832987243E+00  -0.1012370928511E-01   0.6409656052754E+00   0.7099165138307E+00
   0.1158000000000E+02   0.5044462810939E+03   0.3408742088170E+00   0.1079400037799E+03  -0.9035038629587E-01   0.2043271780939E+00   0.3831039951915E-01   0.1702100706968E+04   0.3720355923731E+04  -0.4045994389691E+04   0.2908876975030E+00  -0.1085799387646E-01   0.6409444275636E+00   0.7102511472609E+00
   0.1159000000000E+02   0.5044389071967E+03   0.3408812035566E+00   0.1079404012614E+03  -0.9034875296379E-01   0.2043139007449E+00   0.3831043842773E-01   0.1698292158593E+04   0.3723355343128E+04  -0.4047757848258E+04   0.2900917651296E+00  -0.1159221487568E-01   0.6409224130429E+00   0.7105848639097E+00
   0.1160000000000E+02   0.5044315257464E+03   0.3408882291138E+00   0.1079407970901E+03  -0.9034711853973E-01   0.2043006204481E+00   0.3831047768869E-01   0.1694476934678E+04   0.3726346123496E+04  -0.4049521341123E+04   0.2892955026807E+00  -0.1232637131248E-01   0.6408995618883E+00   0.7109176634958E+00
   0.1161000000000E+02   0.5044241367383E+03   0.3408952855610E+00   0.1079411912645E+03  -0.9034548302294E-01   0.2042873372045E+00   0.3831051730417E-01   0.1690655055297E+04   0.3729328250383E+04  -0.4051284868411E+04   0.2884989112330E+00  -0.1306046221690E-01   0.6408758742763E+00   0.7112495457395E+00
   0.1162000000000E+02   0.5044167401676E+03   0.3409023729714E+00   0.1079415837830E+03  -0.9034384641265E-01   0.2042740510149E+00   0.3831055727632E-01   0.1686826540553E+04   0.3732301709387E+04  -0.4053048430249E+04   0.2877019918634E+00  -0.1379448661937E-01   0.6408513503843E+00   0.7115805103622E+00
   0.1163000000000E+02   0.5044093360296E+03   0.3409094914195E+00   0.1079419746439E+03  -0.9034220870813E-01   0.2042607618801E+00   0.3831059760729E-01   0.1682991410581E+04   0.3735266486153E+04  -0.4054812026762E+04   0.2869047456488E+00  -0.1452844355064E-01   0.6408259903910E+00   0.7119105570868E+00
   0.1164000000000E+02   0.5044019243197E+03   0.3409166409805E+00   0.1079423638457E+03  -0.9034056990864E-01   0.2042474698011E+00   0.3831063829925E-01   0.1679149685546E+04   0.3738222566372E+04  -0.4056575658076E+04   0.2861071736665E+00  -0.1526233204184E-01   0.6407997944760E+00   0.7122396856373E+00
   0.1165000000000E+02   0.5043945050331E+03   0.3409238217304E+00   0.1079427513869E+03  -0.9033893001344E-01   0.2042341747785E+00   0.3831067935435E-01   0.1675301385640E+04   0.3741169935787E+04  -0.4058339324316E+04   0.2853092769937E+00  -0.1599615112445E-01   0.6407727628202E+00   0.7125678957393E+00
   0.1166000000000E+02   0.5043870781651E+03   0.3409310337465E+00   0.1079431372657E+03  -0.9033728902183E-01   0.2042208768135E+00   0.3831072077475E-01   0.1671446531088E+04   0.3744108580184E+04  -0.4060103025607E+04   0.2845110567078E+00  -0.1672989983029E-01   0.6407448956058E+00   0.7128951871193E+00
   0.1167000000000E+02   0.5043796437112E+03   0.3409382771067E+00   0.1079435214807E+03  -0.9033564693308E-01   0.2042075759066E+00   0.3831076256263E-01   0.1667585142144E+04   0.3747038485401E+04  -0.4061866762075E+04   0.2837125138864E+00  -0.1746357719156E-01   0.6407161930157E+00   0.7132215595055E+00
   0.1168000000000E+02   0.5043722016665E+03   0.3409455518899E+00   0.1079439040302E+03  -0.9033400374650E-01   0.2041942720590E+00   0.3831080472013E-01   0.1663717239091E+04   0.3749959637320E+04  -0.4063630533846E+04   0.2829136496072E+00  -0.1819718224082E-01   0.6406866552342E+00   0.7135470126272E+00
   0.1169000000000E+02   0.5043647520265E+03   0.3409528581758E+00   0.1079442849126E+03  -0.9033235946140E-01   0.2041809652713E+00   0.3831084724945E-01   0.1659842842242E+04   0.3752872021876E+04  -0.4065394341043E+04   0.2821144649480E+00  -0.1893071401098E-01   0.6406562824468E+00   0.7138715462151E+00
   0.1170000000000E+02   0.5043572947866E+03   0.3409601960450E+00   0.1079446641265E+03  -0.9033071407710E-01   0.2041676555446E+00   0.3831089015275E-01   0.1655961971940E+04   0.3755775625047E+04  -0.4067158183792E+04   0.2813149609867E+00  -0.1966417153531E-01   0.6406250748400E+00   0.7141951600012E+00
   0.1171000000000E+02   0.5043498299420E+03   0.3409675655789E+00   0.1079450416701E+03  -0.9032906759293E-01   0.2041543428797E+00   0.3831093343221E-01   0.1652074648555E+04   0.3758670432863E+04  -0.4068922062217E+04   0.2805151388014E+00  -0.2039755384746E-01   0.6405930326013E+00   0.7145178537188E+00
   0.1172000000000E+02   0.5043423574881E+03   0.3409749668598E+00   0.1079454175420E+03  -0.9032742000822E-01   0.2041410272773E+00   0.3831097709001E-01   0.1648180892488E+04   0.3761556431401E+04  -0.4070685976444E+04   0.2797149994704E+00  -0.2113085998144E-01   0.6405601559196E+00   0.7148396271025E+00
   0.1173000000000E+02   0.5043348774204E+03   0.3409823999706E+00   0.1079457917406E+03  -0.9032577132233E-01   0.2041277087386E+00   0.3831102112835E-01   0.1644280724170E+04   0.3764433606786E+04  -0.4072449926596E+04   0.2789145440718E+00  -0.2186408897161E-01   0.6405264449847E+00   0.7151604798882E+00
   0.1174000000000E+02   0.5043273897342E+03   0.3409898649953E+00   0.1079461642643E+03  -0.9032412153461E-01   0.2041143872642E+00   0.3831106554940E-01   0.1640374164059E+04   0.3767301945191E+04  -0.4074213912798E+04   0.2781137736843E+00  -0.2259723985274E-01   0.6404918999877E+00   0.7154804118131E+00
   0.1175000000000E+02   0.5043198944249E+03   0.3409973620182E+00   0.1079465351115E+03  -0.9032247064445E-01   0.2041010628552E+00   0.3831111035538E-01   0.1636461232642E+04   0.3770161432838E+04  -0.4075977935174E+04   0.2773126893863E+00  -0.2333031165992E-01   0.6404565211206E+00   0.7157994226159E+00
   0.1176000000000E+02   0.5043123914880E+03   0.3410048911246E+00   0.1079469042806E+03  -0.9032081865121E-01   0.2040877355123E+00   0.3831115554847E-01   0.1632541950436E+04   0.3773012055998E+04  -0.4077741993849E+04   0.2765112922565E+00  -0.2406330342864E-01   0.6404203085768E+00   0.7161175120364E+00
   0.1177000000000E+02   0.5043048809188E+03   0.3410124524005E+00   0.1079472717702E+03  -0.9031916555429E-01   0.2040744052366E+00   0.3831120113088E-01   0.1628616337985E+04   0.3775853800990E+04  -0.4079506088946E+04   0.2757095833738E+00  -0.2479621419477E-01   0.6403832625506E+00   0.7164346798156E+00
   0.1178000000000E+02   0.5042973627127E+03   0.3410200459325E+00   0.1079476375786E+03  -0.9031751135309E-01   0.2040610720288E+00   0.3831124710482E-01   0.1624684415862E+04   0.3778686654181E+04  -0.4081270220589E+04   0.2749075638170E+00  -0.2552904299452E-01   0.6403453832375E+00   0.7167509256962E+00
   0.1179000000000E+02   0.5042898368653E+03   0.3410276718078E+00   0.1079480017043E+03  -0.9031585604703E-01   0.2040477358899E+00   0.3831129347251E-01   0.1620746204670E+04   0.3781510601988E+04  -0.4083034388902E+04   0.2741052346652E+00  -0.2626178886452E-01   0.6403066708342E+00   0.7170662494220E+00
   0.1180000000000E+02   0.5042823033719E+03   0.3410353301143E+00   0.1079483641457E+03  -0.9031419963552E-01   0.2040343968207E+00   0.3831134023615E-01   0.1616801725037E+04   0.3784325630875E+04  -0.4084798594008E+04   0.2733025969975E+00  -0.2699445084173E-01   0.6402671255383E+00   0.7173806507379E+00
   0.1181000000000E+02   0.5042747622281E+03   0.3410430209405E+00   0.1079487249013E+03  -0.9031254211801E-01   0.2040210548223E+00   0.3831138739798E-01   0.1612850997622E+04   0.3787131727357E+04  -0.4086562836032E+04   0.2724996518932E+00  -0.2772702796352E-01   0.6402267475487E+00   0.7176941293905E+00
   0.1182000000000E+02   0.5042672134293E+03   0.3410507443753E+00   0.1079490839695E+03  -0.9031088349393E-01   0.2040077098954E+00   0.3831143496023E-01   0.1608894043111E+04   0.3789928877996E+04  -0.4088327115095E+04   0.2716964004316E+00  -0.2845951926763E-01   0.6401855370655E+00   0.7180066851275E+00
   0.1183000000000E+02   0.5042596569709E+03   0.3410585005085E+00   0.1079494413488E+03  -0.9030922376274E-01   0.2039943620411E+00   0.3831148292512E-01   0.1604930882217E+04   0.3792717069402E+04  -0.4090091431322E+04   0.2708928436923E+00  -0.2919192379217E-01   0.6401434942896E+00   0.7183183176979E+00
   0.1184000000000E+02   0.5042520928484E+03   0.3410662894299E+00   0.1079497970376E+03  -0.9030756292392E-01   0.2039810112601E+00   0.3831153129491E-01   0.1600961535682E+04   0.3795496288238E+04  -0.4091855784835E+04   0.2700889827547E+00  -0.2992424057566E-01   0.6401006194234E+00   0.7186290268520E+00
   0.1185000000000E+02   0.5042445210574E+03   0.3410741112302E+00   0.1079501510344E+03  -0.9030590097692E-01   0.2039676575535E+00   0.3831158007182E-01   0.1596986024275E+04   0.3798266521211E+04  -0.4093620175757E+04   0.2692848186987E+00  -0.3065646865697E-01   0.6400569126701E+00   0.7189388123416E+00
   0.1186000000000E+02   0.5042369415934E+03   0.3410819660003E+00   0.1079505033376E+03  -0.9030423792125E-01   0.2039543009221E+00   0.3831162925812E-01   0.1593004368792E+04   0.3801027755080E+04  -0.4095384604212E+04   0.2684803526039E+00  -0.3138860707537E-01   0.6400123742341E+00   0.7192476739196E+00
   0.1187000000000E+02   0.5042293544519E+03   0.3410898538317E+00   0.1079508539458E+03  -0.9030257375639E-01   0.2039409413668E+00   0.3831167885605E-01   0.1589016590058E+04   0.3803779976653E+04  -0.4097149070321E+04   0.2676755855503E+00  -0.3212065487052E-01   0.6399670043211E+00   0.7195556113403E+00
   0.1188000000000E+02   0.5042217596283E+03   0.3410977748162E+00   0.1079512028573E+03  -0.9030090848185E-01   0.2039275788887E+00   0.3831172886788E-01   0.1585022708925E+04   0.3806523172787E+04  -0.4098913574208E+04   0.2668705186178E+00  -0.3285261108247E-01   0.6399208031376E+00   0.7198626243593E+00
   0.1189000000000E+02   0.5042141571183E+03   0.3411057290458E+00   0.1079515500706E+03  -0.9029924209716E-01   0.2039142134885E+00   0.3831177929589E-01   0.1581022746270E+04   0.3809257330387E+04  -0.4100678115994E+04   0.2660651528865E+00  -0.3358447475163E-01   0.6398737708916E+00   0.7201687127334E+00
   0.1190000000000E+02   0.5042065469174E+03   0.3411137166133E+00   0.1079518955843E+03  -0.9029757460183E-01   0.2039008451672E+00   0.3831183014233E-01   0.1577016722999E+04   0.3811982436407E+04  -0.4102442695801E+04   0.2652594894367E+00  -0.3431624491883E-01   0.6398259077917E+00   0.7204738762210E+00
   0.1191000000000E+02   0.5041989290211E+03   0.3411217376112E+00   0.1079522393967E+03  -0.9029590599540E-01   0.2038874739258E+00   0.3831188140949E-01   0.1573004660044E+04   0.3814698477854E+04  -0.4104207313753E+04   0.2644535293485E+00  -0.3504792062528E-01   0.6397772140482E+00   0.7207781145816E+00
   0.1192000000000E+02   0.5041913034250E+03   0.3411297921327E+00   0.1079525815063E+03  -0.9029423627743E-01   0.2038740997652E+00   0.3831193309965E-01   0.1568986578366E+04   0.3817405441779E+04  -0.4105971969970E+04   0.2636472737024E+00  -0.3577950091259E-01   0.6397276898720E+00   0.7210814275759E+00
   0.1193000000000E+02   0.5041836701247E+03   0.3411378802711E+00   0.1079529219117E+03  -0.9029256544746E-01   0.2038607226863E+00   0.3831198521511E-01   0.1564962498949E+04   0.3820103315287E+04  -0.4107736664575E+04   0.2628407235788E+00  -0.3651098482275E-01   0.6396773354754E+00   0.7213838149661E+00
   0.1194000000000E+02   0.5041760291158E+03   0.3411460021199E+00   0.1079532606113E+03  -0.9029089350506E-01   0.2038473426901E+00   0.3831203775816E-01   0.1560932442807E+04   0.3822792085530E+04  -0.4109501397689E+04   0.2620338800582E+00  -0.3724237139815E-01   0.6396261510717E+00   0.7216852765157E+00
   0.1195000000000E+02   0.5041683803939E+03   0.3411541577728E+00   0.1079535976035E+03  -0.9028922044980E-01   0.2038339597774E+00   0.3831209073110E-01   0.1556896430979E+04   0.3825471739711E+04  -0.4111266169434E+04   0.2612267442214E+00  -0.3797365968159E-01   0.6395741368754E+00   0.7219858119894E+00
   0.1196000000000E+02   0.5041607239546E+03   0.3411623473237E+00   0.1079539328869E+03  -0.9028754628127E-01   0.2038205739493E+00   0.3831214413625E-01   0.1552854484529E+04   0.3828142265080E+04  -0.4113030979931E+04   0.2604193171489E+00  -0.3870484871624E-01   0.6395212931020E+00   0.7222854211534E+00
   0.1197000000000E+02   0.5041530597935E+03   0.3411705708665E+00   0.1079542664600E+03  -0.9028587099905E-01   0.2038071852066E+00   0.3831219797590E-01   0.1548806624550E+04   0.3830803648940E+04  -0.4114795829301E+04   0.2596115999217E+00  -0.3943593754570E-01   0.6394676199681E+00   0.7225841037750E+00
   0.1198000000000E+02   0.5041453879062E+03   0.3411788284952E+00   0.1079545983211E+03  -0.9028419460276E-01   0.2037937935504E+00   0.3831225225240E-01   0.1544752872159E+04   0.3833455878640E+04  -0.4116560717665E+04   0.2588035936206E+00  -0.4016692521394E-01   0.6394131176917E+00   0.7228818596228E+00
   0.1199000000000E+02   0.5041377082884E+03   0.3411871203042E+00   0.1079549284689E+03  -0.9028251709198E-01   0.2037803989816E+00   0.3831230696805E-01   0.1540693248500E+04   0.3836098941583E+04  -0.4118325645145E+04   0.2579952993265E+00  -0.4089781076536E-01   0.6393577864914E+00   0.7231786884670E+00
   0.1200000000000E+02   0.5041300209357E+03   0.3411954463874E+00   0.1079552569018E+03  -0.9028083846635E-01   0.2037670015010E+00   0.3831236212520E-01   0.1536627774743E+04   0.3838732825218E+04  -0.4120090611860E+04   0.2571867181206E+00  -0.4162859324474E-01   0.6393016265872E+00   0.7234745900788E+00
   0.1201000000000E+02   0.5041223258439E+03   0.3412038068390E+00   0.1079555836183E+03  -0.9027915872549E-01   0.2037536011098E+00   0.3831241772618E-01   0.1532556472081E+04   0.3841357517046E+04  -0.4121855617933E+04   0.2563778510840E+00  -0.4235927169727E-01   0.6392446382004E+00   0.7237695642309E+00
   0.1202000000000E+02   0.5041146230085E+03   0.3412122017533E+00   0.1079559086169E+03  -0.9027747786902E-01   0.2037401978088E+00   0.3831247377334E-01   0.1528479361738E+04   0.3843973004617E+04  -0.4123620663482E+04   0.2555686992978E+00  -0.4308984516857E-01   0.6391868215529E+00   0.7240636106971E+00
   0.1203000000000E+02   0.5041069124252E+03   0.3412206312243E+00   0.1079562318962E+03  -0.9027579589659E-01   0.2037267915990E+00   0.3831253026902E-01   0.1524396464958E+04   0.3846579275531E+04  -0.4125385748628E+04   0.2547592638434E+00  -0.4382031270462E-01   0.6391281768682E+00   0.7243567292527E+00
   0.1204000000000E+02   0.5040991940898E+03   0.3412290953461E+00   0.1079565534545E+03  -0.9027411280784E-01   0.2037133824814E+00   0.3831258721558E-01   0.1520307803014E+04   0.3849176317438E+04  -0.4127150873492E+04   0.2539495458021E+00  -0.4455067335184E-01   0.6390687043705E+00   0.7246489196742E+00
   0.1205000000000E+02   0.5040914679980E+03   0.3412375942126E+00   0.1079568732904E+03  -0.9027242860242E-01   0.2036999704568E+00   0.3831264461539E-01   0.1516213397202E+04   0.3851764118039E+04  -0.4128916038194E+04   0.2531395462554E+00  -0.4528092615707E-01   0.6390084042854E+00   0.7249401817396E+00
   0.1206000000000E+02   0.5040837341454E+03   0.3412461279175E+00   0.1079571914025E+03  -0.9027074327999E-01   0.2036865555264E+00   0.3831270247081E-01   0.1512113268846E+04   0.3854342665083E+04  -0.4130681242853E+04   0.2523292662847E+00  -0.4601107016752E-01   0.6389472768395E+00   0.7252305152279E+00
   0.1207000000000E+02   0.5040759925278E+03   0.3412546965545E+00   0.1079575077891E+03  -0.9026905684022E-01   0.2036731376910E+00   0.3831276078420E-01   0.1508007439291E+04   0.3856911946371E+04  -0.4132446487589E+04   0.2515187069715E+00  -0.4674110443084E-01   0.6388853222603E+00   0.7255199199197E+00
   0.1208000000000E+02   0.5040682431410E+03   0.3412633002172E+00   0.1079578224490E+03  -0.9026736928278E-01   0.2036597169517E+00   0.3831281955796E-01   0.1503895929910E+04   0.3859471949753E+04  -0.4134211772522E+04   0.2507078693976E+00  -0.4747102799510E-01   0.6388225407769E+00   0.7258083955967E+00
   0.1209000000000E+02   0.5040604859806E+03   0.3412719389987E+00   0.1079581353805E+03  -0.9026568060735E-01   0.2036462933094E+00   0.3831287879447E-01   0.1499778762101E+04   0.3862022663130E+04  -0.4135977097771E+04   0.2498967546446E+00  -0.4820083990877E-01   0.6387589326189E+00   0.7260959420419E+00
   0.1210000000000E+02   0.5040527210425E+03   0.3412806129921E+00   0.1079584465821E+03  -0.9026399081360E-01   0.2036328667650E+00   0.3831293849611E-01   0.1495655957284E+04   0.3864564074454E+04  -0.4137742463455E+04   0.2490853637943E+00  -0.4893053922072E-01   0.6386944980174E+00   0.7263825590399E+00
   0.1211000000000E+02   0.5040449483224E+03   0.3412893222902E+00   0.1079587560525E+03  -0.9026229990122E-01   0.2036194373197E+00   0.3831299866528E-01   0.1491527536906E+04   0.3867096171724E+04  -0.4139507869693E+04   0.2482736979285E+00  -0.4966012498028E-01   0.6386292372044E+00   0.7266682463763E+00
   0.1212000000000E+02   0.5040371678161E+03   0.3412980669855E+00   0.1079590637900E+03  -0.9026060786991E-01   0.2036060049742E+00   0.3831305930438E-01   0.1487393522437E+04   0.3869618942994E+04  -0.4141273316605E+04   0.2474617581291E+00  -0.5038959623716E-01   0.6385631504132E+00   0.7269530038380E+00
   0.1213000000000E+02   0.5040293795194E+03   0.3413068471702E+00   0.1079593697934E+03  -0.9025891471936E-01   0.2035925697297E+00   0.3831312041582E-01   0.1483253935372E+04   0.3872132376365E+04  -0.4143038804308E+04   0.2466495454781E+00  -0.5111895204151E-01   0.6384962378779E+00   0.7272368312135E+00
   0.1214000000000E+02   0.5040215834281E+03   0.3413156629362E+00   0.1079596740610E+03  -0.9025722044927E-01   0.2035791315872E+00   0.3831318200201E-01   0.1479108797229E+04   0.3874636459989E+04  -0.4144804332923E+04   0.2458370610573E+00  -0.5184819144388E-01   0.6384284998340E+00   0.7275197282922E+00
   0.1215000000000E+02   0.5040137795380E+03   0.3413245143751E+00   0.1079599765914E+03  -0.9025552505935E-01   0.2035656905475E+00   0.3831324406536E-01   0.1474958129553E+04   0.3877131182069E+04  -0.4146569902566E+04   0.2450243059489E+00  -0.5257731349527E-01   0.6383599365179E+00   0.7278016948653E+00
   0.1216000000000E+02   0.5040059678449E+03   0.3413334015782E+00   0.1079602773831E+03  -0.9025382854930E-01   0.2035522466118E+00   0.3831330660830E-01   0.1470801953910E+04   0.3879616530860E+04  -0.4148335513357E+04   0.2442112812350E+00  -0.5330631724709E-01   0.6382905481671E+00   0.7280827307248E+00
   0.1217000000000E+02   0.5039981483448E+03   0.3413423246362E+00   0.1079605764347E+03  -0.9025213091884E-01   0.2035387997809E+00   0.3831336963325E-01   0.1466640291891E+04   0.3882092494665E+04  -0.4150101165413E+04   0.2433979879978E+00  -0.5403520175116E-01   0.6382203350203E+00   0.7283628356643E+00
   0.1218000000000E+02   0.5039903210333E+03   0.3413512836396E+00   0.1079608737448E+03  -0.9025043216768E-01   0.2035253500559E+00   0.3831343314265E-01   0.1462473165111E+04   0.3884559061838E+04  -0.4151866858852E+04   0.2425844273194E+00  -0.5476396605975E-01   0.6381492973172E+00   0.7286420094787E+00
   0.1219000000000E+02   0.5039824859064E+03   0.3413602786784E+00   0.1079611693118E+03  -0.9024873229553E-01   0.2035118974379E+00   0.3831349713892E-01   0.1458300595206E+04   0.3887016220787E+04  -0.4153632593793E+04   0.2417706002821E+00  -0.5549260922555E-01   0.6380774352986E+00   0.7289202519640E+00
   0.1220000000000E+02   0.5039746429600E+03   0.3413693098423E+00   0.1079614631343E+03  -0.9024703130213E-01   0.2034984419277E+00   0.3831356162452E-01   0.1454122603840E+04   0.3889463959965E+04  -0.4155398370352E+04   0.2409565079682E+00  -0.5622113030168E-01   0.6380047492065E+00   0.7291975629179E+00
   0.1221000000000E+02   0.5039667921900E+03   0.3413783772205E+00   0.1079617552109E+03  -0.9024532918718E-01   0.2034849835265E+00   0.3831362660188E-01   0.1449939212697E+04   0.3891902267882E+04  -0.4157164188647E+04   0.2401421514601E+00  -0.5694952834167E-01   0.6379312392838E+00   0.7294739421389E+00
   0.1222000000000E+02   0.5039589335921E+03   0.3413874809016E+00   0.1079620455400E+03  -0.9024362595041E-01   0.2034715222352E+00   0.3831369207345E-01   0.1445750443485E+04   0.3894331133093E+04  -0.4158930048797E+04   0.2393275318402E+00  -0.5767780239951E-01   0.6378569057745E+00   0.7297493894272E+00
   0.1223000000000E+02   0.5039510671625E+03   0.3413966209739E+00   0.1079623341203E+03  -0.9024192159155E-01   0.2034580580547E+00   0.3831375804169E-01   0.1441556317935E+04   0.3896750544209E+04  -0.4160695950916E+04   0.2385126501908E+00  -0.5840595152959E-01   0.6377817489240E+00   0.7300239045841E+00
   0.1224000000000E+02   0.5039431928969E+03   0.3414057975252E+00   0.1079626209504E+03  -0.9024021611032E-01   0.2034445909863E+00   0.3831382450906E-01   0.1437356857802E+04   0.3899160489888E+04  -0.4162461895124E+04   0.2376975075946E+00  -0.5913397478678E-01   0.6377057689785E+00   0.7302974874124E+00
   0.1225000000000E+02   0.5039353107913E+03   0.3414150106427E+00   0.1079629060287E+03  -0.9023850950645E-01   0.2034311210308E+00   0.3831389147802E-01   0.1433152084862E+04   0.3901560958841E+04  -0.4164227881536E+04   0.2368821051339E+00  -0.5986187122634E-01   0.6376289661852E+00   0.7305701377159E+00
   0.1226000000000E+02   0.5039274208416E+03   0.3414242604133E+00   0.1079631893538E+03  -0.9023680177967E-01   0.2034176481892E+00   0.3831395895104E-01   0.1428942020916E+04   0.3903951939829E+04  -0.4165993910268E+04   0.2360664438914E+00  -0.6058963990398E-01   0.6375513407926E+00   0.7308418553000E+00
   0.1227000000000E+02   0.5039195230439E+03   0.3414335469231E+00   0.1079634709244E+03  -0.9023509292971E-01   0.2034041724627E+00   0.3831402693058E-01   0.1424726687785E+04   0.3906333421665E+04  -0.4167759981439E+04   0.2352505249496E+00  -0.6131727987587E-01   0.6374728930503E+00   0.7311126399712E+00
   0.1228000000000E+02   0.5039116173939E+03   0.3414428702579E+00   0.1079637507389E+03  -0.9023338295629E-01   0.2033906938522E+00   0.3831409541912E-01   0.1420506107315E+04   0.3908705393213E+04  -0.4169526095163E+04   0.2344343493912E+00  -0.6204479019858E-01   0.6373936232088E+00   0.7313824915374E+00
   0.1229000000000E+02   0.5039037038879E+03   0.3414522305030E+00   0.1079640287959E+03  -0.9023167185915E-01   0.2033772123587E+00   0.3831416441913E-01   0.1416280301373E+04   0.3911067843387E+04  -0.4171292251556E+04   0.2336179182989E+00  -0.6277216992914E-01   0.6373135315199E+00   0.7316514098078E+00
   0.1230000000000E+02   0.5038957825217E+03   0.3414616277429E+00   0.1079643050941E+03  -0.9022995963802E-01   0.2033637279833E+00   0.3831423393310E-01   0.1412049291848E+04   0.3913420761153E+04  -0.4173058450736E+04   0.2328012327552E+00  -0.6349941812503E-01   0.6372326182362E+00   0.7319193945929E+00
   0.1231000000000E+02   0.5038878532913E+03   0.3414710620617E+00   0.1079645796319E+03  -0.9022824629261E-01   0.2033502407270E+00   0.3831430396352E-01   0.1407813100652E+04   0.3915764135527E+04  -0.4174824692817E+04   0.2319842938430E+00  -0.6422653384417E-01   0.6371508836116E+00   0.7321864457045E+00
   0.1232000000000E+02   0.5038799161927E+03   0.3414805335431E+00   0.1079648524080E+03  -0.9022653182266E-01   0.2033367505908E+00   0.3831437451286E-01   0.1403571749718E+04   0.3918097955580E+04  -0.4176590977915E+04   0.2311671026450E+00  -0.6495351614489E-01   0.6370683279011E+00   0.7324525629557E+00
   0.1233000000000E+02   0.5038719712220E+03   0.3414900422699E+00   0.1079651234210E+03  -0.9022481622790E-01   0.2033232575759E+00   0.3831444558362E-01   0.1399325261003E+04   0.3920422210429E+04  -0.4178357306146E+04   0.2303496602439E+00  -0.6568036408602E-01   0.6369849513607E+00   0.7327177461609E+00
   0.1234000000000E+02   0.5038640183752E+03   0.3414995883246E+00   0.1079653926693E+03  -0.9022309950805E-01   0.2033097616831E+00   0.3831451717829E-01   0.1395073656482E+04   0.3922736889246E+04  -0.4180123677625E+04   0.2295319677226E+00  -0.6640707672678E-01   0.6369007542474E+00   0.7329819951357E+00
   0.1235000000000E+02   0.5038560576484E+03   0.3415091717892E+00   0.1079656601517E+03  -0.9022138166283E-01   0.2032962629136E+00   0.3831458929937E-01   0.1390816958156E+04   0.3925041981253E+04  -0.4181890092466E+04   0.2287140261639E+00  -0.6713365312689E-01   0.6368157368194E+00   0.7332453096972E+00
   0.1236000000000E+02   0.5038480890376E+03   0.3415187927448E+00   0.1079659258668E+03  -0.9021966269196E-01   0.2032827612684E+00   0.3831466194936E-01   0.1386555188045E+04   0.3927337475723E+04  -0.4183656550785E+04   0.2278958366505E+00  -0.6786009234648E-01   0.6367298993360E+00   0.7335076896636E+00
   0.1237000000000E+02   0.5038401125389E+03   0.3415284512721E+00   0.1079661898130E+03  -0.9021794259517E-01   0.2032692567486E+00   0.3831473513075E-01   0.1382288368189E+04   0.3929623361982E+04  -0.4185423052697E+04   0.2270774002655E+00  -0.6858639344615E-01   0.6366432420575E+00   0.7337691348546E+00
   0.1238000000000E+02   0.5038321281483E+03   0.3415381474515E+00   0.1079664519890E+03  -0.9021622137218E-01   0.2032557493551E+00   0.3831480884606E-01   0.1378016520654E+04   0.3931899629407E+04  -0.4187189598315E+04   0.2262587180917E+00  -0.6931255548693E-01   0.6365557652452E+00   0.7340296450911E+00
   0.1239000000000E+02   0.5038241358621E+03   0.3415478813623E+00   0.1079667123934E+03  -0.9021449902269E-01   0.2032422390892E+00   0.3831488309779E-01   0.1373739667521E+04   0.3934166267425E+04  -0.4188956187755E+04   0.2254397912119E+00  -0.7003857753034E-01   0.6364674691616E+00   0.7342892201952E+00
   0.1240000000000E+02   0.5038161356762E+03   0.3415576530836E+00   0.1079669710248E+03  -0.9021277554642E-01   0.2032287259517E+00   0.3831495788844E-01   0.1369457830898E+04   0.3936423265517E+04  -0.4190722821130E+04   0.2246206207091E+00  -0.7076445863831E-01   0.6363783540704E+00   0.7345478599905E+00
   0.1241000000000E+02   0.5038081275868E+03   0.3415674626938E+00   0.1079672278818E+03  -0.9021105094308E-01   0.2032152099438E+00   0.3831503322053E-01   0.1365171032910E+04   0.3938670613212E+04  -0.4192489498554E+04   0.2238012076662E+00  -0.7149019787326E-01   0.6362884202360E+00   0.7348055643017E+00
   0.1242000000000E+02   0.5038001115901E+03   0.3415773102708E+00   0.1079674829630E+03  -0.9020932521238E-01   0.2032016910665E+00   0.3831510909656E-01   0.1360879295704E+04   0.3940908300095E+04  -0.4194256220142E+04   0.2229815531661E+00  -0.7221579429805E-01   0.6361976679242E+00   0.7350623329550E+00
   0.1243000000000E+02   0.5037920876822E+03   0.3415871958919E+00   0.1079677362671E+03  -0.9020759835402E-01   0.2031881693210E+00   0.3831518551906E-01   0.1356582641447E+04   0.3943136315800E+04  -0.4196022986007E+04   0.2221616582919E+00  -0.7294124697599E-01   0.6361060974018E+00   0.7353181657778E+00
   0.1244000000000E+02   0.5037840558592E+03   0.3415971196339E+00   0.1079679877926E+03  -0.9020587036770E-01   0.2031746447081E+00   0.3831526249053E-01   0.1352281092328E+04   0.3945354650013E+04  -0.4197789796261E+04   0.2213415241264E+00  -0.7366655497087E-01   0.6360137089366E+00   0.7355730625988E+00
   0.1245000000000E+02   0.5037760161174E+03   0.3416070815728E+00   0.1079682375381E+03  -0.9020414125313E-01   0.2031611172292E+00   0.3831534001350E-01   0.1347974670555E+04   0.3947563292472E+04  -0.4199556651020E+04   0.2205211517526E+00  -0.7439171734692E-01   0.6359205027974E+00   0.7358270232478E+00
   0.1246000000000E+02   0.5037679684528E+03   0.3416170817844E+00   0.1079684855023E+03  -0.9020241100999E-01   0.2031475868851E+00   0.3831541809048E-01   0.1343663398357E+04   0.3949762232967E+04  -0.4201323550395E+04   0.2197005422535E+00  -0.7511673316884E-01   0.6358264792543E+00   0.7360800475564E+00
   0.1247000000000E+02   0.5037599128618E+03   0.3416271203437E+00   0.1079687316839E+03  -0.9020067963798E-01   0.2031340536770E+00   0.3831549672400E-01   0.1339347297983E+04   0.3951951461340E+04  -0.4203090494499E+04   0.2188796967121E+00  -0.7584160150179E-01   0.6357316385784E+00   0.7363321353569E+00
   0.1248000000000E+02   0.5037518493405E+03   0.3416371973252E+00   0.1079689760813E+03  -0.9019894713679E-01   0.2031205176059E+00   0.3831557591656E-01   0.1335026391703E+04   0.3954130967484E+04  -0.4204857483446E+04   0.2180586162113E+00  -0.7656632141141E-01   0.6356359810416E+00   0.7365832864834E+00
   0.1249000000000E+02   0.5037437778851E+03   0.3416473128030E+00   0.1079692186933E+03  -0.9019721350609E-01   0.2031069786730E+00   0.3831565567070E-01   0.1330700701804E+04   0.3956300741345E+04  -0.4206624517347E+04   0.2172373018342E+00  -0.7729089196377E-01   0.6355395069173E+00   0.7368335007710E+00
   0.1250000000000E+02   0.5037356984919E+03   0.3416574668505E+00   0.1079694595185E+03  -0.9019547874556E-01   0.2030934368793E+00   0.3831573598893E-01   0.1326370250596E+04   0.3958460772919E+04  -0.4208391596315E+04   0.2164157546637E+00  -0.7801531222543E-01   0.6354422164797E+00   0.7370827780562E+00
   0.1251000000000E+02   0.5037276111571E+03   0.3416676595408E+00   0.1079696985555E+03  -0.9019374285489E-01   0.2030798922259E+00   0.3831581687379E-01   0.1322035060407E+04   0.3960611052257E+04  -0.4210158720462E+04   0.2155939757827E+00  -0.7873958126342E-01   0.6353441100040E+00   0.7373311181768E+00
   0.1252000000000E+02   0.5037195158770E+03   0.3416778909463E+00   0.1079699358030E+03  -0.9019200583374E-01   0.2030663447139E+00   0.3831589832778E-01   0.1317695153586E+04   0.3962751569459E+04  -0.4211925889901E+04   0.2147719662743E+00  -0.7946369814523E-01   0.6352451877667E+00   0.7375785209719E+00
   0.1253000000000E+02   0.5037114126479E+03   0.3416881611389E+00   0.1079701712596E+03  -0.9019026768178E-01   0.2030527943444E+00   0.3831598035345E-01   0.1313350552499E+04   0.3964882314679E+04  -0.4213693104742E+04   0.2139497272215E+00  -0.8018766193882E-01   0.6351454500451E+00   0.7378249862817E+00
   0.1254000000000E+02   0.5037033014660E+03   0.3416984701901E+00   0.1079704049239E+03  -0.9018852839867E-01   0.2030392411184E+00   0.3831606295330E-01   0.1309001279534E+04   0.3967003278123E+04  -0.4215460365098E+04   0.2131272597071E+00  -0.8091147171263E-01   0.6350448971179E+00   0.7380705139481E+00
   0.1255000000000E+02   0.5036951823276E+03   0.3417088181710E+00   0.1079706367946E+03  -0.9018678798408E-01   0.2030256850372E+00   0.3831614612987E-01   0.1304647357096E+04   0.3969114450047E+04  -0.4217227671079E+04   0.2123045648142E+00  -0.8163512653556E-01   0.6349435292646E+00   0.7383151038138E+00
   0.1256000000000E+02   0.5036870552291E+03   0.3417192051520E+00   0.1079708668704E+03  -0.9018504643765E-01   0.2030121261017E+00   0.3831622988569E-01   0.1300288807610E+04   0.3971215820762E+04  -0.4218995022797E+04   0.2114816436256E+00  -0.8235862547699E-01   0.6348413467657E+00   0.7385587557234E+00
   0.1257000000000E+02   0.5036789201668E+03   0.3417296312033E+00   0.1079710951499E+03  -0.9018330375903E-01   0.2029985643130E+00   0.3831631422327E-01   0.1295925653521E+04   0.3973307380630E+04  -0.4220762420363E+04   0.2106584972244E+00  -0.8308196760677E-01   0.6347383499031E+00   0.7388014695221E+00
   0.1258000000000E+02   0.5036707771370E+03   0.3417400963945E+00   0.1079713216317E+03  -0.9018155994788E-01   0.2029849996724E+00   0.3831639914514E-01   0.1291557917290E+04   0.3975389120064E+04  -0.4222529863888E+04   0.2098351266934E+00  -0.8380515199523E-01   0.6346345389594E+00   0.7390432450570E+00
   0.1259000000000E+02   0.5036626261361E+03   0.3417506007949E+00   0.1079715463145E+03  -0.9017981500382E-01   0.2029714321808E+00   0.3831648465384E-01   0.1287185621400E+04   0.3977461029531E+04  -0.4224297353482E+04   0.2090115331155E+00  -0.8452817771318E-01   0.6345299142185E+00   0.7392840821761E+00
   0.1260000000000E+02   0.5036544671604E+03   0.3417611444731E+00   0.1079717691971E+03  -0.9017806892651E-01   0.2029578618395E+00   0.3831657075187E-01   0.1282808788350E+04   0.3979523099549E+04  -0.4226064889256E+04   0.2081877175736E+00  -0.8525104383191E-01   0.6344244759653E+00   0.7395239807290E+00
   0.1261000000000E+02   0.5036463002064E+03   0.3417717274977E+00   0.1079719902779E+03  -0.9017632171556E-01   0.2029442886494E+00   0.3831665744177E-01   0.1278427440659E+04   0.3981575320689E+04  -0.4227832471320E+04   0.2073636811507E+00  -0.8597374942317E-01   0.6343182244857E+00   0.7397629405662E+00
   0.1262000000000E+02   0.5036381252703E+03   0.3417823499366E+00   0.1079722095558E+03  -0.9017457337061E-01   0.2029307126118E+00   0.3831674472607E-01   0.1274041600864E+04   0.3983617683575E+04  -0.4229600099783E+04   0.2065394249294E+00  -0.8669629355923E-01   0.6342111600666E+00   0.7400009615399E+00
   0.1263000000000E+02   0.5036299423486E+03   0.3417930118575E+00   0.1079724270294E+03  -0.9017282389128E-01   0.2029171337278E+00   0.3831683260728E-01   0.1269651291519E+04   0.3985650178883E+04  -0.4231367774756E+04   0.2057149499927E+00  -0.8741867531279E-01   0.6341032829961E+00   0.7402380435033E+00
   0.1264000000000E+02   0.5036217514378E+03   0.3418037133276E+00   0.1079726426974E+03  -0.9017107327719E-01   0.2029035519984E+00   0.3831692108793E-01   0.1265256535198E+04   0.3987672797339E+04  -0.4233135496349E+04   0.2048902574234E+00  -0.8814089375709E-01   0.6339945935634E+00   0.7404741863111E+00
   0.1265000000000E+02   0.5036135525342E+03   0.3418144544138E+00   0.1079728565584E+03  -0.9016932152795E-01   0.2028899674248E+00   0.3831701017054E-01   0.1260857354492E+04   0.3989685529725E+04  -0.4234903264670E+04   0.2040653483043E+00  -0.8886294796580E-01   0.6338850920586E+00   0.7407093898191E+00
   0.1266000000000E+02   0.5036053456343E+03   0.3418252351828E+00   0.1079730686111E+03  -0.9016756864317E-01   0.2028763800081E+00   0.3831709985763E-01   0.1256453772009E+04   0.3991688366874E+04  -0.4236671079829E+04   0.2032402237181E+00  -0.8958483701312E-01   0.6337747787728E+00   0.7409436538846E+00
   0.1267000000000E+02   0.5035971307346E+03   0.3418360557008E+00   0.1079732788543E+03  -0.9016581462246E-01   0.2028627897495E+00   0.3831719015173E-01   0.1252045810375E+04   0.3993681299671E+04  -0.4238438941936E+04   0.2024148847475E+00  -0.9030655997372E-01   0.6336636539985E+00   0.7411769783659E+00
   0.1268000000000E+02   0.5035889078315E+03   0.3418469160338E+00   0.1079734872865E+03  -0.9016405946542E-01   0.2028491966501E+00   0.3831728105535E-01   0.1247633492236E+04   0.3995664319054E+04  -0.4240206851097E+04   0.2015893324752E+00  -0.9102811592274E-01   0.6335517180288E+00   0.7414093631230E+00
   0.1269000000000E+02   0.5035806769215E+03   0.3418578162475E+00   0.1079736939066E+03  -0.9016230317164E-01   0.2028356007110E+00   0.3831737257101E-01   0.1243216840253E+04   0.3997637416013E+04  -0.4241974807424E+04   0.2007635679839E+00  -0.9174950393584E-01   0.6334389711582E+00   0.7416408080169E+00
   0.1270000000000E+02   0.5035724380011E+03   0.3418687564072E+00   0.1079738987132E+03  -0.9016054574072E-01   0.2028220019334E+00   0.3831746470124E-01   0.1238795877104E+04   0.3999600581592E+04  -0.4243742811023E+04   0.1999375923563E+00  -0.9247072308916E-01   0.6333254136820E+00   0.7418713129099E+00
   0.1271000000000E+02   0.5035641910668E+03   0.3418797365783E+00   0.1079741017049E+03  -0.9015878717224E-01   0.2028084003184E+00   0.3831755744855E-01   0.1234370625485E+04   0.4001553806887E+04  -0.4245510862003E+04   0.1991114066750E+00  -0.9319177245932E-01   0.6332110458969E+00   0.7421008776656E+00
   0.1272000000000E+02   0.5035559361151E+03   0.3418907568255E+00   0.1079743028806E+03  -0.9015702746580E-01   0.2027947958672E+00   0.3831765081545E-01   0.1229941108111E+04   0.4003497083045E+04  -0.4247278960472E+04   0.1982850120224E+00  -0.9391265112345E-01   0.6330958681001E+00   0.7423295021490E+00
   0.1273000000000E+02   0.5035476731427E+03   0.3419018172135E+00   0.1079745022388E+03  -0.9015526662096E-01   0.2027811885809E+00   0.3831774480447E-01   0.1225507347710E+04   0.4005430401268E+04  -0.4249047106537E+04   0.1974584094812E+00  -0.9463335815917E-01   0.6329798805905E+00   0.7425571862263E+00
   0.1274000000000E+02   0.5035394021459E+03   0.3419129178069E+00   0.1079746997784E+03  -0.9015350463731E-01   0.2027675784606E+00   0.3831783941811E-01   0.1221069367030E+04   0.4007353752810E+04  -0.4250815300307E+04   0.1966316001339E+00  -0.9535389264458E-01   0.6328630836675E+00   0.7427839297650E+00
   0.1275000000000E+02   0.5035311231215E+03   0.3419240586700E+00   0.1079748954979E+03  -0.9015174151443E-01   0.2027539655075E+00   0.3831793465889E-01   0.1216627188835E+04   0.4009267128976E+04  -0.4252583541889E+04   0.1958045850628E+00  -0.9607425365831E-01   0.6327454776318E+00   0.7430097326340E+00
   0.1276000000000E+02   0.5035228360659E+03   0.3419352398668E+00   0.1079750893963E+03  -0.9014997725187E-01   0.2027403497228E+00   0.3831803052931E-01   0.1212180835904E+04   0.4011170521128E+04  -0.4254351831389E+04   0.1949773653505E+00  -0.9679444027945E-01   0.6326270627852E+00   0.7432345947033E+00
   0.1277000000000E+02   0.5035145409758E+03   0.3419464614613E+00   0.1079752814720E+03  -0.9014821184920E-01   0.2027267311077E+00   0.3831812703190E-01   0.1207730331035E+04   0.4013063920675E+04  -0.4256120168916E+04   0.1941499420793E+00  -0.9751445158761E-01   0.6325078394304E+00   0.7434585158442E+00
   0.1278000000000E+02   0.5035062378477E+03   0.3419577235173E+00   0.1079754717240E+03  -0.9014644530599E-01   0.2027131096632E+00   0.3831822416915E-01   0.1203275697041E+04   0.4014947319084E+04  -0.4257888554575E+04   0.1933223163315E+00  -0.9823428666290E-01   0.6323878078712E+00   0.7436814959295E+00
   0.1279000000000E+02   0.5034979266783E+03   0.3419690260985E+00   0.1079756601509E+03  -0.9014467762180E-01   0.2026994853906E+00   0.3831832194358E-01   0.1198816956751E+04   0.4016820707873E+04  -0.4259656988473E+04   0.1924944891893E+00  -0.9895394458593E-01   0.6322669684125E+00   0.7439035348331E+00
   0.1280000000000E+02   0.5034896074643E+03   0.3419803692684E+00   0.1079758467514E+03  -0.9014290879618E-01   0.2026858582911E+00   0.3831842035769E-01   0.1194354133010E+04   0.4018684078611E+04  -0.4261425470717E+04   0.1916664617352E+00  -0.9967342443781E-01   0.6321453213601E+00   0.7441246324302E+00
   0.1281000000000E+02   0.5034812802022E+03   0.3419917530905E+00   0.1079760315243E+03  -0.9014113882868E-01   0.2026722283657E+00   0.3831851941399E-01   0.1189887248680E+04   0.4020537422922E+04  -0.4263194001412E+04   0.1908382350511E+00  -0.1003927253002E+00   0.6320228670210E+00   0.7443447885973E+00
   0.1282000000000E+02   0.5034729448888E+03   0.3420031776281E+00   0.1079762144682E+03  -0.9013936771886E-01   0.2026585956157E+00   0.3831861911498E-01   0.1185416326638E+04   0.4022380732483E+04  -0.4264962580665E+04   0.1900098102193E+00  -0.1011118462551E+00   0.6318996057031E+00   0.7445640032123E+00
   0.1283000000000E+02   0.5034646015206E+03   0.3420146429447E+00   0.1079763955821E+03  -0.9013759546625E-01   0.2026449600423E+00   0.3831871946315E-01   0.1180941389777E+04   0.4024213999023E+04  -0.4266731208581E+04   0.1891811883218E+00  -0.1018307863853E+00   0.6317755377155E+00   0.7447822761543E+00
   0.1284000000000E+02   0.5034562500945E+03   0.3420261491033E+00   0.1079765748645E+03  -0.9013582207041E-01   0.2026313216467E+00   0.3831882046102E-01   0.1176462461005E+04   0.4026037214325E+04  -0.4268499885265E+04   0.1883523704406E+00  -0.1025495447738E+00   0.6316506633683E+00   0.7449996073036E+00
   0.1285000000000E+02   0.5034478906070E+03   0.3420376961672E+00   0.1079767523142E+03  -0.9013404753087E-01   0.2026176804299E+00   0.3831892211107E-01   0.1171979563246E+04   0.4027850370223E+04  -0.4270268610824E+04   0.1875233576579E+00  -0.1032681205043E+00   0.6315249829724E+00   0.7452159965419E+00
   0.1286000000000E+02   0.5034395230550E+03   0.3420492841996E+00   0.1079769279300E+03  -0.9013227184718E-01   0.2026040363933E+00   0.3831902441582E-01   0.1167492719440E+04   0.4029653458607E+04  -0.4272037385362E+04   0.1866941510553E+00  -0.1039865126609E+00   0.6313984968401E+00   0.7454314437521E+00
   0.1287000000000E+02   0.5034311474350E+03   0.3420609132637E+00   0.1079771017107E+03  -0.9013049501887E-01   0.2025903895380E+00   0.3831912737774E-01   0.1163001952542E+04   0.4031446471417E+04  -0.4273806208983E+04   0.1858647517149E+00  -0.1047047203284E+00   0.6312712052846E+00   0.7456459488185E+00
   0.1288000000000E+02   0.5034227637440E+03   0.3420725834225E+00   0.1079772736550E+03  -0.9012871704547E-01   0.2025767398652E+00   0.3831923099934E-01   0.1158507285520E+04   0.4033229400649E+04  -0.4275575081793E+04   0.1850351607184E+00  -0.1054227425919E+00   0.6311431086199E+00   0.7458595116266E+00
   0.1289000000000E+02   0.5034143719787E+03   0.3420842947393E+00   0.1079774437616E+03  -0.9012693792653E-01   0.2025630873761E+00   0.3831933528311E-01   0.1154008741360E+04   0.4035002238350E+04  -0.4277344003896E+04   0.1842053791476E+00  -0.1061405785371E+00   0.6310142071615E+00   0.7460721320632E+00
   0.1290000000000E+02   0.5034059721357E+03   0.3420960472773E+00   0.1079776120293E+03  -0.9012515766156E-01   0.2025494320719E+00   0.3831944023154E-01   0.1149506343061E+04   0.4036764976621E+04  -0.4279112975397E+04   0.1833754080841E+00  -0.1068582272501E+00   0.6308845012254E+00   0.7462838100163E+00
   0.1291000000000E+02   0.5033975642120E+03   0.3421078410997E+00   0.1079777784569E+03  -0.9012337625010E-01   0.2025357739538E+00   0.3831954584711E-01   0.1145000113637E+04   0.4038517607616E+04  -0.4280881996398E+04   0.1825452486095E+00  -0.1075756878178E+00   0.6307539911291E+00   0.7464945453754E+00
   0.1292000000000E+02   0.5033891482042E+03   0.3421196762698E+00   0.1079779430432E+03  -0.9012159369169E-01   0.2025221130230E+00   0.3831965213233E-01   0.1140490076117E+04   0.4040260123541E+04  -0.4282651067004E+04   0.1817149018054E+00  -0.1082929593274E+00   0.6306226771910E+00   0.7467043380311E+00
   0.1293000000000E+02   0.5033807241093E+03   0.3421315528510E+00   0.1079781057869E+03  -0.9011980998583E-01   0.2025084492808E+00   0.3831975908967E-01   0.1135976253545E+04   0.4041992516658E+04  -0.4284420187319E+04   0.1808843687533E+00  -0.1090100408666E+00   0.6304905597303E+00   0.7469131878753E+00
   0.1294000000000E+02   0.5033722919241E+03   0.3421434709067E+00   0.1079782666868E+03  -0.9011802513207E-01   0.2024947827283E+00   0.3831986672161E-01   0.1131458668977E+04   0.4043714779280E+04  -0.4286189357445E+04   0.1800536505346E+00  -0.1097269315237E+00   0.6303576390674E+00   0.7471210948012E+00
   0.1295000000000E+02   0.5033638516454E+03   0.3421554305004E+00   0.1079784257417E+03  -0.9011623912992E-01   0.2024811133667E+00   0.3831997503065E-01   0.1126937345486E+04   0.4045426903773E+04  -0.4287958577486E+04   0.1792227482306E+00  -0.1104436303874E+00   0.6302239155239E+00   0.7473280587033E+00
   0.1296000000000E+02   0.5033554032700E+03   0.3421674316958E+00   0.1079785829503E+03  -0.9011445197891E-01   0.2024674411973E+00   0.3832008401927E-01   0.1122412306158E+04   0.4047128882558E+04  -0.4289727847545E+04   0.1783916629226E+00  -0.1111601365472E+00   0.6300893894222E+00   0.7475340794773E+00
   0.1297000000000E+02   0.5033469467948E+03   0.3421794745566E+00   0.1079787383116E+03  -0.9011266367856E-01   0.2024537662213E+00   0.3832019368994E-01   0.1117883574092E+04   0.4048820708108E+04  -0.4291497167724E+04   0.1775603956918E+00  -0.1118764490929E+00   0.6299540610858E+00   0.7477391570205E+00
   0.1298000000000E+02   0.5033384822168E+03   0.3421915591466E+00   0.1079788918241E+03  -0.9011087422840E-01   0.2024400884399E+00   0.3832030404514E-01   0.1113351172403E+04   0.4050502372949E+04  -0.4293266538126E+04   0.1767289476193E+00  -0.1125925671149E+00   0.6298179308392E+00   0.7479432912309E+00
   0.1299000000000E+02   0.5033300095328E+03   0.3422036855298E+00   0.1079790434869E+03  -0.9010908362795E-01   0.2024264078544E+00   0.3832041508736E-01   0.1108815124218E+04   0.4052173869663E+04  -0.4295035958853E+04   0.1758973197861E+00  -0.1133084897039E+00   0.6296809990079E+00   0.7481464820084E+00
   0.1300000000000E+02   0.5033215287397E+03   0.3422158537703E+00   0.1079791932985E+03  -0.9010729187673E-01   0.2024127244659E+00   0.3832052681907E-01   0.1104275452678E+04   0.4053835190881E+04  -0.4296805430006E+04   0.1750655132732E+00  -0.1140242159515E+00   0.6295432659186E+00   0.7483487292537E+00
   0.1301000000000E+02   0.5033130398345E+03   0.3422280639324E+00   0.1079793412580E+03  -0.9010549897426E-01   0.2023990382758E+00   0.3832063924275E-01   0.1099732180937E+04   0.4055486329291E+04  -0.4298574951689E+04   0.1742335291615E+00  -0.1147397449497E+00   0.6294047318988E+00   0.7485500328690E+00
   0.1302000000000E+02   0.5033045428142E+03   0.3422403160806E+00   0.1079794873639E+03  -0.9010370492007E-01   0.2023853492852E+00   0.3832075236086E-01   0.1095185332164E+04   0.4057127277634E+04  -0.4300344524002E+04   0.1734013685319E+00  -0.1154550757908E+00   0.6292653972772E+00   0.7487503927578E+00
   0.1303000000000E+02   0.5032960376756E+03   0.3422526102793E+00   0.1079796316153E+03  -0.9010190971368E-01   0.2023716574954E+00   0.3832086617589E-01   0.1090634929539E+04   0.4058758028702E+04  -0.4302114147046E+04   0.1725690324649E+00  -0.1161702075679E+00   0.6291252623834E+00   0.7489498088249E+00
   0.1304000000000E+02   0.5032875244158E+03   0.3422649465935E+00   0.1079797740108E+03  -0.9010011335461E-01   0.2023579629076E+00   0.3832098069030E-01   0.1086080996257E+04   0.4060378575342E+04  -0.4303883820923E+04   0.1717365220413E+00  -0.1168851393746E+00   0.6289843275481E+00   0.7491482809761E+00
   0.1305000000000E+02   0.5032790030317E+03   0.3422773250879E+00   0.1079799145493E+03  -0.9009831584239E-01   0.2023442655231E+00   0.3832109590657E-01   0.1081523555526E+04   0.4061988910455E+04  -0.4305653545734E+04   0.1709038383417E+00  -0.1175998703049E+00   0.6288425931030E+00   0.7493458091188E+00
   0.1306000000000E+02   0.5032704735203E+03   0.3422897458278E+00   0.1079800532297E+03  -0.9009651717655E-01   0.2023305653432E+00   0.3832121182717E-01   0.1076962630564E+04   0.4063589026996E+04  -0.4307423321579E+04   0.1700709824464E+00  -0.1183143994534E+00   0.6287000593808E+00   0.7495423931615E+00
   0.1307000000000E+02   0.5032619358788E+03   0.3423022088784E+00   0.1079801900507E+03  -0.9009471735661E-01   0.2023168623690E+00   0.3832132845455E-01   0.1072398244606E+04   0.4065178917970E+04  -0.4309193148558E+04   0.1692379554359E+00  -0.1190287259153E+00   0.6285567267153E+00   0.7497380330141E+00
   0.1308000000000E+02   0.5032533901040E+03   0.3423147143053E+00   0.1079803250111E+03  -0.9009291638209E-01   0.2023031566019E+00   0.3832144579120E-01   0.1067830420896E+04   0.4066758576440E+04  -0.4310963026772E+04   0.1684047583904E+00  -0.1197428487863E+00   0.6284125954412E+00   0.7499327285876E+00
   0.1309000000000E+02   0.5032448361931E+03   0.3423272621742E+00   0.1079804581099E+03  -0.9009111425254E-01   0.2022894480431E+00   0.3832156383957E-01   0.1063259182693E+04   0.4068327995520E+04  -0.4312732956321E+04   0.1675713923902E+00  -0.1204567671625E+00   0.6282676658942E+00   0.7501264797946E+00
   0.1310000000000E+02   0.5032362741431E+03   0.3423398525510E+00   0.1079805893458E+03  -0.9008931096747E-01   0.2022757366939E+00   0.3832168260214E-01   0.1058684553266E+04   0.4069887168378E+04  -0.4314502937304E+04   0.1667378585153E+00  -0.1211704801408E+00   0.6281219384113E+00   0.7503192865485E+00
   0.1311000000000E+02   0.5032277039511E+03   0.3423524855018E+00   0.1079807187177E+03  -0.9008750652643E-01   0.2022620225555E+00   0.3832180208137E-01   0.1054106555899E+04   0.4071436088235E+04  -0.4316272969821E+04   0.1659041578457E+00  -0.1218839868184E+00   0.6279754133301E+00   0.7505111487643E+00
   0.1312000000000E+02   0.5032191256142E+03   0.3423651610930E+00   0.1079808462244E+03  -0.9008570092894E-01   0.2022483056292E+00   0.3832192227971E-01   0.1049525213885E+04   0.4072974748366E+04  -0.4318043053970E+04   0.1650702914614E+00  -0.1225972862932E+00   0.6278280909896E+00   0.7507020663584E+00
   0.1313000000000E+02   0.5032105391295E+03   0.3423778793913E+00   0.1079809718647E+03  -0.9008389417455E-01   0.2022345859164E+00   0.3832204319964E-01   0.1044940550531E+04   0.4074503142101E+04  -0.4319813189852E+04   0.1642362604422E+00  -0.1233103776635E+00   0.6276799717295E+00   0.7508920392480E+00
   0.1314000000000E+02   0.5032019444941E+03   0.3423906404632E+00   0.1079810956376E+03  -0.9008208626278E-01   0.2022208634181E+00   0.3832216484362E-01   0.1040352589156E+04   0.4076021262822E+04  -0.4321583377565E+04   0.1634020658678E+00  -0.1240232600283E+00   0.6275310558908E+00   0.7510810673520E+00
   0.1315000000000E+02   0.5031933417052E+03   0.3424034443760E+00   0.1079812175419E+03  -0.9008027719319E-01   0.2022071381358E+00   0.3832228721410E-01   0.1035761353090E+04   0.4077529103964E+04  -0.4323353617207E+04   0.1625677088178E+00  -0.1247359324870E+00   0.6273813438152E+00   0.7512691505905E+00
   0.1316000000000E+02   0.5031847307599E+03   0.3424162911968E+00   0.1079813375763E+03  -0.9007846696531E-01   0.2021934100707E+00   0.3832241031356E-01   0.1031166865674E+04   0.4079026659018E+04  -0.4325123908877E+04   0.1617331903717E+00  -0.1254483941397E+00   0.6272308358458E+00   0.7514562888846E+00
   0.1317000000000E+02   0.5031761116554E+03   0.3424291809931E+00   0.1079814557399E+03  -0.9007665557869E-01   0.2021796792241E+00   0.3832253414444E-01   0.1026569150262E+04   0.4080513921527E+04  -0.4326894252672E+04   0.1608985116089E+00  -0.1261606440869E+00   0.6270795323262E+00   0.7516424821570E+00
   0.1318000000000E+02   0.5031674843888E+03   0.3424421138326E+00   0.1079815720315E+03  -0.9007484303289E-01   0.2021659455973E+00   0.3832265870921E-01   0.1021968230219E+04   0.4081990885087E+04  -0.4328664648692E+04   0.1600636736088E+00  -0.1268726814298E+00   0.6269274336016E+00   0.7518277303315E+00
   0.1319000000000E+02   0.5031588489574E+03   0.3424550897833E+00   0.1079816864498E+03  -0.9007302932744E-01   0.2021522091916E+00   0.3832278401032E-01   0.1017364128919E+04   0.4083457543351E+04  -0.4330435097032E+04   0.1592286774505E+00  -0.1275845052699E+00   0.6267745400177E+00   0.7520120333332E+00
   0.1320000000000E+02   0.5031502053584E+03   0.3424681089132E+00   0.1079817989939E+03  -0.9007121446190E-01   0.2021384700083E+00   0.3832291005025E-01   0.1012756869751E+04   0.4084913890022E+04  -0.4332205597791E+04   0.1583935242130E+00  -0.1282961147095E+00   0.6266208519216E+00   0.7521953910886E+00
   0.1321000000000E+02   0.5031415535890E+03   0.3424811712909E+00   0.1079819096625E+03  -0.9006939843584E-01   0.2021247280487E+00   0.3832303683143E-01   0.1008146476112E+04   0.4086359918858E+04  -0.4333976151065E+04   0.1575582149755E+00  -0.1290075088514E+00   0.6264663696610E+00   0.7523778035252E+00
   0.1322000000000E+02   0.5031328936465E+03   0.3424942769849E+00   0.1079820184547E+03  -0.9006758124880E-01   0.2021109833140E+00   0.3832316435634E-01   0.1003532971410E+04   0.4087795623671E+04  -0.4335746756952E+04   0.1567227508167E+00  -0.1297186867988E+00   0.6263110935851E+00   0.7525592705720E+00
   0.1323000000000E+02   0.5031242255281E+03   0.3425074260640E+00   0.1079821253691E+03  -0.9006576290037E-01   0.2020972358056E+00   0.3832329262743E-01   0.9989163790661E+03   0.4089220998327E+04  -0.4337517415548E+04   0.1558871328154E+00  -0.1304296476557E+00   0.6261550240436E+00   0.7527397921592E+00
   0.1324000000000E+02   0.5031155492310E+03   0.3425206185974E+00   0.1079822304048E+03  -0.9006394339009E-01   0.2020834855248E+00   0.3832342164715E-01   0.9942967225090E+03   0.4090636036746E+04  -0.4339288126950E+04   0.1550513620503E+00  -0.1311403905264E+00   0.6259981613877E+00   0.7529193682183E+00
   0.1325000000000E+02   0.5031068647527E+03   0.3425338546543E+00   0.1079823335606E+03  -0.9006212271755E-01   0.2020697324729E+00   0.3832355141797E-01   0.9896740251797E+03   0.4092040732901E+04  -0.4341058891254E+04   0.1542154395998E+00  -0.1318509145159E+00   0.6258405059691E+00   0.7530979986819E+00
   0.1326000000000E+02   0.5030981720903E+03   0.3425471343043E+00   0.1079824348354E+03  -0.9006030088231E-01   0.2020559766513E+00   0.3832368194234E-01   0.9850483105292E+03   0.4093435080819E+04  -0.4342829708555E+04   0.1533793665424E+00  -0.1325612187299E+00   0.6256820581410E+00   0.7532756834841E+00
   0.1327000000000E+02   0.5030894712413E+03   0.3425604576170E+00   0.1079825342281E+03  -0.9005847788395E-01   0.2020422180611E+00   0.3832381322271E-01   0.9804196020185E+03   0.4094819074581E+04  -0.4344600578949E+04   0.1525431439564E+00  -0.1332713022743E+00   0.6255228182571E+00   0.7534524225601E+00
   0.1328000000000E+02   0.5030807622029E+03   0.3425738246625E+00   0.1079826317377E+03  -0.9005665372206E-01   0.2020284567039E+00   0.3832394526155E-01   0.9757879231189E+03   0.4096192708321E+04  -0.4346371502532E+04   0.1517067729199E+00  -0.1339811642558E+00   0.6253627866726E+00   0.7536282158465E+00
   0.1329000000000E+02   0.5030720449725E+03   0.3425872355108E+00   0.1079827273630E+03  -0.9005482839622E-01   0.2020146925808E+00   0.3832407806131E-01   0.9711532973116E+03   0.4097555976228E+04  -0.4348142479399E+04   0.1508702545109E+00  -0.1346908037816E+00   0.6252019637433E+00   0.7538030632811E+00
   0.1330000000000E+02   0.5030633195475E+03   0.3426006902324E+00   0.1079828211030E+03  -0.9005300190602E-01   0.2020009256932E+00   0.3832421162444E-01   0.9665157480877E+03   0.4098908872545E+04  -0.4349913509645E+04   0.1500335898075E+00  -0.1354002199596E+00   0.6250403498263E+00   0.7539769648029E+00
   0.1331000000000E+02   0.5030545859252E+03   0.3426141888978E+00   0.1079829129565E+03  -0.9005117425105E-01   0.2019871560424E+00   0.3832434595341E-01   0.9618752989480E+03   0.4100251391568E+04  -0.4351684593365E+04   0.1491967798873E+00  -0.1361094118980E+00   0.6248779452794E+00   0.7541499203523E+00
   0.1332000000000E+02   0.5030458441031E+03   0.3426277315778E+00   0.1079830029224E+03  -0.9004934543091E-01   0.2019733836299E+00   0.3832448105066E-01   0.9572319734029E+03   0.4101583527647E+04  -0.4353455730652E+04   0.1483598258281E+00  -0.1368183787058E+00   0.6247147504617E+00   0.7543219298709E+00
   0.1333000000000E+02   0.5030370940785E+03   0.3426413183434E+00   0.1079830909998E+03  -0.9004751544520E-01   0.2019596084568E+00   0.3832461691866E-01   0.9525857949722E+03   0.4102905275186E+04  -0.4355226921602E+04   0.1475227287074E+00  -0.1375271194923E+00   0.6245507657330E+00   0.7544929933016E+00
   0.1334000000000E+02   0.5030283358490E+03   0.3426549492656E+00   0.1079831771875E+03  -0.9004568429353E-01   0.2019458305246E+00   0.3832475355987E-01   0.9479367871852E+03   0.4104216628643E+04  -0.4356998166308E+04   0.1466854896026E+00  -0.1382356333678E+00   0.6243859914544E+00   0.7546631105884E+00
   0.1335000000000E+02   0.5030195694119E+03   0.3426686244159E+00   0.1079832614845E+03  -0.9004385197550E-01   0.2019320498345E+00   0.3832489097673E-01   0.9432849735804E+03   0.4105517582530E+04  -0.4358769464864E+04   0.1458481095910E+00  -0.1389439194427E+00   0.6242204279878E+00   0.7548322816768E+00
   0.1336000000000E+02   0.5030107947647E+03   0.3426823438657E+00   0.1079833438897E+03  -0.9004201849073E-01   0.2019182663880E+00   0.3832502917171E-01   0.9386303777053E+03   0.4106808131413E+04  -0.4360540817363E+04   0.1450105897497E+00  -0.1396519768282E+00   0.6240540756962E+00   0.7550005065134E+00
   0.1337000000000E+02   0.5030020119048E+03   0.3426961076867E+00   0.1079834244020E+03  -0.9004018383884E-01   0.2019044801864E+00   0.3832516814727E-01   0.9339730231164E+03   0.4108088269911E+04  -0.4362312223899E+04   0.1441729311558E+00  -0.1403598046362E+00   0.6238869349434E+00   0.7551677850461E+00
   0.1338000000000E+02   0.5029932208299E+03   0.3427099159507E+00   0.1079835030204E+03  -0.9003834801945E-01   0.2018906912311E+00   0.3832530790586E-01   0.9293129333792E+03   0.4109357992699E+04  -0.4364083684564E+04   0.1433351348861E+00  -0.1410674019788E+00   0.6237190060943E+00   0.7553341172242E+00
   0.1339000000000E+02   0.5029844215373E+03   0.3427237687297E+00   0.1079835797438E+03  -0.9003651103218E-01   0.2018768995233E+00   0.3832544844994E-01   0.9246501320678E+03   0.4110617294503E+04  -0.4365855199452E+04   0.1424972020174E+00  -0.1417747679689E+00   0.6235502895150E+00   0.7554995029980E+00
   0.1340000000000E+02   0.5029756140247E+03   0.3427376660958E+00   0.1079836545712E+03  -0.9003467287667E-01   0.2018631050645E+00   0.3832558978197E-01   0.9199846427649E+03   0.4111866170106E+04  -0.4367626768654E+04   0.1416591336264E+00  -0.1424819017201E+00   0.6233807855724E+00   0.7556639423193E+00
   0.1341000000000E+02   0.5029667982895E+03   0.3427516081214E+00   0.1079837275015E+03  -0.9003283355256E-01   0.2018493078560E+00   0.3832573190440E-01   0.9153164890617E+03   0.4113104614342E+04  -0.4369398392264E+04   0.1408209307893E+00  -0.1431888023464E+00   0.6232104946342E+00   0.7558274351411E+00
   0.1342000000000E+02   0.5029579743293E+03   0.3427655948788E+00   0.1079837985337E+03  -0.9003099305948E-01   0.2018355078991E+00   0.3832587481971E-01   0.9106456945577E+03   0.4114332622102E+04  -0.4371170070372E+04   0.1399825945826E+00  -0.1438954689624E+00   0.6230394170695E+00   0.7559899814176E+00
   0.1343000000000E+02   0.5029491421416E+03   0.3427796264406E+00   0.1079838676668E+03  -0.9002915139708E-01   0.2018217051954E+00   0.3832601853034E-01   0.9059722828608E+03   0.4115550188329E+04  -0.4372941803070E+04   0.1391441260825E+00  -0.1446019006832E+00   0.6228675532480E+00   0.7561515811042E+00
   0.1344000000000E+02   0.5029403017242E+03   0.3427937028794E+00   0.1079839348997E+03  -0.9002730856500E-01   0.2018078997460E+00   0.3832616303877E-01   0.9012962775868E+03   0.4116757308021E+04  -0.4374713590451E+04   0.1383055263650E+00  -0.1453080966246E+00   0.6226949035407E+00   0.7563122341578E+00
   0.1345000000000E+02   0.5029314530745E+03   0.3428078242679E+00   0.1079840002313E+03  -0.9002546456291E-01   0.2017940915524E+00   0.3832630834744E-01   0.8966177023597E+03   0.4117953976228E+04  -0.4376485432605E+04   0.1374667965060E+00  -0.1460140559030E+00   0.6225214683193E+00   0.7564719405362E+00
   0.1346000000000E+02   0.5029225961902E+03   0.3428219906791E+00   0.1079840636608E+03  -0.9002361939046E-01   0.2017802806160E+00   0.3832645445882E-01   0.8919365808110E+03   0.4119140188058E+04  -0.4378257329624E+04   0.1366279375812E+00  -0.1467197776353E+00   0.6223472479568E+00   0.7566307001989E+00
   0.1347000000000E+02   0.5029137310690E+03   0.3428362021860E+00   0.1079841251870E+03  -0.9002177304731E-01   0.2017664669382E+00   0.3832660137537E-01   0.8872529365804E+03   0.4120315938668E+04  -0.4380029281597E+04   0.1357889506662E+00  -0.1474252609390E+00   0.6221722428269E+00   0.7567885131064E+00
   0.1348000000000E+02   0.5029048577084E+03   0.3428504588614E+00   0.1079841848089E+03  -0.9001992553312E-01   0.2017526505203E+00   0.3832674909956E-01   0.8825667933147E+03   0.4121481223273E+04  -0.4381801288615E+04   0.1349498368365E+00  -0.1481305049321E+00   0.6219964533045E+00   0.7569453792203E+00
   0.1349000000000E+02   0.5028959761062E+03   0.3428647607786E+00   0.1079842425256E+03  -0.9001807684758E-01   0.2017388313637E+00   0.3832689763385E-01   0.8778781746686E+03   0.4122636037141E+04  -0.4383573350769E+04   0.1341105971674E+00  -0.1488355087334E+00   0.6218198797653E+00   0.7571012985038E+00
   0.1350000000000E+02   0.5028870862600E+03   0.3428791080107E+00   0.1079842983359E+03  -0.9001622699036E-01   0.2017250094699E+00   0.3832704698070E-01   0.8731871043040E+03   0.4123780375592E+04  -0.4385345468148E+04   0.1332712327340E+00  -0.1495402714621E+00   0.6216425225861E+00   0.7572562709212E+00
   0.1351000000000E+02   0.5028781881675E+03   0.3428935006310E+00   0.1079843522390E+03  -0.9001437596113E-01   0.2017111848401E+00   0.3832719714258E-01   0.8684936058899E+03   0.4124914234004E+04  -0.4387117640843E+04   0.1324317446112E+00  -0.1502447922380E+00   0.6214643821446E+00   0.7574102964380E+00
   0.1352000000000E+02   0.5028692818265E+03   0.3429079387127E+00   0.1079844042338E+03  -0.9001252375959E-01   0.2016973574759E+00   0.3832734812195E-01   0.8637977031026E+03   0.4126037607804E+04  -0.4388889868942E+04   0.1315921338740E+00  -0.1509490701816E+00   0.6212854588195E+00   0.7575633750210E+00
   0.1353000000000E+02   0.5028603672347E+03   0.3429224223292E+00   0.1079844543193E+03  -0.9001067038542E-01   0.2016835273786E+00   0.3832749992127E-01   0.8590994196253E+03   0.4127150492478E+04  -0.4390662152534E+04   0.1307524015969E+00  -0.1516531044139E+00   0.6211057529906E+00   0.7577155066384E+00
   0.1354000000000E+02   0.5028514443898E+03   0.3429369515538E+00   0.1079845024945E+03  -0.9000881583831E-01   0.2016696945496E+00   0.3832765254302E-01   0.8543987791480E+03   0.4128252883564E+04  -0.4392434491710E+04   0.1299125488546E+00  -0.1523568940564E+00   0.6209252650386E+00   0.7578666912593E+00
   0.1355000000000E+02   0.5028425132897E+03   0.3429515264599E+00   0.1079845487584E+03  -0.9000696011797E-01   0.2016558589903E+00   0.3832780598966E-01   0.8496958053675E+03   0.4129344776652E+04  -0.4394206886556E+04   0.1290725767213E+00  -0.1530604382315E+00   0.6207439953450E+00   0.7580169288546E+00
   0.1356000000000E+02   0.5028335739320E+03   0.3429661471208E+00   0.1079845931101E+03  -0.9000510322410E-01   0.2016420207021E+00   0.3832796026366E-01   0.8449905219872E+03   0.4130426167389E+04  -0.4395979337162E+04   0.1282324862712E+00  -0.1537637360617E+00   0.6205619442925E+00   0.7581662193958E+00
   0.1357000000000E+02   0.5028246263146E+03   0.3429808136100E+00   0.1079846355486E+03  -0.9000324515639E-01   0.2016281796864E+00   0.3832811536749E-01   0.8402829527170E+03   0.4131497051476E+04  -0.4397751843615E+04   0.1273922785784E+00  -0.1544667866706E+00   0.6203791122648E+00   0.7583145628562E+00
   0.1358000000000E+02   0.5028156704353E+03   0.3429955260008E+00   0.1079846760728E+03  -0.9000138591457E-01   0.2016143359448E+00   0.3832827130361E-01   0.8355731212730E+03   0.4132557424666E+04  -0.4399524406004E+04   0.1265519547167E+00  -0.1551695891821E+00   0.6201954996463E+00   0.7584619592101E+00
   0.1359000000000E+02   0.5028067062919E+03   0.3430102843666E+00   0.1079847146819E+03  -0.8999952549835E-01   0.2016004894784E+00   0.3832842807450E-01   0.8308610513778E+03   0.4133607282768E+04  -0.4401297024416E+04   0.1257115157598E+00  -0.1558721427208E+00   0.6200111068227E+00   0.7586084084331E+00
   0.1360000000000E+02   0.5027977338823E+03   0.3430250887806E+00   0.1079847513748E+03  -0.8999766390745E-01   0.2015866402889E+00   0.3832858568262E-01   0.8261467667600E+03   0.4134646621644E+04  -0.4403069698938E+04   0.1248709627813E+00  -0.1565744464118E+00   0.6198259341805E+00   0.7587539105020E+00
   0.1361000000000E+02   0.5027887532043E+03   0.3430399393163E+00   0.1079847861506E+03  -0.8999580114158E-01   0.2015727883776E+00   0.3832874413044E-01   0.8214302911539E+03   0.4135675437210E+04  -0.4404842429658E+04   0.1240302968545E+00  -0.1572764993809E+00   0.6196399821072E+00   0.7588984653950E+00
   0.1362000000000E+02   0.5027797642559E+03   0.3430548360468E+00   0.1079848190083E+03  -0.8999393720049E-01   0.2015589337460E+00   0.3832890342045E-01   0.8167116483001E+03   0.4136693725438E+04  -0.4406615216662E+04   0.1231895190525E+00  -0.1579783007544E+00   0.6194532509912E+00   0.7590420730913E+00
   0.1363000000000E+02   0.5027707670348E+03   0.3430697790454E+00   0.1079848499471E+03  -0.8999207208389E-01   0.2015450763954E+00   0.3832906355510E-01   0.8119908619447E+03   0.4137701482351E+04  -0.4408388060036E+04   0.1223486304484E+00  -0.1586798496592E+00   0.6192657412220E+00   0.7591847335717E+00
   0.1364000000000E+02   0.5027617615392E+03   0.3430847683851E+00   0.1079848789658E+03  -0.8999020579152E-01   0.2015312163274E+00   0.3832922453688E-01   0.8072679558394E+03   0.4138698704028E+04  -0.4410160959868E+04   0.1215076321151E+00  -0.1593811452231E+00   0.6190774531899E+00   0.7593264468179E+00
   0.1365000000000E+02   0.5027527477667E+03   0.3430998041391E+00   0.1079849060636E+03  -0.8998833832313E-01   0.2015173535433E+00   0.3832938636826E-01   0.8025429537414E+03   0.4139685386602E+04  -0.4411933916243E+04   0.1206665251252E+00  -0.1600821865740E+00   0.6188883872864E+00   0.7594672128130E+00
   0.1366000000000E+02   0.5027437257155E+03   0.3431148863803E+00   0.1079849312396E+03  -0.8998646967845E-01   0.2015034880446E+00   0.3832954905170E-01   0.7978158794134E+03   0.4140661526261E+04  -0.4413706929246E+04   0.1198253105511E+00  -0.1607829728408E+00   0.6186985439038E+00   0.7596070315414E+00
   0.1367000000000E+02   0.5027346953834E+03   0.3431300151816E+00   0.1079849544928E+03  -0.8998459985723E-01   0.2014896198327E+00   0.3832971258969E-01   0.7930867566231E+03   0.4141627119245E+04  -0.4415479998963E+04   0.1189839894653E+00  -0.1614835031527E+00   0.6185079234353E+00   0.7597459029888E+00
   0.1368000000000E+02   0.5027256567685E+03   0.3431451906158E+00   0.1079849758222E+03  -0.8998272885922E-01   0.2014757489091E+00   0.3832987698470E-01   0.7883556091434E+03   0.4142582161849E+04  -0.4417253125480E+04   0.1181425629397E+00  -0.1621837766399E+00   0.6183165262752E+00   0.7598838271419E+00
   0.1369000000000E+02   0.5027166098688E+03   0.3431604127556E+00   0.1079849952270E+03  -0.8998085668417E-01   0.2014618752753E+00   0.3833004223921E-01   0.7836224607523E+03   0.4143526650423E+04  -0.4419026308881E+04   0.1173010320464E+00  -0.1628837924328E+00   0.6181243528189E+00   0.7600208039888E+00
   0.1370000000000E+02   0.5027075546822E+03   0.3431756816736E+00   0.1079850127062E+03  -0.8997898333184E-01   0.2014479989326E+00   0.3833020835568E-01   0.7788873352326E+03   0.4144460581369E+04  -0.4420799549251E+04   0.1164593978572E+00  -0.1635835496626E+00   0.6179314034624E+00   0.7601568335190E+00
   0.1371000000000E+02   0.5026984912068E+03   0.3431909974421E+00   0.1079850282589E+03  -0.8997710880199E-01   0.2014341198826E+00   0.3833037533661E-01   0.7741502563717E+03   0.4145383951147E+04  -0.4422572846675E+04   0.1156176614435E+00  -0.1642830474611E+00   0.6177376786028E+00   0.7602919157229E+00
   0.1372000000000E+02   0.5026894194406E+03   0.3432063601336E+00   0.1079850418842E+03  -0.8997523309438E-01   0.2014202381267E+00   0.3833054318446E-01   0.7694112479618E+03   0.4146296756266E+04  -0.4424346201236E+04   0.1147758238769E+00  -0.1649822849607E+00   0.6175431786384E+00   0.7604260505925E+00
   0.1373000000000E+02   0.5026803393818E+03   0.3432217698202E+00   0.1079850535811E+03  -0.8997335620878E-01   0.2014063536664E+00   0.3833071190171E-01   0.7646703337994E+03   0.4147198993293E+04  -0.4426119613018E+04   0.1139338862284E+00  -0.1656812612944E+00   0.6173479039682E+00   0.7605592381208E+00
   0.1374000000000E+02   0.5026712510283E+03   0.3432372265738E+00   0.1079850633488E+03  -0.8997147814495E-01   0.2013924665031E+00   0.3833088149085E-01   0.7599275376856E+03   0.4148090658847E+04  -0.4427893082104E+04   0.1130918495692E+00  -0.1663799755958E+00   0.6171518549922E+00   0.7606914783021E+00
   0.1375000000000E+02   0.5026621543783E+03   0.3432527304665E+00   0.1079850711864E+03  -0.8996959890268E-01   0.2013785766383E+00   0.3833105195435E-01   0.7551828834255E+03   0.4148971749603E+04  -0.4429666608579E+04   0.1122497149700E+00  -0.1670784269991E+00   0.6169550321114E+00   0.7608227711321E+00
   0.1376000000000E+02   0.5026530494299E+03   0.3432682815699E+00   0.1079850770929E+03  -0.8996771848174E-01   0.2013646840735E+00   0.3833122329468E-01   0.7504363948286E+03   0.4149842262289E+04  -0.4431440192526E+04   0.1114074835016E+00  -0.1677766146391E+00   0.6167574357277E+00   0.7609531166075E+00
   0.1377000000000E+02   0.5026439361812E+03   0.3432838799556E+00   0.1079850810674E+03  -0.8996583688189E-01   0.2013507888101E+00   0.3833139551433E-01   0.7456880957080E+03   0.4150702193686E+04  -0.4433213834026E+04   0.1105651562342E+00  -0.1684745376514E+00   0.6165590662441E+00   0.7610825147264E+00
   0.1378000000000E+02   0.5026348146304E+03   0.3432995256948E+00   0.1079850831092E+03  -0.8996395410294E-01   0.2013368908496E+00   0.3833156861578E-01   0.7409380098809E+03   0.4151551540630E+04  -0.4434987533162E+04   0.1097227342383E+00  -0.1691721951720E+00   0.6163599240643E+00   0.7612109654881E+00
   0.1379000000000E+02   0.5026256847756E+03   0.3433152188589E+00   0.1079850832172E+03  -0.8996207014465E-01   0.2013229901936E+00   0.3833174260151E-01   0.7361861611684E+03   0.4152390300013E+04  -0.4436761290017E+04   0.1088802185837E+00  -0.1698695863375E+00   0.6161600095933E+00   0.7613384688932E+00
   0.1380000000000E+02   0.5026165466150E+03   0.3433309595188E+00   0.1079850813906E+03  -0.8996018500681E-01   0.2013090868435E+00   0.3833191747399E-01   0.7314325733949E+03   0.4153218468779E+04  -0.4438535104673E+04   0.1080376103405E+00  -0.1705667102853E+00   0.6159593232367E+00   0.7614650249435E+00
   0.1381000000000E+02   0.5026074001469E+03   0.3433467477452E+00   0.1079850776286E+03  -0.8995829868923E-01   0.2012951808007E+00   0.3833209323571E-01   0.7266772703885E+03   0.4154036043925E+04  -0.4440308977211E+04   0.1071949105782E+00  -0.1712635661533E+00   0.6157578654012E+00   0.7615906336419E+00
   0.1382000000000E+02   0.5025982453694E+03   0.3433625836089E+00   0.1079850719302E+03  -0.8995641119167E-01   0.2012812720668E+00   0.3833226988914E-01   0.7219202759806E+03   0.4154843022506E+04  -0.4442082907712E+04   0.1063521203663E+00  -0.1719601530800E+00   0.6155556364946E+00   0.7617152949928E+00
   0.1383000000000E+02   0.5025890822807E+03   0.3433784671801E+00   0.1079850642946E+03  -0.8995452251395E-01   0.2012673606433E+00   0.3833244743677E-01   0.7171616140058E+03   0.4155639401626E+04  -0.4443856896258E+04   0.1055092407741E+00  -0.1726564702045E+00   0.6153526369254E+00   0.7618390090017E+00
   0.1384000000000E+02   0.5025799108792E+03   0.3433943985292E+00   0.1079850547209E+03  -0.8995263265585E-01   0.2012534465317E+00   0.3833262588108E-01   0.7124013083019E+03   0.4156425178448E+04  -0.4445630942929E+04   0.1046662728706E+00  -0.1733525166668E+00   0.6151488671032E+00   0.7619617756754E+00
   0.1385000000000E+02   0.5025707311630E+03   0.3434103777259E+00   0.1079850432082E+03  -0.8995074161718E-01   0.2012395297334E+00   0.3833280522455E-01   0.7076393827096E+03   0.4157200350186E+04  -0.4447405047807E+04   0.1038232177247E+00  -0.1740482916070E+00   0.6149443274385E+00   0.7620835950217E+00
   0.1386000000000E+02   0.5025615431306E+03   0.3434264048401E+00   0.1079850297558E+03  -0.8994884939772E-01   0.2012256102500E+00   0.3833298546966E-01   0.7028758610727E+03   0.4157964914110E+04  -0.4449179210971E+04   0.1029800764049E+00  -0.1747437941664E+00   0.6147390183427E+00   0.7622044670500E+00
   0.1387000000000E+02   0.5025523467800E+03   0.3434424799413E+00   0.1079850143627E+03  -0.8994695599730E-01   0.2012116880830E+00   0.3833316661888E-01   0.6981107672375E+03   0.4158718867541E+04  -0.4450953432501E+04   0.1021368499798E+00  -0.1754390234864E+00   0.6145329402283E+00   0.7623243917708E+00
   0.1388000000000E+02   0.5025431421098E+03   0.3434586030987E+00   0.1079849970281E+03  -0.8994506141571E-01   0.2011977632338E+00   0.3833334867470E-01   0.6933441250531E+03   0.4159462207857E+04  -0.4452727712477E+04   0.1012935395175E+00  -0.1761339787095E+00   0.6143260935086E+00   0.7624433691957E+00
   0.1389000000000E+02   0.5025339291182E+03   0.3434747743814E+00   0.1079849777512E+03  -0.8994316565275E-01   0.2011838357041E+00   0.3833353163960E-01   0.6885759583710E+03   0.4160194932490E+04  -0.4454502050979E+04   0.1004501460862E+00  -0.1768286589785E+00   0.6141184785979E+00   0.7625613993376E+00
   0.1390000000000E+02   0.5025247078036E+03   0.3434909938582E+00   0.1079849565311E+03  -0.8994126870824E-01   0.2011699054952E+00   0.3833371551606E-01   0.6838062910450E+03   0.4160917038924E+04  -0.4456276448085E+04   0.9960667075347E-01  -0.1775230634369E+00   0.6139100959113E+00   0.7626784822109E+00
   0.1391000000000E+02   0.5025154781643E+03   0.3435072615976E+00   0.1079849333670E+03  -0.8993937058198E-01   0.2011559726088E+00   0.3833390030655E-01   0.6790351469313E+03   0.4161628524700E+04  -0.4458050903874E+04   0.9876311458703E-01  -0.1782171912289E+00   0.6137009458652E+00   0.7627946178309E+00
   0.1392000000000E+02   0.5025062401987E+03   0.3435235776679E+00   0.1079849082580E+03  -0.8993747127378E-01   0.2011420370464E+00   0.3833408601356E-01   0.6742625498883E+03   0.4162329387409E+04  -0.4459825418426E+04   0.9791947865424E-01  -0.1789110414993E+00   0.6134910288765E+00   0.7629098062142E+00
   0.1393000000000E+02   0.5024969939053E+03   0.3435399421372E+00   0.1079848812034E+03  -0.8993557078347E-01   0.2011280988094E+00   0.3833427263957E-01   0.6694885237763E+03   0.4163019624701E+04  -0.4461599991818E+04   0.9707576402224E-01  -0.1796046133935E+00   0.6132803453634E+00   0.7630240473787E+00
   0.1394000000000E+02   0.5024877392824E+03   0.3435563550733E+00   0.1079848522023E+03  -0.8993366911085E-01   0.2011141578995E+00   0.3833446018705E-01   0.6647130924573E+03   0.4163699234275E+04  -0.4463374624128E+04   0.9623197175799E-01  -0.1802979060575E+00   0.6130688957449E+00   0.7631373413436E+00
   0.1395000000000E+02   0.5024784763285E+03   0.3435728165437E+00   0.1079848212539E+03  -0.8993176625573E-01   0.2011002143181E+00   0.3833464865849E-01   0.6599362797955E+03   0.4164368213888E+04  -0.4465149315435E+04   0.9538810292821E-01  -0.1809909186381E+00   0.6128566804408E+00   0.7632496881293E+00
   0.1396000000000E+02   0.5024692050421E+03   0.3435893266157E+00   0.1079847883574E+03  -0.8992986221794E-01   0.2010862680668E+00   0.3833483805635E-01   0.6551581096563E+03   0.4165026561349E+04  -0.4466924065815E+04   0.9454415859938E-01  -0.1816836502825E+00   0.6126436998720E+00   0.7633610877572E+00
   0.1397000000000E+02   0.5024599254216E+03   0.3436058853563E+00   0.1079847535120E+03  -0.8992795699729E-01   0.2010723191471E+00   0.3833502838312E-01   0.6503786059068E+03   0.4165674274521E+04  -0.4468698875345E+04   0.9370013983781E-01  -0.1823761001388E+00   0.6124299544604E+00   0.7634715402503E+00
   0.1398000000000E+02   0.5024506374656E+03   0.3436224928323E+00   0.1079847167168E+03  -0.8992605059361E-01   0.2010583675605E+00   0.3833521964127E-01   0.6455977924157E+03   0.4166311351323E+04  -0.4470473744104E+04   0.9285604770954E-01  -0.1830682673554E+00   0.6122154446286E+00   0.7635810456327E+00
   0.1399000000000E+02   0.5024413411724E+03   0.3436391491101E+00   0.1079846779712E+03  -0.8992414300670E-01   0.2010444133086E+00   0.3833541183329E-01   0.6408156930525E+03   0.4166937789724E+04  -0.4472248672166E+04   0.9201188328040E-01  -0.1837601510817E+00   0.6120001708004E+00   0.7636896039295E+00
   0.1400000000000E+02   0.5024320365407E+03   0.3436558542560E+00   0.1079846372742E+03  -0.8992223423640E-01   0.2010304563930E+00   0.3833560496163E-01   0.6360323316883E+03   0.4167553587752E+04  -0.4474023659609E+04   0.9116764761601E-01  -0.1844517504675E+00   0.6117841334003E+00   0.7637972151673E+00
   0.1401000000000E+02   0.5024227235690E+03   0.3436726083359E+00   0.1079845946251E+03  -0.8992032428253E-01   0.2010164968152E+00   0.3833579902879E-01   0.6312477321949E+03   0.4168158743486E+04  -0.4475798706509E+04   0.9032334178174E-01  -0.1851430646633E+00   0.6115673328539E+00   0.7639038793739E+00
   0.1402000000000E+02   0.5024134022559E+03   0.3436894114155E+00   0.1079845500231E+03  -0.8991841314491E-01   0.2010025345768E+00   0.3833599403722E-01   0.6264619184451E+03   0.4168753255059E+04  -0.4477573812941E+04   0.8947896684273E-01  -0.1858340928202E+00   0.6113497695877E+00   0.7640095965782E+00
   0.1403000000000E+02   0.5024040725999E+03   0.3437062635601E+00   0.1079845034675E+03  -0.8991650082336E-01   0.2009885696792E+00   0.3833618998942E-01   0.6216749143127E+03   0.4169337120658E+04  -0.4479348978981E+04   0.8863452386392E-01  -0.1865248340900E+00   0.6111314440290E+00   0.7641143668104E+00
   0.1404000000000E+02   0.5023947345996E+03   0.3437231648350E+00   0.1079844549574E+03  -0.8991458731771E-01   0.2009746021241E+00   0.3833638688784E-01   0.6168867436718E+03   0.4169910338525E+04  -0.4481124204704E+04   0.8779001390998E-01  -0.1872152876252E+00   0.6109123566062E+00   0.7642181901021E+00
   0.1405000000000E+02   0.5023853882537E+03   0.3437401153050E+00   0.1079844044921E+03  -0.8991267262778E-01   0.2009606319131E+00   0.3833658473495E-01   0.6120974303971E+03   0.4170472906955E+04  -0.4482899490184E+04   0.8694543804538E-01  -0.1879054525789E+00   0.6106925077485E+00   0.7643210664858E+00
   0.1406000000000E+02   0.5023760335608E+03   0.3437571150347E+00   0.1079843520708E+03  -0.8991075675340E-01   0.2009466590476E+00   0.3833678353323E-01   0.6073069983640E+03   0.4171024824298E+04  -0.4484674835497E+04   0.8610079733432E-01  -0.1885953281047E+00   0.6104718978862E+00   0.7644229959955E+00
   0.1407000000000E+02   0.5023666705195E+03   0.3437741640885E+00   0.1079842976928E+03  -0.8990883969440E-01   0.2009326835294E+00   0.3833698328515E-01   0.6025154714478E+03   0.4171566088956E+04  -0.4486450240717E+04   0.8525609284080E-01  -0.1892849133570E+00   0.6102505274502E+00   0.7645239786663E+00
   0.1408000000000E+02   0.5023572991285E+03   0.3437912625303E+00   0.1079842413572E+03  -0.8990692145061E-01   0.2009187053598E+00   0.3833718399318E-01   0.5977228735243E+03   0.4172096699388E+04  -0.4488225705917E+04   0.8441132562856E-01  -0.1899742074908E+00   0.6100283968727E+00   0.7646240145345E+00
   0.1409000000000E+02   0.5023479193865E+03   0.3438084104239E+00   0.1079841830634E+03  -0.8990500202185E-01   0.2009047245406E+00   0.3833738565977E-01   0.5929292284690E+03   0.4172616654103E+04  -0.4490001231172E+04   0.8356649676111E-01  -0.1906632096618E+00   0.6098055065866E+00   0.7647231036376E+00
   0.1410000000000E+02   0.5023385312922E+03   0.3438256078329E+00   0.1079841228107E+03  -0.8990308140795E-01   0.2008907410732E+00   0.3833758828740E-01   0.5881345601575E+03   0.4173125951667E+04  -0.4491776816554E+04   0.8272160730171E-01  -0.1913519190263E+00   0.6095818570258E+00   0.7648212460146E+00
   0.1411000000000E+02   0.5023291348442E+03   0.3438428548206E+00   0.1079840605981E+03  -0.8990115960874E-01   0.2008767549594E+00   0.3833779187853E-01   0.5833388924652E+03   0.4173624590699E+04  -0.4493552462138E+04   0.8187665831340E-01  -0.1920403347412E+00   0.6093574486251E+00   0.7649184417054E+00
   0.1412000000000E+02   0.5023197300414E+03   0.3438601514498E+00   0.1079839964251E+03  -0.8989923662406E-01   0.2008627662006E+00   0.3833799643562E-01   0.5785422492673E+03   0.4174112569872E+04  -0.4495328167995E+04   0.8103165085894E-01  -0.1927284559642E+00   0.6091322818201E+00   0.7650146907513E+00
   0.1413000000000E+02   0.5023103168825E+03   0.3438774977834E+00   0.1079839302909E+03  -0.8989731245372E-01   0.2008487747984E+00   0.3833820196114E-01   0.5737446544381E+03   0.4174589887912E+04  -0.4497103934199E+04   0.8018658600089E-01  -0.1934162818535E+00   0.6089063570477E+00   0.7651099931947E+00
   0.1414000000000E+02   0.5023008953663E+03   0.3438948938837E+00   0.1079838621947E+03  -0.8989538709756E-01   0.2008347807545E+00   0.3833840845754E-01   0.5689461318519E+03   0.4175056543599E+04  -0.4498879760821E+04   0.7934146480153E-01  -0.1941038115680E+00   0.6086796747452E+00   0.7652043490794E+00
   0.1415000000000E+02   0.5022914654916E+03   0.3439123398130E+00   0.1079837921358E+03  -0.8989346055542E-01   0.2008207840704E+00   0.3833861592729E-01   0.5641467053818E+03   0.4175512535769E+04  -0.4500655647934E+04   0.7849628832291E-01  -0.1947910442672E+00   0.6084522353513E+00   0.7652977584502E+00
   0.1416000000000E+02   0.5022820272571E+03   0.3439298356332E+00   0.1079837201136E+03  -0.8989153282711E-01   0.2008067847478E+00   0.3833882437284E-01   0.5593463989005E+03   0.4175957863308E+04  -0.4502431595610E+04   0.7765105762682E-01  -0.1954779791115E+00   0.6082240393052E+00   0.7653902213533E+00
   0.1417000000000E+02   0.5022725806617E+03   0.3439473814059E+00   0.1079836461272E+03  -0.8988960391248E-01   0.2007927827882E+00   0.3833903379664E-01   0.5545452362794E+03   0.4176392525159E+04  -0.4504207603918E+04   0.7680577377482E-01  -0.1961646152616E+00   0.6079950870473E+00   0.7654817378360E+00
   0.1418000000000E+02   0.5022631257043E+03   0.3439649771927E+00   0.1079835701760E+03  -0.8988767381135E-01   0.2007787781932E+00   0.3833924420115E-01   0.5497432413890E+03   0.4176816520318E+04  -0.4505983672932E+04   0.7596043782818E-01  -0.1968509518792E+00   0.6077653790189E+00   0.7655723079470E+00
   0.1419000000000E+02   0.5022536623837E+03   0.3439826230546E+00   0.1079834922593E+03  -0.8988574252355E-01   0.2007647709645E+00   0.3833945558883E-01   0.5449404380986E+03   0.4177229847834E+04  -0.4507759802721E+04   0.7511505084796E-01  -0.1975369881263E+00   0.6075349156620E+00   0.7656619317360E+00
   0.1420000000000E+02   0.5022441906987E+03   0.3440003190527E+00   0.1079834123764E+03  -0.8988381004893E-01   0.2007507611036E+00   0.3833966796212E-01   0.5401368502763E+03   0.4177632506811E+04  -0.4509535993356E+04   0.7426961389494E-01  -0.1982227231659E+00   0.6073036974198E+00   0.7657506092540E+00
   0.1421000000000E+02   0.5022347106484E+03   0.3440180652475E+00   0.1079833305265E+03  -0.8988187638730E-01   0.2007367486122E+00   0.3833988132347E-01   0.5353325017887E+03   0.4178024496406E+04  -0.4511312244908E+04   0.7342412802966E-01  -0.1989081561614E+00   0.6070717247361E+00   0.7658383405533E+00
   0.1422000000000E+02   0.5022252222315E+03   0.3440358616995E+00   0.1079832467090E+03  -0.8987994153850E-01   0.2007227334919E+00   0.3834009567534E-01   0.5305274165006E+03   0.4178405815828E+04  -0.4513088557445E+04   0.7257859431239E-01  -0.1995932862770E+00   0.6068389980559E+00   0.7659251256874E+00
   0.1423000000000E+02   0.5022157254471E+03   0.3440537084689E+00   0.1079831609231E+03  -0.8987800550236E-01   0.2007087157442E+00   0.3834031102016E-01   0.5257216182754E+03   0.4178776464344E+04  -0.4514864931038E+04   0.7173301380314E-01  -0.2002781126776E+00   0.6066055178250E+00   0.7660109647109E+00
   0.1424000000000E+02   0.5022062202941E+03   0.3440716056157E+00   0.1079830731683E+03  -0.8987606827872E-01   0.2006946953709E+00   0.3834052736038E-01   0.5209151309748E+03   0.4179136441271E+04  -0.4516641365756E+04   0.7088738756167E-01  -0.2009626345286E+00   0.6063712844900E+00   0.7660958576797E+00
   0.1425000000000E+02   0.5021967067714E+03   0.3440895531996E+00   0.1079829834438E+03  -0.8987412986740E-01   0.2006806723736E+00   0.3834074469844E-01   0.5161079784582E+03   0.4179485745982E+04  -0.4518417861668E+04   0.7004171664747E-01  -0.2016468509961E+00   0.6061362984986E+00   0.7661798046509E+00
   0.1426000000000E+02   0.5021871848781E+03   0.3441075512801E+00   0.1079828917489E+03  -0.8987219026825E-01   0.2006666467538E+00   0.3834096303679E-01   0.5113001845833E+03   0.4179824377901E+04  -0.4520194418843E+04   0.6919600211978E-01  -0.2023307612471E+00   0.6059005602992E+00   0.7662628056828E+00
   0.1427000000000E+02   0.5021776546132E+03   0.3441255999164E+00   0.1079827980831E+03  -0.8987024948108E-01   0.2006526185133E+00   0.3834118237786E-01   0.5064917732055E+03   0.4180152336509E+04  -0.4521971037348E+04   0.6835024503757E-01  -0.2030143644490E+00   0.6056640703413E+00   0.7663448608350E+00
   0.1428000000000E+02   0.5021681159756E+03   0.3441436991677E+00   0.1079827024455E+03  -0.8986830750575E-01   0.2006385876536E+00   0.3834140272408E-01   0.5016827681779E+03   0.4180469621338E+04  -0.4523747717253E+04   0.6750444645954E-01  -0.2036976597700E+00   0.6054268290753E+00   0.7664259701682E+00
   0.1429000000000E+02   0.5021585689645E+03   0.3441618490928E+00   0.1079826048356E+03  -0.8986636434207E-01   0.2006245541764E+00   0.3834162407789E-01   0.4968731933513E+03   0.4180776231975E+04  -0.4525524458625E+04   0.6665860744412E-01  -0.2043806463788E+00   0.6051888369523E+00   0.7665061337444E+00
   0.1430000000000E+02   0.5021490135788E+03   0.3441800497503E+00   0.1079825052527E+03  -0.8986441998988E-01   0.2006105180833E+00   0.3834184644173E-01   0.4920630725738E+03   0.4181072168060E+04  -0.4527301261531E+04   0.6581272904949E-01  -0.2050633234450E+00   0.6049500944244E+00   0.7665853516267E+00
   0.1431000000000E+02   0.5021394498177E+03   0.3441983011985E+00   0.1079824036961E+03  -0.8986247444901E-01   0.2005964793760E+00   0.3834206981802E-01   0.4872524296911E+03   0.4181357429287E+04  -0.4529078126039E+04   0.6496681233353E-01  -0.2057456901388E+00   0.6047106019447E+00   0.7666636238796E+00
   0.1432000000000E+02   0.5021298776803E+03   0.3442166034958E+00   0.1079823001653E+03  -0.8986052771931E-01   0.2005824380561E+00   0.3834229420919E-01   0.4824412885458E+03   0.4181632015404E+04  -0.4530855052215E+04   0.6412085835388E-01  -0.2064277456308E+00   0.6044703599672E+00   0.7667409505686E+00
   0.1433000000000E+02   0.5021202971657E+03   0.3442349567001E+00   0.1079821946595E+03  -0.8985857980059E-01   0.2005683941253E+00   0.3834251961766E-01   0.4776296729778E+03   0.4181895926212E+04  -0.4532632040127E+04   0.6327486816790E-01  -0.2071094890928E+00   0.6042293689466E+00   0.7668173317606E+00
   0.1434000000000E+02   0.5021107082730E+03   0.3442533608693E+00   0.1079820871781E+03  -0.8985663069270E-01   0.2005543475852E+00   0.3834274604587E-01   0.4728176068241E+03   0.4182149161565E+04  -0.4534409089840E+04   0.6242884283266E-01  -0.2077909196968E+00   0.6039876293387E+00   0.7668927675236E+00
   0.1435000000000E+02   0.5021011110013E+03   0.3442718160609E+00   0.1079819777205E+03  -0.8985468039547E-01   0.2005402984376E+00   0.3834297349623E-01   0.4680051139184E+03   0.4182391721372E+04  -0.4536186201420E+04   0.6158278340497E-01  -0.2084720366157E+00   0.6037451416001E+00   0.7669672579268E+00
   0.1436000000000E+02   0.5020915053499E+03   0.3442903223324E+00   0.1079818662861E+03  -0.8985272890874E-01   0.2005262466839E+00   0.3834320197116E-01   0.4631922180911E+03   0.4182623605593E+04  -0.4537963374934E+04   0.6073669094136E-01  -0.2091528390229E+00   0.6035019061883E+00   0.7670408030406E+00
   0.1437000000000E+02   0.5020818913179E+03   0.3443088797411E+00   0.1079817528742E+03  -0.8985077623233E-01   0.2005121923260E+00   0.3834343147307E-01   0.4583789431695E+03   0.4182844814245E+04  -0.4539740610446E+04   0.5989056649808E-01  -0.2098333260928E+00   0.6032579235618E+00   0.7671134029368E+00
   0.1438000000000E+02   0.5020722689046E+03   0.3443274883440E+00   0.1079816374842E+03  -0.8984882236609E-01   0.2004981353655E+00   0.3834366200439E-01   0.4535653129770E+03   0.4183055347396E+04  -0.4541517908021E+04   0.5904441113110E-01  -0.2105134970002E+00   0.6030131941799E+00   0.7671850576881E+00
   0.1439000000000E+02   0.5020626381091E+03   0.3443461481981E+00   0.1079815201155E+03  -0.8984686730984E-01   0.2004840758040E+00   0.3834389356752E-01   0.4487513513337E+03   0.4183255205168E+04  -0.4543295267725E+04   0.5819822589613E-01  -0.2111933509206E+00   0.6027677185028E+00   0.7672557673686E+00
   0.1440000000000E+02   0.5020529989307E+03   0.3443648593600E+00   0.1079814007675E+03  -0.8984491106343E-01   0.2004700136432E+00   0.3834412616488E-01   0.4439370820559E+03   0.4183444387737E+04  -0.4545072689622E+04   0.5735201184856E-01  -0.2118728870304E+00   0.6025214969915E+00   0.7673255320537E+00
   0.1441000000000E+02   0.5020433513687E+03   0.3443836218863E+00   0.1079812794397E+03  -0.8984295362669E-01   0.2004559488848E+00   0.3834435979887E-01   0.4391225289559E+03   0.4183622895332E+04  -0.4546850173775E+04   0.5650577004352E-01  -0.2125521045062E+00   0.6022745301081E+00   0.7673943518197E+00
   0.1442000000000E+02   0.5020336954223E+03   0.3444024358335E+00   0.1079811561313E+03  -0.8984099499945E-01   0.2004418815305E+00   0.3834459447190E-01   0.4343077158422E+03   0.4183790728234E+04  -0.4548627720249E+04   0.5565950153586E-01  -0.2132310025259E+00   0.6020268183155E+00   0.7674622267444E+00
   0.1443000000000E+02   0.5020240310909E+03   0.3444213012577E+00   0.1079810308418E+03  -0.8983903518156E-01   0.2004278115820E+00   0.3834483018637E-01   0.4294926665191E+03   0.4183947886781E+04  -0.4550405329108E+04   0.5481320738014E-01  -0.2139095802677E+00   0.6017783620774E+00   0.7675291569066E+00
   0.1444000000000E+02   0.5020143583738E+03   0.3444402182151E+00   0.1079809035706E+03  -0.8983707417285E-01   0.2004137390409E+00   0.3834506694468E-01   0.4246774047867E+03   0.4184094371361E+04  -0.4552183000414E+04   0.5396688863061E-01  -0.2145878369104E+00   0.6015291618586E+00   0.7675951423865E+00
   0.1445000000000E+02   0.5020046772702E+03   0.3444591867617E+00   0.1079807743172E+03  -0.8983511197316E-01   0.2003996639090E+00   0.3834530474922E-01   0.4198619544408E+03   0.4184230182417E+04  -0.4553960734230E+04   0.5312054634127E-01  -0.2152657716338E+00   0.6012792181244E+00   0.7676601832654E+00
   0.1446000000000E+02   0.5019949877796E+03   0.3444782069531E+00   0.1079806430809E+03  -0.8983314858232E-01   0.2003855861879E+00   0.3834554360240E-01   0.4150463392726E+03   0.4184355320444E+04  -0.4555738530620E+04   0.5227418156580E-01  -0.2159433836182E+00   0.6010285313414E+00   0.7677242796256E+00
   0.1447000000000E+02   0.5019852899013E+03   0.3444972788452E+00   0.1079805098611E+03  -0.8983118400019E-01   0.2003715058793E+00   0.3834578350661E-01   0.4102305830689E+03   0.4184469785992E+04  -0.4557516389645E+04   0.5142779535760E-01  -0.2166206720446E+00   0.6007771019770E+00   0.7677874315511E+00
   0.1448000000000E+02   0.5019755836348E+03   0.3445164024934E+00   0.1079803746574E+03  -0.8982921822658E-01   0.2003574229850E+00   0.3834602446424E-01   0.4054147096116E+03   0.4184573579663E+04  -0.4559294311367E+04   0.5058138876978E-01  -0.2172976360947E+00   0.6005249304992E+00   0.7678496391265E+00
   0.1449000000000E+02   0.5019658689794E+03   0.3445355779531E+00   0.1079802374691E+03  -0.8982725126135E-01   0.2003433375066E+00   0.3834626647767E-01   0.4005987426781E+03   0.4184666702112E+04  -0.4561072295848E+04   0.4973496285515E-01  -0.2179742749509E+00   0.6002720173772E+00   0.7679109024381E+00
   0.1450000000000E+02   0.5019561459345E+03   0.3445548052796E+00   0.1079800982957E+03  -0.8982528310434E-01   0.2003292494458E+00   0.3834650954929E-01   0.3957827060405E+03   0.4184749154050E+04  -0.4562850343150E+04   0.4888851866622E-01  -0.2186505877962E+00   0.6000183630810E+00   0.7679712215732E+00
   0.1451000000000E+02   0.5019464144997E+03   0.3445740845281E+00   0.1079799571366E+03  -0.8982331375539E-01   0.2003151588044E+00   0.3834675368148E-01   0.3909666234660E+03   0.4184820936238E+04  -0.4564628453333E+04   0.4804205725521E-01  -0.2193265738144E+00   0.5997639680814E+00   0.7680305966202E+00
   0.1452000000000E+02   0.5019366746743E+03   0.3445934157536E+00   0.1079798139913E+03  -0.8982134321434E-01   0.2003010655840E+00   0.3834699887664E-01   0.3861505187167E+03   0.4184882049491E+04  -0.4566406626458E+04   0.4719557967404E-01  -0.2200022321901E+00   0.5995088328501E+00   0.7680890276689E+00
   0.1453000000000E+02   0.5019269264579E+03   0.3446127990110E+00   0.1079796688592E+03  -0.8981937148103E-01   0.2002869697864E+00   0.3834724513712E-01   0.3813344155492E+03   0.4184932494677E+04  -0.4568184862586E+04   0.4634908697434E-01  -0.2206775621082E+00   0.5992529578598E+00   0.7681465148101E+00
   0.1454000000000E+02   0.5019171698499E+03   0.3446322343552E+00   0.1079795217397E+03  -0.8981739855532E-01   0.2002728714133E+00   0.3834749246531E-01   0.3765183377148E+03   0.4184972272720E+04  -0.4569963161777E+04   0.4550258020743E-01  -0.2213525627547E+00   0.5989963435839E+00   0.7682030581360E+00
   0.1455000000000E+02   0.5019074048500E+03   0.3446517218407E+00   0.1079793726325E+03  -0.8981542443704E-01   0.2002587704664E+00   0.3834774086358E-01   0.3717023089593E+03   0.4185001384593E+04  -0.4571741524091E+04   0.4465606042432E-01  -0.2220272333161E+00   0.5987389904969E+00   0.7682586577398E+00
   0.1456000000000E+02   0.5018976314575E+03   0.3446712615223E+00   0.1079792215368E+03  -0.8981344912604E-01   0.2002446669474E+00   0.3834799033430E-01   0.3668863530228E+03   0.4185019831324E+04  -0.4573519949586E+04   0.4380952867573E-01  -0.2227015729795E+00   0.5984808990739E+00   0.7683133137161E+00
   0.1457000000000E+02   0.5018878496722E+03   0.3446908534545E+00   0.1079790684522E+03  -0.8981147262217E-01   0.2002305608581E+00   0.3834824087983E-01   0.3620704936396E+03   0.4185027613994E+04  -0.4575298438323E+04   0.4296298601206E-01  -0.2233755809331E+00   0.5982220697910E+00   0.7683670261605E+00
   0.1458000000000E+02   0.5018780594934E+03   0.3447104976916E+00   0.1079789133782E+03  -0.8980949492527E-01   0.2002164522002E+00   0.3834849250255E-01   0.3572547545380E+03   0.4185024733738E+04  -0.4577076990360E+04   0.4211643348342E-01  -0.2240492563652E+00   0.5979625031253E+00   0.7684197951699E+00
   0.1459000000000E+02   0.5018682609210E+03   0.3447301942880E+00   0.1079787563142E+03  -0.8980751603520E-01   0.2002023409754E+00   0.3834874520482E-01   0.3524391594405E+03   0.4185011191743E+04  -0.4578855605756E+04   0.4126987213961E-01  -0.2247225984653E+00   0.5977021995547E+00   0.7684716208424E+00
   0.1460000000000E+02   0.5018584539544E+03   0.3447499432979E+00   0.1079785972598E+03  -0.8980553595181E-01   0.2001882271855E+00   0.3834899898899E-01   0.3476237320633E+03   0.4184986989248E+04  -0.4580634284569E+04   0.4042330303011E-01  -0.2253956064234E+00   0.5974411595578E+00   0.7685225032772E+00
   0.1461000000000E+02   0.5018486385934E+03   0.3447697447754E+00   0.1079784362144E+03  -0.8980355467496E-01   0.2001741108322E+00   0.3834925385742E-01   0.3428084961165E+03   0.4184952127547E+04  -0.4582413026857E+04   0.3957672720410E-01  -0.2260682794302E+00   0.5971793836142E+00   0.7685724425748E+00
   0.1462000000000E+02   0.5018388148374E+03   0.3447895987746E+00   0.1079782731775E+03  -0.8980157220448E-01   0.2001599919172E+00   0.3834950981246E-01   0.3379934753036E+03   0.4184906607985E+04  -0.4584191832677E+04   0.3873014571044E-01  -0.2267406166771E+00   0.5969168722045E+00   0.7686214388369E+00
   0.1463000000000E+02   0.5018289826864E+03   0.3448095053495E+00   0.1079781081486E+03  -0.8979958854025E-01   0.2001458704424E+00   0.3834976685647E-01   0.3331786933218E+03   0.4184850431962E+04  -0.4585970702087E+04   0.3788355959768E-01  -0.2274126173562E+00   0.5966536258100E+00   0.7686694921663E+00
   0.1464000000000E+02   0.5018191421398E+03   0.3448294645541E+00   0.1079779411273E+03  -0.8979760368211E-01   0.2001317464093E+00   0.3835002499180E-01   0.3283641738615E+03   0.4184783600930E+04  -0.4587749635144E+04   0.3703696991406E-01  -0.2280842806603E+00   0.5963896449128E+00   0.7687166026671E+00
   0.1465000000000E+02   0.5018092931975E+03   0.3448494764420E+00   0.1079777721130E+03  -0.8979561762992E-01   0.2001176198199E+00   0.3835028422080E-01   0.3235499406067E+03   0.4184706116394E+04  -0.4589528631904E+04   0.3619037770750E-01  -0.2287556057829E+00   0.5961249299962E+00   0.7687627704444E+00
   0.1466000000000E+02   0.5017994358591E+03   0.3448695410671E+00   0.1079776011053E+03  -0.8979363038354E-01   0.2001034906759E+00   0.3835054454579E-01   0.3187360172341E+03   0.4184617979910E+04  -0.4591307692424E+04   0.3534378402560E-01  -0.2294265919183E+00   0.5958594815439E+00   0.7688079956047E+00
   0.1467000000000E+02   0.5017895701244E+03   0.3448896584831E+00   0.1079774281036E+03  -0.8979164194284E-01   0.2000893589789E+00   0.3835080596914E-01   0.3139224274139E+03   0.4184519193090E+04  -0.4593086816760E+04   0.3449718991566E-01  -0.2300972382613E+00   0.5955933000408E+00   0.7688522782556E+00
   0.1468000000000E+02   0.5017796959932E+03   0.3449098287436E+00   0.1079772531076E+03  -0.8978965230768E-01   0.2000752247309E+00   0.3835106849318E-01   0.3091091948088E+03   0.4184409757596E+04  -0.4594866004968E+04   0.3365059642462E-01  -0.2307675440077E+00   0.5953263859727E+00   0.7688956185059E+00
   0.1469000000000E+02   0.5017698134653E+03   0.3449300519022E+00   0.1079770761168E+03  -0.8978766147791E-01   0.2000610879334E+00   0.3835133212023E-01   0.3042963430745E+03   0.4184289675146E+04  -0.4596645257103E+04   0.3280400459915E-01  -0.2314375083537E+00   0.5950587398260E+00   0.7689380164656E+00
   0.1470000000000E+02   0.5017599225404E+03   0.3449503280123E+00   0.1079768971306E+03  -0.8978566945341E-01   0.2000469485884E+00   0.3835159685264E-01   0.2994838958594E+03   0.4184158947507E+04  -0.4598424573219E+04   0.3195741548556E-01  -0.2321071304964E+00   0.5947903620880E+00   0.7689794722458E+00
   0.1471000000000E+02   0.5017500232184E+03   0.3449706571275E+00   0.1079767161486E+03  -0.8978367623405E-01   0.2000328066976E+00   0.3835186269274E-01   0.2946718768043E+03   0.4184017576501E+04  -0.4600203953373E+04   0.3111083012985E-01  -0.2327764096335E+00   0.5945212532472E+00   0.7690199859588E+00
   0.1472000000000E+02   0.5017401154991E+03   0.3449910393010E+00   0.1079765331704E+03  -0.8978168181969E-01   0.2000186622628E+00   0.3835212964286E-01   0.2898603095428E+03   0.4183865564002E+04  -0.4601983397617E+04   0.3026424957769E-01  -0.2334453449636E+00   0.5942514137925E+00   0.7690595577183E+00
   0.1473000000000E+02   0.5017301993824E+03   0.3450114745862E+00   0.1079763481955E+03  -0.8977968621020E-01   0.2000045152856E+00   0.3835239770531E-01   0.2850492177003E+03   0.4183702911937E+04  -0.4603762906007E+04   0.2941767487443E-01  -0.2341139356857E+00   0.5939808442140E+00   0.7690981876390E+00
   0.1474000000000E+02   0.5017202748682E+03   0.3450319630364E+00   0.1079761612235E+03  -0.8977768940547E-01   0.1999903657681E+00   0.3835266688242E-01   0.2802386248948E+03   0.4183529622286E+04  -0.4605542478597E+04   0.2857110706510E-01  -0.2347821809998E+00   0.5937095450025E+00   0.7691358758366E+00
   0.1475000000000E+02   0.5017103419563E+03   0.3450525047048E+00   0.1079759722540E+03  -0.8977569140536E-01   0.1999762137118E+00   0.3835293717652E-01   0.2754285547362E+03   0.4183345697081E+04  -0.4607322115438E+04   0.2772454719437E-01  -0.2354500801064E+00   0.5934375166496E+00   0.7691726224285E+00
   0.1476000000000E+02   0.5017004006467E+03   0.3450730996446E+00   0.1079757812864E+03  -0.8977369220975E-01   0.1999620591186E+00   0.3835320858992E-01   0.2706190308265E+03   0.4183151138406E+04  -0.4609101816586E+04   0.2687799630661E-01  -0.2361176322069E+00   0.5931647596479E+00   0.7692084275327E+00
   0.1477000000000E+02   0.5016904509394E+03   0.3450937479088E+00   0.1079755883205E+03  -0.8977169181852E-01   0.1999479019903E+00   0.3835348112494E-01   0.2658100767595E+03   0.4182945948398E+04  -0.4610881582092E+04   0.2603145544585E-01  -0.2367848365033E+00   0.5928912744909E+00   0.7692432912688E+00
   0.1478000000000E+02   0.5016804928342E+03   0.3451144495506E+00   0.1079753933557E+03  -0.8976969023156E-01   0.1999337423287E+00   0.3835375478388E-01   0.2610017161206E+03   0.4182730129248E+04  -0.4612661412009E+04   0.2518492565579E-01  -0.2374516921982E+00   0.5926170616726E+00   0.7692772137574E+00
   0.1479000000000E+02   0.5016705263311E+03   0.3451352046228E+00   0.1079751963916E+03  -0.8976768744874E-01   0.1999195801355E+00   0.3835402956906E-01   0.2561939724871E+03   0.4182503683198E+04  -0.4614441306389E+04   0.2433840797978E-01  -0.2381181984953E+00   0.5923421216883E+00   0.7693101951204E+00
   0.1480000000000E+02   0.5016605514302E+03   0.3451560131786E+00   0.1079749974278E+03  -0.8976568346996E-01   0.1999054154127E+00   0.3835430548278E-01   0.2513868694274E+03   0.4182266612542E+04  -0.4616221265285E+04   0.2349190346085E-01  -0.2387843545986E+00   0.5920664550339E+00   0.7693422354806E+00
   0.1481000000000E+02   0.5016505681314E+03   0.3451768752708E+00   0.1079747964640E+03  -0.8976367829509E-01   0.1998912481619E+00   0.3835458252735E-01   0.2465804305017E+03   0.4182018919628E+04  -0.4618001288747E+04   0.2264541314168E-01  -0.2394501597130E+00   0.5917900622061E+00   0.7693733349623E+00
   0.1482000000000E+02   0.5016405764348E+03   0.3451977909523E+00   0.1079745934997E+03  -0.8976167192405E-01   0.1998770783850E+00   0.3835486070507E-01   0.2417746792613E+03   0.4181760606854E+04  -0.4619781376827E+04   0.2179893806463E-01  -0.2401156130442E+00   0.5915129437027E+00   0.7694034936909E+00
   0.1483000000000E+02   0.5016305763404E+03   0.3452187602759E+00   0.1079743885345E+03  -0.8975966435670E-01   0.1998629060838E+00   0.3835514001824E-01   0.2369696392484E+03   0.4181491676673E+04  -0.4621561529576E+04   0.2095247927172E-01  -0.2407807137984E+00   0.5912351000221E+00   0.7694327117929E+00
   0.1484000000000E+02   0.5016205678484E+03   0.3452397832943E+00   0.1079741815680E+03  -0.8975765559296E-01   0.1998487312601E+00   0.3835542046916E-01   0.2321653339967E+03   0.4181212131590E+04  -0.4623341747045E+04   0.2010603780459E-01  -0.2414454611828E+00   0.5909565316636E+00   0.7694609893959E+00
   0.1485000000000E+02   0.5016105509587E+03   0.3452608600603E+00   0.1079739725998E+03  -0.8975564563272E-01   0.1998345539158E+00   0.3835570206012E-01   0.2273617870304E+03   0.4180921974160E+04  -0.4625122029283E+04   0.1925961470460E-01  -0.2421098544050E+00   0.5906772391274E+00   0.7694883266289E+00
   0.1486000000000E+02   0.5016005256716E+03   0.3452819906266E+00   0.1079737616296E+03  -0.8975363447587E-01   0.1998203740526E+00   0.3835598479341E-01   0.2225590218648E+03   0.4180621206993E+04  -0.4626902376340E+04   0.1841321101271E-01  -0.2427738926735E+00   0.5903972229146E+00   0.7695147236220E+00
   0.1487000000000E+02   0.5015904919870E+03   0.3453031750457E+00   0.1079735486570E+03  -0.8975162212233E-01   0.1998061916724E+00   0.3835626867132E-01   0.2177570620057E+03   0.4180309832749E+04  -0.4628682788266E+04   0.1756682776957E-01  -0.2434375751977E+00   0.5901164835270E+00   0.7695401805063E+00
   0.1488000000000E+02   0.5015804499052E+03   0.3453244133703E+00   0.1079733336815E+03  -0.8974960857200E-01   0.1997920067770E+00   0.3835655369614E-01   0.2129559309495E+03   0.4179987854143E+04  -0.4630463265111E+04   0.1672046601547E-01  -0.2441009011873E+00   0.5898350214674E+00   0.7695646974143E+00
   0.1489000000000E+02   0.5015703994264E+03   0.3453457056529E+00   0.1079731167029E+03  -0.8974759382478E-01   0.1997778193682E+00   0.3835683987015E-01   0.2081556521831E+03   0.4179655273939E+04  -0.4632243806924E+04   0.1587412679035E-01  -0.2447638698532E+00   0.5895528372392E+00   0.7695882744795E+00
   0.1490000000000E+02   0.5015603405507E+03   0.3453670519460E+00   0.1079728977208E+03  -0.8974557788059E-01   0.1997636294479E+00   0.3835712719564E-01   0.2033562491836E+03   0.4179312094954E+04  -0.4634024413752E+04   0.1502781113381E-01  -0.2454264804065E+00   0.5892699313469E+00   0.7696109118368E+00
   0.1491000000000E+02   0.5015502732784E+03   0.3453884523019E+00   0.1079726767347E+03  -0.8974356073933E-01   0.1997494370179E+00   0.3835741567487E-01   0.1985577454185E+03   0.4178958320060E+04  -0.4635805085644E+04   0.1418152008511E-01  -0.2460887320596E+00   0.5889863042957E+00   0.7696326096219E+00
   0.1492000000000E+02   0.5015401976095E+03   0.3454099067731E+00   0.1079724537444E+03  -0.8974154240093E-01   0.1997352420800E+00   0.3835770531013E-01   0.1937601643452E+03   0.4178593952177E+04  -0.4637585822648E+04   0.1333525468312E-01  -0.2467506240252E+00   0.5887019565916E+00   0.7696533679722E+00
   0.1493000000000E+02   0.5015301135445E+03   0.3454314154119E+00   0.1079722287496E+03  -0.8973952286531E-01   0.1997210446361E+00   0.3835799610370E-01   0.1889635294114E+03   0.4178218994279E+04  -0.4639366624813E+04   0.1248901596640E-01  -0.2474121555168E+00   0.5884168887416E+00   0.7696731870257E+00
   0.1494000000000E+02   0.5015200210835E+03   0.3454529782705E+00   0.1079720017497E+03  -0.8973750213238E-01   0.1997068446880E+00   0.3835828805783E-01   0.1841678640543E+03   0.4177833449393E+04  -0.4641147492184E+04   0.1164280497313E-01  -0.2480733257489E+00   0.5881311012534E+00   0.7696920669220E+00
   0.1495000000000E+02   0.5015099202269E+03   0.3454745954012E+00   0.1079717727447E+03  -0.8973548020207E-01   0.1996926422376E+00   0.3835858117481E-01   0.1793731917010E+03   0.4177437320596E+04  -0.4642928424809E+04   0.1079662274115E-01  -0.2487341339364E+00   0.5878445946356E+00   0.7697100078016E+00
   0.1496000000000E+02   0.5014998109749E+03   0.3454962668560E+00   0.1079715417340E+03  -0.8973345707431E-01   0.1996784372867E+00   0.3835887545689E-01   0.1745795357683E+03   0.4177030611018E+04  -0.4644709422735E+04   0.9950470307933E-02  -0.2493945792950E+00   0.5875573693976E+00   0.7697270098064E+00
   0.1497000000000E+02   0.5014896933279E+03   0.3455179926872E+00   0.1079713087173E+03  -0.8973143274902E-01   0.1996642298372E+00   0.3835917090635E-01   0.1697869196625E+03   0.4176613323840E+04  -0.4646490486008E+04   0.9104348710596E-02  -0.2500546610413E+00   0.5872694260496E+00   0.7697430730792E+00
   0.1498000000000E+02   0.5014795672861E+03   0.3455397729468E+00   0.1079710736944E+03  -0.8972940722614E-01   0.1996500198909E+00   0.3835946752543E-01   0.1649953667793E+03   0.4176185462297E+04  -0.4648271614674E+04   0.8258258985899E-02  -0.2507143783925E+00   0.5869807651026E+00   0.7697581977643E+00
   0.1499000000000E+02   0.5014694328501E+03   0.3455616076866E+00   0.1079708366650E+03  -0.8972738050561E-01   0.1996358074497E+00   0.3835976531641E-01   0.1602049005035E+03   0.4175747029674E+04  -0.4650052808779E+04   0.7412202170242E-02  -0.2513737305665E+00   0.5866913870687E+00   0.7697723840068E+00
   0.1500000000000E+02   0.5014592900200E+03   0.3455834969587E+00   0.1079705976286E+03  -0.8972535258736E-01   0.1996215925155E+00   0.3836006428153E-01   0.1554155442095E+03   0.4175298029307E+04  -0.4651834068368E+04   0.6566179299661E-02  -0.2520327167821E+00   0.5864012924604E+00   0.7697856319532E+00
   0.1501000000000E+02   0.5014491387964E+03   0.3456054408148E+00   0.1079703565851E+03  -0.8972332347133E-01   0.1996073750900E+00   0.3836036442305E-01   0.1506273212602E+03   0.4174838464587E+04  -0.4653615393485E+04   0.5720191409830E-02  -0.2526913362587E+00   0.5861104817914E+00   0.7697979417512E+00
   0.1502000000000E+02   0.5014389791796E+03   0.3456274393068E+00   0.1079701135340E+03  -0.8972129315746E-01   0.1995931551753E+00   0.3836066574322E-01   0.1458402550080E+03   0.4174368338953E+04  -0.4655396784177E+04   0.4874239536060E-02  -0.2533495882164E+00   0.5858189555760E+00   0.7698093135494E+00
   0.1503000000000E+02   0.5014288111701E+03   0.3456494924863E+00   0.1079698684752E+03  -0.8971926164572E-01   0.1995789327732E+00   0.3836096824429E-01   0.1410543687938E+03   0.4173887655898E+04  -0.4657178240486E+04   0.4028324713294E-02  -0.2540074718762E+00   0.5855267143294E+00   0.7698197474978E+00
   0.1504000000000E+02   0.5014186347684E+03   0.3456716004050E+00   0.1079696214082E+03  -0.8971722893603E-01   0.1995647078855E+00   0.3836127192850E-01   0.1362696859472E+03   0.4173396418967E+04  -0.4658959762457E+04   0.3182447976110E-02  -0.2546649864597E+00   0.5852337585677E+00   0.7698292437476E+00
   0.1505000000000E+02   0.5014084499748E+03   0.3456937631145E+00   0.1079693723329E+03  -0.8971519502836E-01   0.1995504805141E+00   0.3836157679810E-01   0.1314862297866E+03   0.4172894631755E+04  -0.4660741350134E+04   0.2336610358716E-02  -0.2553221311892E+00   0.5849400888078E+00   0.7698378024510E+00
   0.1506000000000E+02   0.5013982567900E+03   0.3457159806662E+00   0.1079691212490E+03  -0.8971315992267E-01   0.1995362506609E+00   0.3836188285533E-01   0.1267040236188E+03   0.4172382297910E+04  -0.4662523003560E+04   0.1490812894951E-02  -0.2559789052879E+00   0.5846457055672E+00   0.7698454237614E+00
   0.1507000000000E+02   0.5013880552144E+03   0.3457382531116E+00   0.1079688681561E+03  -0.8971112361891E-01   0.1995220183278E+00   0.3836219010243E-01   0.1219230907389E+03   0.4171859421130E+04  -0.4664304722777E+04   0.6450566182852E-03  -0.2566353079797E+00   0.5843506093645E+00   0.7698521078334E+00
   0.1508000000000E+02   0.5013778452485E+03   0.3457605805019E+00   0.1079686130540E+03  -0.8970908611704E-01   0.1995077835167E+00   0.3836249854163E-01   0.1171434544303E+03   0.4171326005165E+04  -0.4666086507830E+04  -0.2006574381858E-03  -0.2572913384892E+00   0.5840548007190E+00   0.7698578548227E+00
   0.1509000000000E+02   0.5013676268930E+03   0.3457829628884E+00   0.1079683559424E+03  -0.8970704741702E-01   0.1994935462295E+00   0.3836280817516E-01   0.1123651379646E+03   0.4170782053819E+04  -0.4667868358759E+04  -0.1046328241739E-02  -0.2579469960417E+00   0.5837582801508E+00   0.7698626648862E+00
   0.1510000000000E+02   0.5013574001483E+03   0.3458054003222E+00   0.1079680968211E+03  -0.8970500751884E-01   0.1994793064680E+00   0.3836311900526E-01   0.1075881646013E+03   0.4170227570944E+04  -0.4669650275607E+04  -0.1891954760025E-02  -0.2586022798632E+00   0.5834610481809E+00   0.7698665381821E+00
   0.1511000000000E+02   0.5013471650151E+03   0.3458278928545E+00   0.1079678356898E+03  -0.8970296642245E-01   0.1994650642342E+00   0.3836343103416E-01   0.1028125575880E+03   0.4169662560444E+04  -0.4671432258416E+04  -0.2737535961072E-02  -0.2592571891807E+00   0.5831631053310E+00   0.7698694748694E+00
   0.1512000000000E+02   0.5013369214940E+03   0.3458504405362E+00   0.1079675725483E+03  -0.8970092412782E-01   0.1994508195299E+00   0.3836374426408E-01   0.9803834015995E+02   0.4169087026276E+04  -0.4673214307227E+04  -0.3583070813284E-02  -0.2599117232217E+00   0.5828644521237E+00   0.7698714751086E+00
   0.1513000000000E+02   0.5013266695856E+03   0.3458730434182E+00   0.1079673073963E+03  -0.8969888063495E-01   0.1994365723571E+00   0.3836405869725E-01   0.9326553554016E+02   0.4168500972448E+04  -0.4674996422081E+04  -0.4428558285444E-02  -0.2605658812146E+00   0.5825650890825E+00   0.7698725390613E+00
   0.1514000000000E+02   0.5013164092905E+03   0.3458957015512E+00   0.1079670402335E+03  -0.8969683594380E-01   0.1994223227177E+00   0.3836437433588E-01   0.8849416693919E+02   0.4167904403018E+04  -0.4676778603018E+04  -0.5273997346715E-02  -0.2612196623884E+00   0.5822650167315E+00   0.7698726668900E+00
   0.1515000000000E+02   0.5013061406095E+03   0.3459184149860E+00   0.1079667710598E+03  -0.8969479005436E-01   0.1994080706135E+00   0.3836469118219E-01   0.8372425755506E+02   0.4167297322097E+04  -0.4678560850079E+04  -0.6119386966641E-02  -0.2618730659729E+00   0.5819642355957E+00   0.7698718587587E+00
   0.1516000000000E+02   0.5012958635432E+03   0.3459411837731E+00   0.1079664998749E+03  -0.8969274296662E-01   0.1993938160466E+00   0.3836500923840E-01   0.7895583057316E+02   0.4166679733845E+04  -0.4680343163305E+04  -0.6964726115148E-02  -0.2625260911987E+00   0.5816627462010E+00   0.7698701148323E+00
   0.1517000000000E+02   0.5012855780923E+03   0.3459640079629E+00   0.1079662266786E+03  -0.8969069468055E-01   0.1993795590188E+00   0.3836532850673E-01   0.7418890916608E+02   0.4166051642474E+04  -0.4682125542733E+04  -0.7810013762545E-02  -0.2631787372971E+00   0.5813605490741E+00   0.7698674352770E+00
   0.1518000000000E+02   0.5012752842576E+03   0.3459868876059E+00   0.1079659514707E+03  -0.8968864519616E-01   0.1993652995320E+00   0.3836564898938E-01   0.6942351649357E+02   0.4165413052249E+04  -0.4683907988405E+04  -0.8655248879526E-02  -0.2638310035002E+00   0.5810576447423E+00   0.7698638202601E+00
   0.1519000000000E+02   0.5012649820398E+03   0.3460098227523E+00   0.1079656742509E+03  -0.8968659451345E-01   0.1993510375881E+00   0.3836597068856E-01   0.6465967570235E+02   0.4164763967484E+04  -0.4685690500359E+04  -0.9500430437174E-02  -0.2644828890409E+00   0.5807540337339E+00   0.7698592699500E+00
   0.1520000000000E+02   0.5012546714396E+03   0.3460328134523E+00   0.1079653950190E+03  -0.8968454263239E-01   0.1993367731891E+00   0.3836629360647E-01   0.5989740992607E+02   0.4164104392544E+04  -0.4687473078633E+04  -0.1034555740695E-01  -0.2651343931526E+00   0.5804497165780E+00   0.7698537845163E+00
   0.1521000000000E+02   0.5012443524579E+03   0.3460558597558E+00   0.1079651137749E+03  -0.8968248955301E-01   0.1993225063370E+00   0.3836661774533E-01   0.5513674228515E+02   0.4163434331847E+04  -0.4689255723266E+04  -0.1119062876072E-01  -0.2657855150698E+00   0.5801446938045E+00   0.7698473641298E+00
   0.1522000000000E+02   0.5012340250955E+03   0.3460789617127E+00   0.1079648305183E+03  -0.8968043527529E-01   0.1993082370335E+00   0.3836694310732E-01   0.5037769588667E+02   0.4162753789860E+04  -0.4691038434296E+04  -0.1203564347073E-01  -0.2664362540274E+00   0.5798389659440E+00   0.7698400089623E+00
   0.1523000000000E+02   0.5012236893532E+03   0.3461021193728E+00   0.1079645452490E+03  -0.8967837979925E-01   0.1992939652808E+00   0.3836726969466E-01   0.4562029382429E+02   0.4162062771101E+04  -0.4692821211760E+04  -0.1288060050961E-01  -0.2670866092614E+00   0.5795325335280E+00   0.7698317191870E+00
   0.1524000000000E+02   0.5012133452317E+03   0.3461253327859E+00   0.1079642579669E+03  -0.8967632312490E-01   0.1992796910806E+00   0.3836759750953E-01   0.4086455917808E+02   0.4161361280141E+04  -0.4694604055696E+04  -0.1372549885039E-01  -0.2677365800083E+00   0.5792253970887E+00   0.7698224949780E+00
   0.1525000000000E+02   0.5012029927321E+03   0.3461486020013E+00   0.1079639686718E+03  -0.8967426525224E-01   0.1992654144350E+00   0.3836792655412E-01   0.3611051501449E+02   0.4160649321598E+04  -0.4696386966141E+04  -0.1457033746651E-01  -0.2683861655054E+00   0.5789175571594E+00   0.7698123365107E+00
   0.1526000000000E+02   0.5011926318552E+03   0.3461719270684E+00   0.1079636773635E+03  -0.8967220618130E-01   0.1992511353459E+00   0.3836825683063E-01   0.3135818438616E+02   0.4159926900146E+04  -0.4698169943130E+04  -0.1541511533176E-01  -0.2690353649909E+00   0.5786090142737E+00   0.7698012439615E+00
   0.1527000000000E+02   0.5011822626019E+03   0.3461953080366E+00   0.1079633840417E+03  -0.8967014591209E-01   0.1992368538152E+00   0.3836858834124E-01   0.2660759033185E+02   0.4159194020504E+04  -0.4699952986702E+04  -0.1625983142038E-01  -0.2696841777037E+00   0.5782997689665E+00   0.7697892175081E+00
   0.1528000000000E+02   0.5011718849731E+03   0.3462187449549E+00   0.1079630887064E+03  -0.8966808444463E-01   0.1992225698450E+00   0.3836892108815E-01   0.2185875587631E+02   0.4158450687447E+04  -0.4701736096891E+04  -0.1710448470697E-01  -0.2703326028833E+00   0.5779898217732E+00   0.7697762573293E+00
   0.1529000000000E+02   0.5011614989697E+03   0.3462422378722E+00   0.1079627913574E+03  -0.8966602177895E-01   0.1992082834370E+00   0.3836925507352E-01   0.1711170403018E+02   0.4157696905797E+04  -0.4703519273733E+04  -0.1794907416655E-01  -0.2709806397701E+00   0.5776791732300E+00   0.7697623636049E+00
   0.1530000000000E+02   0.5011511045928E+03   0.3462657868375E+00   0.1079624919946E+03  -0.8966395791506E-01   0.1991939945934E+00   0.3836959029954E-01   0.1236645778989E+02   0.4156932680429E+04  -0.4705302517264E+04  -0.1879359877452E-01  -0.2716282876053E+00   0.5773678238740E+00   0.7697475365161E+00
   0.1531000000000E+02   0.5011407018432E+03   0.3462893918993E+00   0.1079621906177E+03  -0.8966189285301E-01   0.1991797033160E+00   0.3836992676839E-01   0.7623040137495E+01   0.4156158016266E+04  -0.4707085827518E+04  -0.1963805750670E-01  -0.2722755456307E+00   0.5770557742432E+00   0.7697317762451E+00
   0.1532000000000E+02   0.5011302907221E+03   0.3463130531063E+00   0.1079618872266E+03  -0.8965982659283E-01   0.1991654096068E+00   0.3837026448224E-01   0.2881474040640E+01   0.4155372918284E+04  -0.4708869204529E+04  -0.2048244933930E-01  -0.2729224130891E+00   0.5767430248760E+00   0.7697150829752E+00
   0.1533000000000E+02   0.5011198712304E+03   0.3463367705067E+00   0.1079615818212E+03  -0.8965775913454E-01   0.1991511134678E+00   0.3837060344326E-01  -0.1858217547607E+01   0.4154577391509E+04  -0.4710652648333E+04  -0.2132677324894E-01  -0.2735688892239E+00   0.5764295763120E+00   0.7696974568909E+00
   0.1534000000000E+02   0.5011094433692E+03   0.3463605441488E+00   0.1079612744014E+03  -0.8965569047818E-01   0.1991368149010E+00   0.3837094365363E-01  -0.6596011688849E+01   0.4153771441016E+04  -0.4712436158963E+04  -0.2217102821264E-01  -0.2742149732792E+00   0.5761154290915E+00   0.7696788981778E+00
   0.1535000000000E+02   0.5010990071395E+03   0.3463843740806E+00   0.1079609649670E+03  -0.8965362062380E-01   0.1991225139082E+00   0.3837128511550E-01  -0.1133188545947E+02   0.4152955071933E+04  -0.4714219736453E+04  -0.2301521320783E-01  -0.2748606645000E+00   0.5758005837553E+00   0.7696594070228E+00
   0.1536000000000E+02   0.5010885625424E+03   0.3464082603501E+00   0.1079606535178E+03  -0.8965154957144E-01   0.1991082104916E+00   0.3837162783105E-01  -0.1606581595074E+02   0.4152128289435E+04  -0.4716003380835E+04  -0.2385932721236E-01  -0.2755059621320E+00   0.5754850408454E+00   0.7696389836136E+00
   0.1537000000000E+02   0.5010781095791E+03   0.3464322030049E+00   0.1079603400539E+03  -0.8964947732115E-01   0.1990939046530E+00   0.3837197180242E-01  -0.2079778026894E+02   0.4151291098751E+04  -0.4717787092143E+04  -0.2470336920446E-01  -0.2761508654218E+00   0.5751688009044E+00   0.7696176281394E+00
   0.1538000000000E+02   0.5010676482506E+03   0.3464562020926E+00   0.1079600245750E+03  -0.8964740387296E-01   0.1990795963945E+00   0.3837231703179E-01  -0.2552775553546E+02   0.4150443505157E+04  -0.4719570870409E+04  -0.2554733816279E-01  -0.2767953736165E+00   0.5748518644756E+00   0.7695953407904E+00
   0.1539000000000E+02   0.5010571785580E+03   0.3464802576606E+00   0.1079597070810E+03  -0.8964532922695E-01   0.1990652857180E+00   0.3837266352130E-01  -0.3025571888692E+02   0.4149585513982E+04  -0.4721354715665E+04  -0.2639123306642E-01  -0.2774394859643E+00   0.5745342321031E+00   0.7695721217578E+00
   0.1540000000000E+02   0.5010467005026E+03   0.3465043697562E+00   0.1079593875719E+03  -0.8964325338314E-01   0.1990509726255E+00   0.3837301127310E-01  -0.3498164747526E+02   0.4148717130603E+04  -0.4723138627943E+04  -0.2723505289482E-01  -0.2780832017138E+00   0.5742159043320E+00   0.7695479712341E+00
   0.1541000000000E+02   0.5010362140856E+03   0.3465285384263E+00   0.1079590660475E+03  -0.8964117634162E-01   0.1990366571190E+00   0.3837336028936E-01  -0.3970551846789E+02   0.4147838360449E+04  -0.4724922607276E+04  -0.2807879662790E-01  -0.2787265201146E+00   0.5738968817080E+00   0.7695228894130E+00
   0.1542000000000E+02   0.5010257193080E+03   0.3465527637178E+00   0.1079587425077E+03  -0.8963909810242E-01   0.1990223392006E+00   0.3837371057220E-01  -0.4442730904776E+02   0.4146949208997E+04  -0.4726706653693E+04  -0.2892246324595E-01  -0.2793694404171E+00   0.5735771647777E+00   0.7694968764891E+00
   0.1543000000000E+02   0.5010152161712E+03   0.3465770456775E+00   0.1079584169525E+03  -0.8963701866562E-01   0.1990080188721E+00   0.3837406212379E-01  -0.4914699641347E+02   0.4146049681777E+04  -0.4728490767225E+04  -0.2976605172970E-01  -0.2800119618724E+00   0.5732567540882E+00   0.7694699326582E+00
   0.1544000000000E+02   0.5010047046764E+03   0.3466013843518E+00   0.1079580893818E+03  -0.8963493803127E-01   0.1989936961356E+00   0.3837441494625E-01  -0.5386455777942E+02   0.4145139784365E+04  -0.4730274947904E+04  -0.3060956106029E-01  -0.2806540837324E+00   0.5729356501876E+00   0.7694420581175E+00
   0.1545000000000E+02   0.5009941848248E+03   0.3466257797870E+00   0.1079577597955E+03  -0.8963285619945E-01   0.1989793709930E+00   0.3837476904172E-01  -0.5857997037587E+02   0.4144219522391E+04  -0.4732059195759E+04  -0.3145299021929E-01  -0.2812958052496E+00   0.5726138536250E+00   0.7694132530649E+00
   0.1546000000000E+02   0.5009836566178E+03   0.3466502320293E+00   0.1079574281934E+03  -0.8963077317023E-01   0.1989650434465E+00   0.3837512441235E-01  -0.6329321144910E+02   0.4143288901533E+04  -0.4733843510821E+04  -0.3229633818866E-01  -0.2819371256776E+00   0.5722913649498E+00   0.7693835176998E+00
   0.1547000000000E+02   0.5009731200565E+03   0.3466747411247E+00   0.1079570945757E+03  -0.8962868894366E-01   0.1989507134980E+00   0.3837548106026E-01  -0.6800425826148E+02   0.4142347927518E+04  -0.4735627893117E+04  -0.3313960395081E-01  -0.2825780442705E+00   0.5719681847124E+00   0.7693528522226E+00
   0.1548000000000E+02   0.5009625751424E+03   0.3466993071188E+00   0.1079567589421E+03  -0.8962660351984E-01   0.1989363811494E+00   0.3837583898759E-01  -0.7271308809157E+02   0.4141396606125E+04  -0.4737412342679E+04  -0.3398278648857E-01  -0.2832185602833E+00   0.5716443134641E+00   0.7693212568347E+00
   0.1549000000000E+02   0.5009520218768E+03   0.3467239300573E+00   0.1079564212926E+03  -0.8962451689882E-01   0.1989220464029E+00   0.3837619819645E-01  -0.7741967823429E+02   0.4140434943181E+04  -0.4739196859533E+04  -0.3482588478518E-01  -0.2838586729717E+00   0.5713197517569E+00   0.7692887317387E+00
   0.1550000000000E+02   0.5009414602611E+03   0.3467486099854E+00   0.1079560816272E+03  -0.8962242908070E-01   0.1989077092605E+00   0.3837655868898E-01  -0.8212400600096E+02   0.4139462944564E+04  -0.4740981443709E+04  -0.3566889782431E-01  -0.2844983815922E+00   0.5709945001434E+00   0.7692552771385E+00
   0.1551000000000E+02   0.5009308902965E+03   0.3467733469485E+00   0.1079557399459E+03  -0.8962034006556E-01   0.1988933697240E+00   0.3837692046729E-01  -0.8682604871945E+02   0.4138480616200E+04  -0.4742766095235E+04  -0.3651182459005E-01  -0.2851376854022E+00   0.5706685591771E+00   0.7692208932390E+00
   0.1552000000000E+02   0.5009203119846E+03   0.3467981409914E+00   0.1079553962485E+03  -0.8961824985347E-01   0.1988790277957E+00   0.3837728353349E-01  -0.9152578373429E+02   0.4137487964067E+04  -0.4744550814139E+04  -0.3735466406694E-01  -0.2857765836598E+00   0.5703419294123E+00   0.7691855802460E+00
   0.1553000000000E+02   0.5009097253267E+03   0.3468229921590E+00   0.1079550505350E+03  -0.8961615844451E-01   0.1988646834774E+00   0.3837764788972E-01  -0.9622318840674E+02   0.4136484994191E+04  -0.4746335600447E+04  -0.3819741523992E-01  -0.2864150756237E+00   0.5700146114041E+00   0.7691493383669E+00
   0.1554000000000E+02   0.5008991303242E+03   0.3468479004958E+00   0.1079547028055E+03  -0.8961406583879E-01   0.1988503367713E+00   0.3837801353806E-01  -0.1009182401149E+03   0.4135471712647E+04  -0.4748120454187E+04  -0.3904007709437E-01  -0.2870531605537E+00   0.5696866057082E+00   0.7691121678099E+00
   0.1555000000000E+02   0.5008885269787E+03   0.3468728660461E+00   0.1079543530599E+03  -0.8961197203639E-01   0.1988359876793E+00   0.3837838048064E-01  -0.1056109162540E+03   0.4134448125561E+04  -0.4749905375386E+04  -0.3988264861611E-01  -0.2876908377101E+00   0.5693579128813E+00   0.7690740687843E+00
   0.1556000000000E+02   0.5008779152917E+03   0.3468978888542E+00   0.1079540012982E+03  -0.8960987703740E-01   0.1988216362034E+00   0.3837874871956E-01  -0.1103011942361E+03   0.4133414239108E+04  -0.4751690364069E+04  -0.4072512879139E-01  -0.2883281063541E+00   0.5690285334807E+00   0.7690350415007E+00
   0.1557000000000E+02   0.5008672952645E+03   0.3469229689640E+00   0.1079536475202E+03  -0.8960778084191E-01   0.1988072823459E+00   0.3837911825692E-01  -0.1149890514906E+03   0.4132370059512E+04  -0.4753475420264E+04  -0.4156751660688E-01  -0.2889649657478E+00   0.5686984680644E+00   0.7689950861707E+00
   0.1558000000000E+02   0.5008566668987E+03   0.3469481064192E+00   0.1079532917262E+03  -0.8960568345003E-01   0.1987929261085E+00   0.3837948909482E-01  -0.1196744654642E+03   0.4131315593047E+04  -0.4755260543994E+04  -0.4240981104968E-01  -0.2896014151539E+00   0.5683677171914E+00   0.7689542030070E+00
   0.1559000000000E+02   0.5008460301960E+03   0.3469733012635E+00   0.1079529339160E+03  -0.8960358486185E-01   0.1987785674935E+00   0.3837986123535E-01  -0.1243574136211E+03   0.4130250846035E+04  -0.4757045735287E+04  -0.4325201110736E-01  -0.2902374538360E+00   0.5680362814213E+00   0.7689123922236E+00
   0.1560000000000E+02   0.5008353851577E+03   0.3469985535401E+00   0.1079525740896E+03  -0.8960148507747E-01   0.1987642065028E+00   0.3838023468061E-01  -0.1290378734426E+03   0.4129175824848E+04  -0.4758830994166E+04  -0.4409411576790E-01  -0.2908730810583E+00   0.5677041613144E+00   0.7688696540355E+00
   0.1561000000000E+02   0.5008247317855E+03   0.3470238632921E+00   0.1079522122471E+03  -0.8959938409699E-01   0.1987498431385E+00   0.3838060943269E-01  -0.1337158224282E+03   0.4128090535909E+04  -0.4760616320656E+04  -0.4493612401971E-01  -0.2915082960861E+00   0.5673713574319E+00   0.7688259886587E+00
   0.1562000000000E+02   0.5008140700811E+03   0.3470492305626E+00   0.1079518483884E+03  -0.8959728192052E-01   0.1987354774026E+00   0.3838098549367E-01  -0.1383912380946E+03   0.4126994985686E+04  -0.4762401714782E+04  -0.4577803485166E-01  -0.2921430981851E+00   0.5670378703357E+00   0.7687813963104E+00
   0.1563000000000E+02   0.5008034000459E+03   0.3470746553941E+00   0.1079514825136E+03  -0.8959517854817E-01   0.1987211092972E+00   0.3838136286563E-01  -0.1430640979767E+03   0.4125889180700E+04  -0.4764187176567E+04  -0.4661984725306E-01  -0.2927774866222E+00   0.5667037005886E+00   0.7687358772091E+00
   0.1564000000000E+02   0.5007927216817E+03   0.3471001378292E+00   0.1079511146227E+03  -0.8959307398004E-01   0.1987067388244E+00   0.3838174155065E-01  -0.1477343796273E+03   0.4124773127520E+04  -0.4765972706035E+04  -0.4746156021364E-01  -0.2934114606647E+00   0.5663688487538E+00   0.7686894315743E+00
   0.1565000000000E+02   0.5007820349901E+03   0.3471256779101E+00   0.1079507447157E+03  -0.8959096821626E-01   0.1986923659862E+00   0.3838212155082E-01  -0.1524020606169E+03   0.4123646832762E+04  -0.4767758303209E+04  -0.4830317272360E-01  -0.2940450195811E+00   0.5660333153956E+00   0.7686420596263E+00
   0.1566000000000E+02   0.5007713399728E+03   0.3471512756789E+00   0.1079503727926E+03  -0.8958886125692E-01   0.1986779907846E+00   0.3838250286819E-01  -0.1570671185346E+03   0.4122510303094E+04  -0.4769543968113E+04  -0.4914468377356E-01  -0.2946781626402E+00   0.5656971010790E+00   0.7685937615871E+00
   0.1567000000000E+02   0.5007606366315E+03   0.3471769311775E+00   0.1079499988536E+03  -0.8958675310214E-01   0.1986636132218E+00   0.3838288550485E-01  -0.1617295309875E+03   0.4121363545231E+04  -0.4771329700767E+04  -0.4998609235460E-01  -0.2953108891120E+00   0.5653602063695E+00   0.7685445376794E+00
   0.1568000000000E+02   0.5007499249679E+03   0.3472026444475E+00   0.1079496228986E+03  -0.8958464375205E-01   0.1986492332998E+00   0.3838326946285E-01  -0.1663892756011E+03   0.4120206565936E+04  -0.4773115501195E+04  -0.5082739745825E-01  -0.2959431982671E+00   0.5650226318337E+00   0.7684943881270E+00
   0.1569000000000E+02   0.5007392049838E+03   0.3472284155302E+00   0.1079492449276E+03  -0.8958253320676E-01   0.1986348510207E+00   0.3838365474426E-01  -0.1710463300195E+03   0.4119039372024E+04  -0.4774901369419E+04  -0.5166859807647E-01  -0.2965750893770E+00   0.5646843780387E+00   0.7684433131551E+00
   0.1570000000000E+02   0.5007284766808E+03   0.3472542444669E+00   0.1079488649408E+03  -0.8958042146639E-01   0.1986204663865E+00   0.3838404135114E-01  -0.1757006719052E+03   0.4117861970356E+04  -0.4776687305459E+04  -0.5250969320169E-01  -0.2972065617138E+00   0.5643454455525E+00   0.7683913129898E+00
   0.1571000000000E+02   0.5007177400608E+03   0.3472801312986E+00   0.1079484829382E+03  -0.8957830853107E-01   0.1986060793993E+00   0.3838442928555E-01  -0.1803522789395E+03   0.4116674367842E+04  -0.4778473309337E+04  -0.5335068182677E-01  -0.2978376145507E+00   0.5640058349437E+00   0.7683383878584E+00
   0.1572000000000E+02   0.5007069951256E+03   0.3473060760661E+00   0.1079480989199E+03  -0.8957619440092E-01   0.1985916900612E+00   0.3838481854953E-01  -0.1850011288224E+03   0.4115476571441E+04  -0.4780259381074E+04  -0.5419156294504E-01  -0.2984682471613E+00   0.5636655467818E+00   0.7682845379892E+00
   0.1573000000000E+02   0.5006962418769E+03   0.3473320788098E+00   0.1079477128859E+03  -0.8957407907606E-01   0.1985772983743E+00   0.3838520914513E-01  -0.1896471992730E+03   0.4114268588162E+04  -0.4782045520689E+04  -0.5503233555026E-01  -0.2990984588203E+00   0.5633245816369E+00   0.7682297636116E+00
   0.1574000000000E+02   0.5006854803167E+03   0.3473581395701E+00   0.1079473248363E+03  -0.8957196255663E-01   0.1985629043406E+00   0.3838560107441E-01  -0.1942904680291E+03   0.4113050425060E+04  -0.4783831728204E+04  -0.5587299863667E-01  -0.2997282488032E+00   0.5629829400801E+00   0.7681740649563E+00
   0.1575000000000E+02   0.5006747104468E+03   0.3473842583872E+00   0.1079469347711E+03  -0.8956984484275E-01   0.1985485079623E+00   0.3838599433939E-01  -0.1989309128479E+03   0.4111822089240E+04  -0.4785618003638E+04  -0.5671355119894E-01  -0.3003576163860E+00   0.5626406226828E+00   0.7681174422550E+00
   0.1576000000000E+02   0.5006639322691E+03   0.3474104353008E+00   0.1079465426906E+03  -0.8956772593456E-01   0.1985341092415E+00   0.3838638894213E-01  -0.2035685115055E+03   0.4110583587855E+04  -0.4787404347009E+04  -0.5755399223221E-01  -0.3009865608459E+00   0.5622976300176E+00   0.7680598957405E+00
   0.1577000000000E+02   0.5006531457853E+03   0.3474366703508E+00   0.1079461485947E+03  -0.8956560583220E-01   0.1985197081802E+00   0.3838678488464E-01  -0.2082032417977E+03   0.4109334928107E+04  -0.4789190758338E+04  -0.5839432073208E-01  -0.3016150814606E+00   0.5619539626576E+00   0.7680014256466E+00
   0.1578000000000E+02   0.5006423509976E+03   0.3474629635765E+00   0.1079457524836E+03  -0.8956348453579E-01   0.1985053047805E+00   0.3838718216897E-01  -0.2128350815393E+03   0.4108076117245E+04  -0.4790977237643E+04  -0.5923453569460E-01  -0.3022431775086E+00   0.5616096211767E+00   0.7679420322083E+00
   0.1579000000000E+02   0.5006315479078E+03   0.3474893150171E+00   0.1079453543573E+03  -0.8956136204548E-01   0.1984908990445E+00   0.3838758079714E-01  -0.2174640085650E+03   0.4106807162567E+04  -0.4792763784941E+04  -0.6007463611628E-01  -0.3028708482695E+00   0.5612646061496E+00   0.7678817156619E+00
   0.1580000000000E+02   0.5006207365178E+03   0.3475157247119E+00   0.1079449542160E+03  -0.8955923836140E-01   0.1984764909744E+00   0.3838798077117E-01  -0.2220900007289E+03   0.4105528071420E+04  -0.4794550400251E+04  -0.6091462099409E-01  -0.3034980930233E+00   0.5609189181514E+00   0.7678204762444E+00
   0.1581000000000E+02   0.5006099168297E+03   0.3475421926994E+00   0.1079445520598E+03  -0.8955711348370E-01   0.1984620805722E+00   0.3838838209309E-01  -0.2267130359049E+03   0.4104238851198E+04  -0.4796337083591E+04  -0.6175448932548E-01  -0.3041249110511E+00   0.5605725577585E+00   0.7677583141942E+00
   0.1582000000000E+02   0.5005990888455E+03   0.3475687190184E+00   0.1079441478887E+03  -0.8955498741252E-01   0.1984476678401E+00   0.3838878476491E-01  -0.2313330919867E+03   0.4102939509343E+04  -0.4798123834978E+04  -0.6259424010833E-01  -0.3047513016347E+00   0.5602255255476E+00   0.7676952297508E+00
   0.1583000000000E+02   0.5005882525671E+03   0.3475953037072E+00   0.1079437417030E+03  -0.8955286014800E-01   0.1984332527801E+00   0.3838918878863E-01  -0.2359501468881E+03   0.4101630053346E+04  -0.4799910654428E+04  -0.6343387234101E-01  -0.3053772640566E+00   0.5598778220963E+00   0.7676312231546E+00
   0.1584000000000E+02   0.5005774079966E+03   0.3476219468040E+00   0.1079433335028E+03  -0.8955073169030E-01   0.1984188353944E+00   0.3838959416628E-01  -0.2405641785428E+03   0.4100310490746E+04  -0.4801697541958E+04  -0.6427338502235E-01  -0.3060027976003E+00   0.5595294479829E+00   0.7675662946472E+00
   0.1585000000000E+02   0.5005665551360E+03   0.3476486483467E+00   0.1079429232881E+03  -0.8954860203955E-01   0.1984044156850E+00   0.3839000089985E-01  -0.2451751649046E+03   0.4098980829128E+04  -0.4803484497584E+04  -0.6511277715163E-01  -0.3066279015500E+00   0.5591804037865E+00   0.7675004444714E+00
   0.1586000000000E+02   0.5005556939875E+03   0.3476754083731E+00   0.1079425110591E+03  -0.8954647119591E-01   0.1983899936542E+00   0.3839040899135E-01  -0.2497830839477E+03   0.4097641076128E+04  -0.4805271521323E+04  -0.6595204772863E-01  -0.3072525751906E+00   0.5588306900867E+00   0.7674336728710E+00
   0.1587000000000E+02   0.5005448245531E+03   0.3477022269207E+00   0.1079420968160E+03  -0.8954433915954E-01   0.1983755693039E+00   0.3839081844277E-01  -0.2543879136665E+03   0.4096291239427E+04  -0.4807058613189E+04  -0.6679119575357E-01  -0.3078768178080E+00   0.5584803074642E+00   0.7673659800909E+00
   0.1588000000000E+02   0.5005339468350E+03   0.3477291040268E+00   0.1079416805590E+03  -0.8954220593057E-01   0.1983611426365E+00   0.3839122925611E-01  -0.2589896320762E+03   0.4094931326755E+04  -0.4808845773198E+04  -0.6763022022715E-01  -0.3085006286888E+00   0.5581292565001E+00   0.7672973663771E+00
   0.1589000000000E+02   0.5005230608353E+03   0.3477560397285E+00   0.1079412622881E+03  -0.8954007150918E-01   0.1983467136539E+00   0.3839164143335E-01  -0.2635882172121E+03   0.4093561345889E+04  -0.4810633001364E+04  -0.6846912015055E-01  -0.3091240071205E+00   0.5577775377764E+00   0.7672278319767E+00
   0.1590000000000E+02   0.5005121665560E+03   0.3477830340628E+00   0.1079408420035E+03  -0.8953793589552E-01   0.1983322823583E+00   0.3839205497648E-01  -0.2681836471304E+03   0.4092181304656E+04  -0.4812420297702E+04  -0.6930789452540E-01  -0.3097469523912E+00   0.5574251518758E+00   0.7671573771379E+00
   0.1591000000000E+02   0.5005012639996E+03   0.3478100870663E+00   0.1079404197055E+03  -0.8953579908974E-01   0.1983178487518E+00   0.3839246988748E-01  -0.2727758999082E+03   0.4090791210927E+04  -0.4814207662226E+04  -0.7014654235383E-01  -0.3103694637901E+00   0.5570720993816E+00   0.7670860021100E+00
   0.1592000000000E+02   0.5004903531680E+03   0.3478371987754E+00   0.1079399953941E+03  -0.8953366109201E-01   0.1983034128366E+00   0.3839288616833E-01  -0.2773649536432E+03   0.4089391072624E+04  -0.4815995094950E+04  -0.7098506263843E-01  -0.3109915406069E+00   0.5567183808780E+00   0.7670137071433E+00
   0.1593000000000E+02   0.5004794340635E+03   0.3478643692265E+00   0.1079395690696E+03  -0.8953152190249E-01   0.1982889746148E+00   0.3839330382101E-01  -0.2819507864543E+03   0.4087980897713E+04  -0.4817782595886E+04  -0.7182345438226E-01  -0.3116131821323E+00   0.5563639969499E+00   0.7669404924894E+00
   0.1594000000000E+02   0.5004685066885E+03   0.3478915984557E+00   0.1079391407321E+03  -0.8952938152134E-01   0.1982745340886E+00   0.3839372284748E-01  -0.2865333764814E+03   0.4086560694210E+04  -0.4819570165048E+04  -0.7266171658888E-01  -0.3122343876578E+00   0.5560089481828E+00   0.7668663584008E+00
   0.1595000000000E+02   0.5004575710450E+03   0.3479188864987E+00   0.1079387103818E+03  -0.8952723994873E-01   0.1982600912600E+00   0.3839414324970E-01  -0.2911127018854E+03   0.4085130470178E+04  -0.4821357802449E+04  -0.7349984826229E-01  -0.3128551564757E+00   0.5556532351631E+00   0.7667913051312E+00
   0.1596000000000E+02   0.5004466271355E+03   0.3479462333913E+00   0.1079382780189E+03  -0.8952509718482E-01   0.1982456461313E+00   0.3839456502965E-01  -0.2956887408488E+03   0.4083690233727E+04  -0.4823145508100E+04  -0.7433784840702E-01  -0.3134754878790E+00   0.5552968584776E+00   0.7667153329353E+00
   0.1597000000000E+02   0.5004356749622E+03   0.3479736391688E+00   0.1079378436437E+03  -0.8952295322979E-01   0.1982311987046E+00   0.3839498818928E-01  -0.3002614715754E+03   0.4082239993013E+04  -0.4824933282014E+04  -0.7517571602803E-01  -0.3140953811617E+00   0.5549398187143E+00   0.7666384420689E+00
   0.1598000000000E+02   0.5004247145274E+03   0.3480011038666E+00   0.1079374072562E+03  -0.8952080808381E-01   0.1982167489821E+00   0.3839541273054E-01  -0.3048308722902E+03   0.4080779756241E+04  -0.4826721124203E+04  -0.7601345013080E-01  -0.3147148356185E+00   0.5545821164614E+00   0.7665606327891E+00
   0.1599000000000E+02   0.5004137458334E+03   0.3480286275197E+00   0.1079369688568E+03  -0.8951866174704E-01   0.1982022969658E+00   0.3839583865538E-01  -0.3093969212402E+03   0.4079309531663E+04  -0.4828509034677E+04  -0.7685104972126E-01  -0.3153338505450E+00   0.5542237523083E+00   0.7664819053537E+00
   0.1600000000000E+02   0.5004027688827E+03   0.3480562101630E+00   0.1079365284457E+03  -0.8951651421967E-01   0.1981878426580E+00   0.3839626596574E-01  -0.3139595966937E+03   0.4077829327577E+04  -0.4830297013447E+04  -0.7768851380586E-01  -0.3159524252374E+00   0.5538647268446E+00   0.7664022600218E+00
   0.1601000000000E+02   0.5003917836776E+03   0.3480838518310E+00   0.1079360860230E+03  -0.8951436550187E-01   0.1981733860608E+00   0.3839669466358E-01  -0.3185188769412E+03   0.4076339152328E+04  -0.4832085060524E+04  -0.7852584139150E-01  -0.3165705589929E+00   0.5535050406612E+00   0.7663216970538E+00
   0.1602000000000E+02   0.5003807902204E+03   0.3481115525582E+00   0.1079356415889E+03  -0.8951221559381E-01   0.1981589271763E+00   0.3839712475082E-01  -0.3230747402948E+03   0.4074839014310E+04  -0.4833873175918E+04  -0.7936303148560E-01  -0.3171882511096E+00   0.5531446943491E+00   0.7662402167107E+00
   0.1603000000000E+02   0.5003697885137E+03   0.3481393123790E+00   0.1079351951438E+03  -0.8951006449569E-01   0.1981444660069E+00   0.3839755622941E-01  -0.3276271650886E+03   0.4073328921961E+04  -0.4835661359638E+04  -0.8020008309603E-01  -0.3178055008861E+00   0.5527836885006E+00   0.7661578192550E+00
   0.1604000000000E+02   0.5003587785598E+03   0.3481671313273E+00   0.1079347466879E+03  -0.8950791220767E-01   0.1981300025545E+00   0.3839798910126E-01  -0.3321761296788E+03   0.4071808883767E+04  -0.4837449611695E+04  -0.8103699523118E-01  -0.3184223076222E+00   0.5524220237082E+00   0.7660745049501E+00
   0.1605000000000E+02   0.5003477603613E+03   0.3481950094370E+00   0.1079342962213E+03  -0.8950575872994E-01   0.1981155368214E+00   0.3839842336830E-01  -0.3367216124441E+03   0.4070278908262E+04  -0.4839237932097E+04  -0.8187376689991E-01  -0.3190386706183E+00   0.5520597005654E+00   0.7659902740606E+00
   0.1606000000000E+02   0.5003367339205E+03   0.3482229467419E+00   0.1079338437444E+03  -0.8950360406269E-01   0.1981010688098E+00   0.3839885903246E-01  -0.3412635917850E+03   0.4068739004025E+04  -0.4841026320853E+04  -0.8271039711159E-01  -0.3196545891756E+00   0.5516967196663E+00   0.7659051268519E+00
   0.1607000000000E+02   0.5003256992400E+03   0.3482509432753E+00   0.1079333892574E+03  -0.8950144820610E-01   0.1980865985218E+00   0.3839929609565E-01  -0.3458020461248E+03   0.4067189179683E+04  -0.4842814777971E+04  -0.8354688487606E-01  -0.3202700625961E+00   0.5513330816059E+00   0.7658190635908E+00
   0.1608000000000E+02   0.5003146563223E+03   0.3482789990706E+00   0.1079329327606E+03  -0.8949929116037E-01   0.1980721259596E+00   0.3839973455979E-01  -0.3503369539091E+03   0.4065629443908E+04  -0.4844603303460E+04  -0.8438322920367E-01  -0.3208850901828E+00   0.5509687869796E+00   0.7657320845451E+00
   0.1609000000000E+02   0.5003036051700E+03   0.3483071141609E+00   0.1079324742541E+03  -0.8949713292568E-01   0.1980576511254E+00   0.3840017442677E-01  -0.3548682936060E+03   0.4064059805421E+04  -0.4846391897327E+04  -0.8521942910525E-01  -0.3214996712395E+00   0.5506038363837E+00   0.7656441899834E+00
   0.1610000000000E+02   0.5002925457855E+03   0.3483352885790E+00   0.1079320137384E+03  -0.8949497350222E-01   0.1980431740214E+00   0.3840061569852E-01  -0.3593960437065E+03   0.4062480272986E+04  -0.4848180559579E+04  -0.8605548359213E-01  -0.3221138050705E+00   0.5502382304152E+00   0.7655553801759E+00
   0.1611000000000E+02   0.5002814781716E+03   0.3483635223578E+00   0.1079315512136E+03  -0.8949281289019E-01   0.1980286946498E+00   0.3840105837692E-01  -0.3639201827244E+03   0.4060890855416E+04  -0.4849969290223E+04  -0.8689139167615E-01  -0.3227274909813E+00   0.5498719696717E+00   0.7654656553934E+00
   0.1612000000000E+02   0.5002704023307E+03   0.3483918155298E+00   0.1079310866801E+03  -0.8949065108979E-01   0.1980142130127E+00   0.3840150246387E-01  -0.3684406891962E+03   0.4059291561570E+04  -0.4851758089265E+04  -0.8772715236963E-01  -0.3233407282781E+00   0.5495050547515E+00   0.7653750159080E+00
   0.1613000000000E+02   0.5002593182655E+03   0.3484201681273E+00   0.1079306201381E+03  -0.8948848810121E-01   0.1979997291124E+00   0.3840194796126E-01  -0.3729575416815E+03   0.4057682400353E+04  -0.4853546956713E+04  -0.8856276468539E-01  -0.3239535162678E+00   0.5491374862538E+00   0.7652834619929E+00
   0.1614000000000E+02   0.5002482259786E+03   0.3484485801825E+00   0.1079301515879E+03  -0.8948632392466E-01   0.1979852429510E+00   0.3840239487099E-01  -0.3774707187630E+03   0.4056063380716E+04  -0.4855335892572E+04  -0.8939822763677E-01  -0.3245658542583E+00   0.5487692647783E+00   0.7651909939222E+00
   0.1615000000000E+02   0.5002371254728E+03   0.3484770517273E+00   0.1079296810298E+03  -0.8948415856033E-01   0.1979707545308E+00   0.3840284319492E-01  -0.3819801990466E+03   0.4054434511656E+04  -0.4857124896847E+04  -0.9023354023758E-01  -0.3251777415583E+00   0.5484003909254E+00   0.7650976119713E+00
   0.1616000000000E+02   0.5002260167506E+03   0.3485055827937E+00   0.1079292084641E+03  -0.8948199200842E-01   0.1979562638539E+00   0.3840329293495E-01  -0.3864859611615E+03   0.4052795802217E+04  -0.4858913969543E+04  -0.9106870150215E-01  -0.3257891774772E+00   0.5480308652963E+00   0.7650033164164E+00
   0.1617000000000E+02   0.5002148998148E+03   0.3485341734132E+00   0.1079287338912E+03  -0.8947982426915E-01   0.1979417709226E+00   0.3840374409294E-01  -0.3909879837601E+03   0.4051147261488E+04  -0.4860703110666E+04  -0.9190371044532E-01  -0.3264001613253E+00   0.5476606884928E+00   0.7649081075350E+00
   0.1618000000000E+02   0.5002037746680E+03   0.3485628236173E+00   0.1079282573112E+03  -0.8947765534272E-01   0.1979272757390E+00   0.3840419667077E-01  -0.3954862455185E+03   0.4049488898604E+04  -0.4862492320220E+04  -0.9273856608242E-01  -0.3270106924137E+00   0.5472898611174E+00   0.7648119856057E+00
   0.1619000000000E+02   0.5001926413131E+03   0.3485915334373E+00   0.1079277787247E+03  -0.8947548522934E-01   0.1979127783055E+00   0.3840465067030E-01  -0.3999807251364E+03   0.4047820722748E+04  -0.4864281598208E+04  -0.9357326742929E-01  -0.3276207700545E+00   0.5469183837735E+00   0.7647149509079E+00
   0.1620000000000E+02   0.5001814997528E+03   0.3486203029043E+00   0.1079272981318E+03  -0.8947331392923E-01   0.1978982786240E+00   0.3840510609340E-01  -0.4044714013371E+03   0.4046142743146E+04  -0.4866070944635E+04  -0.9440781350227E-01  -0.3282303935604E+00   0.5465462570648E+00   0.7646170037223E+00
   0.1621000000000E+02   0.5001703499899E+03   0.3486491320491E+00   0.1079268155329E+03  -0.8947114144258E-01   0.1978837766970E+00   0.3840556294191E-01  -0.4089582528675E+03   0.4044454969071E+04  -0.4867860359503E+04  -0.9524220331822E-01  -0.3288395622451E+00   0.5461734815961E+00   0.7645181443306E+00
   0.1622000000000E+02   0.5001591920271E+03   0.3486780209026E+00   0.1079263309284E+03  -0.8946896776963E-01   0.1978692725266E+00   0.3840602121769E-01  -0.4134412584987E+03   0.4042757409842E+04  -0.4869649842817E+04  -0.9607643589451E-01  -0.3294482754229E+00   0.5458000579725E+00   0.7644183730156E+00
   0.1623000000000E+02   0.5001480258673E+03   0.3487069694953E+00   0.1079258443185E+03  -0.8946679291058E-01   0.1978547661151E+00   0.3840648092259E-01  -0.4179203970256E+03   0.4041050074823E+04  -0.4871439394578E+04  -0.9691051024900E-01  -0.3300565324092E+00   0.5454259868002E+00   0.7643176900611E+00
   0.1624000000000E+02   0.5001368515134E+03   0.3487359778576E+00   0.1079253557037E+03  -0.8946461686566E-01   0.1978402574646E+00   0.3840694205845E-01  -0.4223956472672E+03   0.4039332973424E+04  -0.4873229014789E+04  -0.9774442540008E-01  -0.3306643325200E+00   0.5450512686857E+00   0.7642160957520E+00
   0.1625000000000E+02   0.5001256689681E+03   0.3487650460197E+00   0.1079248650842E+03  -0.8946243963509E-01   0.1978257465773E+00   0.3840740462712E-01  -0.4268669880667E+03   0.4037606115101E+04  -0.4875018703451E+04  -0.9857818036665E-01  -0.3312716750724E+00   0.5446759042364E+00   0.7641135903743E+00
   0.1626000000000E+02   0.5001144782344E+03   0.3487941740118E+00   0.1079243724605E+03  -0.8946026121908E-01   0.1978112334556E+00   0.3840786863042E-01  -0.4313343982914E+03   0.4035869509355E+04  -0.4876808460567E+04  -0.9941177416812E-01  -0.3318785593840E+00   0.5442998940603E+00   0.7640101742149E+00
   0.1627000000000E+02   0.5001032793151E+03   0.3488233618636E+00   0.1079238778328E+03  -0.8945808161788E-01   0.1977967181016E+00   0.3840833407020E-01  -0.4357978568333E+03   0.4034123165731E+04  -0.4878598286137E+04  -0.1002452058244E+00  -0.3324849847736E+00   0.5439232387662E+00   0.7639058475620E+00
   0.1628000000000E+02   0.5000920722133E+03   0.3488526096050E+00   0.1079233812016E+03  -0.8945590083169E-01   0.1977822005176E+00   0.3840880094826E-01  -0.4402573426085E+03   0.4032367093822E+04  -0.4880388180163E+04  -0.1010784743559E+00  -0.3330909505605E+00   0.5435459389634E+00   0.7638006107047E+00
   0.1629000000000E+02   0.5000808569317E+03   0.3488819172655E+00   0.1079228825672E+03  -0.8945371886076E-01   0.1977676807059E+00   0.3840926926644E-01  -0.4447128345578E+03   0.4030601303265E+04  -0.4882178142644E+04  -0.1019115787837E+00  -0.3336964560650E+00   0.5431679952621E+00   0.7636944639333E+00
   0.1630000000000E+02   0.5000696334735E+03   0.3489112848745E+00   0.1079223819301E+03  -0.8945153570531E-01   0.1977531586685E+00   0.3840973902656E-01  -0.4491643116468E+03   0.4028825803741E+04  -0.4883968173581E+04  -0.1027445181291E+00  -0.3343015006083E+00   0.5427894082730E+00   0.7635874075390E+00
   0.1631000000000E+02   0.5000584018415E+03   0.3489407124611E+00   0.1079218792905E+03  -0.8944935136558E-01   0.1977386344079E+00   0.3841021023042E-01  -0.4536117528655E+03   0.4027040604978E+04  -0.4885758272974E+04  -0.1035772914142E+00  -0.3349060835122E+00   0.5424101786075E+00   0.7634794418141E+00
   0.1632000000000E+02   0.5000471620387E+03   0.3489702000545E+00   0.1079213746489E+03  -0.8944716584180E-01   0.1977241079261E+00   0.3841068287983E-01  -0.4580551372292E+03   0.4025245716748E+04  -0.4887548440823E+04  -0.1044098976615E+00  -0.3355102040997E+00   0.5420303068778E+00   0.7633705670520E+00
   0.1633000000000E+02   0.5000359140683E+03   0.3489997476835E+00   0.1079208680057E+03  -0.8944497913422E-01   0.1977095792256E+00   0.3841115697660E-01  -0.4624944437777E+03   0.4023441148870E+04  -0.4889338677125E+04  -0.1052423358940E+00  -0.3361138616942E+00   0.5416497936966E+00   0.7632607835472E+00
   0.1634000000000E+02   0.5000246579331E+03   0.3490293553768E+00   0.1079203593612E+03  -0.8944279124307E-01   0.1976950483085E+00   0.3841163252253E-01  -0.4669296515762E+03   0.4021626911204E+04  -0.4891128981880E+04  -0.1060746051353E+00  -0.3367170556203E+00   0.5412686396773E+00   0.7631500915951E+00
   0.1635000000000E+02   0.5000133936364E+03   0.3490590231631E+00   0.1079198487160E+03  -0.8944060216859E-01   0.1976805151771E+00   0.3841210951941E-01  -0.4713607397146E+03   0.4019803013658E+04  -0.4892919355087E+04  -0.1069067044094E+00  -0.3373197852032E+00   0.5408868454342E+00   0.7630384914924E+00
   0.1636000000000E+02   0.5000021211811E+03   0.3490887510706E+00   0.1079193360703E+03  -0.8943841191103E-01   0.1976659798336E+00   0.3841258796903E-01  -0.4757876873086E+03   0.4017969466185E+04  -0.4894709796742E+04  -0.1077386327410E+00  -0.3379220497691E+00   0.5405044115821E+00   0.7629259835366E+00
   0.1637000000000E+02   0.4999908405704E+03   0.3491185391278E+00   0.1079188214246E+03  -0.8943622047063E-01   0.1976514422803E+00   0.3841306787318E-01  -0.4802104734986E+03   0.4016126278780E+04  -0.4896500306845E+04  -0.1085703891552E+00  -0.3385238486450E+00   0.5401213387363E+00   0.7628125680263E+00
   0.1638000000000E+02   0.4999795518073E+03   0.3491483873625E+00   0.1079183047793E+03  -0.8943402784765E-01   0.1976369025195E+00   0.3841354923364E-01  -0.4846290774510E+03   0.4014273461486E+04  -0.4898290885391E+04  -0.1094019726775E+00  -0.3391251811587E+00   0.5397376275131E+00   0.7626982452614E+00
   0.1639000000000E+02   0.4999682548951E+03   0.3491782958028E+00   0.1079177861349E+03  -0.8943183404234E-01   0.1976223605533E+00   0.3841403205219E-01  -0.4890434783572E+03   0.4012411024389E+04  -0.4900081532378E+04  -0.1102333823343E+00  -0.3397260466389E+00   0.5393532785293E+00   0.7625830155425E+00
   0.1640000000000E+02   0.4999569498368E+03   0.3492082644763E+00   0.1079172654918E+03  -0.8942963905494E-01   0.1976078163842E+00   0.3841451633060E-01  -0.4934536554345E+03   0.4010538977618E+04  -0.4901872247803E+04  -0.1110646171522E+00  -0.3403264444150E+00   0.5389682924023E+00   0.7624668791716E+00
   0.1641000000000E+02   0.4999456366357E+03   0.3492382934107E+00   0.1079167428504E+03  -0.8942744288572E-01   0.1975932700143E+00   0.3841500207063E-01  -0.4978595879260E+03   0.4008657331349E+04  -0.4903663031662E+04  -0.1118956761585E+00  -0.3409263738174E+00   0.5385826697503E+00   0.7623498364513E+00
   0.1642000000000E+02   0.4999343152950E+03   0.3492683826334E+00   0.1079162182111E+03  -0.8942524553493E-01   0.1975787214459E+00   0.3841548927406E-01  -0.5022612551002E+03   0.4006766095802E+04  -0.4905453883950E+04  -0.1127265583808E+00  -0.3415258341774E+00   0.5381964111921E+00   0.7622318876858E+00
   0.1643000000000E+02   0.4999229858178E+03   0.3492985321716E+00   0.1079156915744E+03  -0.8942304700284E-01   0.1975641706813E+00   0.3841597794263E-01  -0.5066586362518E+03   0.4004865281240E+04  -0.4907244804663E+04  -0.1135572628476E+00  -0.3421248248268E+00   0.5378095173472E+00   0.7621130331798E+00
   0.1644000000000E+02   0.4999116482075E+03   0.3493287420525E+00   0.1079151629409E+03  -0.8942084728970E-01   0.1975496177228E+00   0.3841646807811E-01  -0.5110517107014E+03   0.4002954897971E+04  -0.4909035793796E+04  -0.1143877885876E+00  -0.3427233450987E+00   0.5374219888357E+00   0.7619932732395E+00
   0.1645000000000E+02   0.4999003024673E+03   0.3493590123030E+00   0.1079146323108E+03  -0.8941864639578E-01   0.1975350625726E+00   0.3841695968224E-01  -0.5154404577957E+03   0.4001034956347E+04  -0.4910826851343E+04  -0.1152181346303E+00  -0.3433213943267E+00   0.5370338262784E+00   0.7618726081719E+00
   0.1646000000000E+02   0.4998889486004E+03   0.3493893429498E+00   0.1079140996847E+03  -0.8941644432135E-01   0.1975205052331E+00   0.3841745275677E-01  -0.5198248569076E+03   0.3999105466766E+04  -0.4912617977300E+04  -0.1160483000055E+00  -0.3439189718454E+00   0.5366450302967E+00   0.7617510382851E+00
   0.1647000000000E+02   0.4998775866101E+03   0.3494197340197E+00   0.1079135650631E+03  -0.8941424106668E-01   0.1975059457064E+00   0.3841794730344E-01  -0.5242048874360E+03   0.3997166439667E+04  -0.4914409171660E+04  -0.1168782837436E+00  -0.3445160769902E+00   0.5362556015129E+00   0.7616285638883E+00
   0.1648000000000E+02   0.4998662164999E+03   0.3494501855390E+00   0.1079130284464E+03  -0.8941203663204E-01   0.1974913839949E+00   0.3841844332399E-01  -0.5285805288065E+03   0.3995217885536E+04  -0.4916200434417E+04  -0.1177080848757E+00  -0.3451127090974E+00   0.5358655405495E+00   0.7615051852916E+00
   0.1649000000000E+02   0.4998548382729E+03   0.3494806975341E+00   0.1079124898351E+03  -0.8940983101770E-01   0.1974768201010E+00   0.3841894082014E-01  -0.5329517604710E+03   0.3993259814899E+04  -0.4917991765564E+04  -0.1185377024332E+00  -0.3457088675040E+00   0.5354748480302E+00   0.7613809028062E+00
   0.1650000000000E+02   0.4998434519327E+03   0.3495112700312E+00   0.1079119492297E+03  -0.8940762422394E-01   0.1974622540267E+00   0.3841943979363E-01  -0.5373185619078E+03   0.3991292238330E+04  -0.4919783165094E+04  -0.1193671354482E+00  -0.3463045515481E+00   0.5350835245789E+00   0.7612557167445E+00
   0.1651000000000E+02   0.4998320574824E+03   0.3495419030561E+00   0.1079114066307E+03  -0.8940541625104E-01   0.1974476857746E+00   0.3841994024618E-01  -0.5416809126222E+03   0.3989315166444E+04  -0.4921574633000E+04  -0.1201963829532E+00  -0.3468997605685E+00   0.5346915708204E+00   0.7611296274198E+00
   0.1652000000000E+02   0.4998206549257E+03   0.3495725966347E+00   0.1079108620386E+03  -0.8940320709929E-01   0.1974331153468E+00   0.3842044217950E-01  -0.5460387921459E+03   0.3987328609902E+04  -0.4923366169273E+04  -0.1210254439816E+00  -0.3474944939047E+00   0.5342989873800E+00   0.7610026351463E+00
   0.1653000000000E+02   0.4998092442658E+03   0.3496033507927E+00   0.1079103154539E+03  -0.8940099676896E-01   0.1974185427456E+00   0.3842094559531E-01  -0.5503921800374E+03   0.3985332579407E+04  -0.4925157773906E+04  -0.1218543175668E+00  -0.3480887508974E+00   0.5339057748839E+00   0.7608747402396E+00
   0.1654000000000E+02   0.4997978255063E+03   0.3496341655556E+00   0.1079097668771E+03  -0.8939878526034E-01   0.1974039679735E+00   0.3842145049532E-01  -0.5547410558824E+03   0.3983327085706E+04  -0.4926949446890E+04  -0.1226830027431E+00  -0.3486825308878E+00   0.5335119339587E+00   0.7607459430160E+00
   0.1655000000000E+02   0.4997863986505E+03   0.3496650409487E+00   0.1079092163087E+03  -0.8939657257372E-01   0.1973893910325E+00   0.3842195688123E-01  -0.5590853992933E+03   0.3981312139589E+04  -0.4928741188217E+04  -0.1235114985453E+00  -0.3492758332182E+00   0.5331174652317E+00   0.7606162437930E+00
   0.1656000000000E+02   0.4997749637020E+03   0.3496959769973E+00   0.1079086637492E+03  -0.8939435870940E-01   0.1973748119252E+00   0.3842246475474E-01  -0.5634251899098E+03   0.3979287751890E+04  -0.4930532997876E+04  -0.1243398040087E+00  -0.3498686572316E+00   0.5327223693309E+00   0.7604856428892E+00
   0.1657000000000E+02   0.4997635206642E+03   0.3497269737262E+00   0.1079081091992E+03  -0.8939214366766E-01   0.1973602306537E+00   0.3842297411755E-01  -0.5677604073986E+03   0.3977253933487E+04  -0.4932324875860E+04  -0.1251679181691E+00  -0.3504610022720E+00   0.5323266468850E+00   0.7603541406239E+00
   0.1658000000000E+02   0.4997520695407E+03   0.3497580311605E+00   0.1079075526592E+03  -0.8938992744881E-01   0.1973456472204E+00   0.3842348497134E-01  -0.5720910314538E+03   0.3975210695300E+04  -0.4934116822156E+04  -0.1259958400630E+00  -0.3510528676840E+00   0.5319302985231E+00   0.7602217373179E+00
   0.1659000000000E+02   0.4997406103350E+03   0.3497891493247E+00   0.1079069941297E+03  -0.8938771005314E-01   0.1973310616276E+00   0.3842399731781E-01  -0.5764170417970E+03   0.3973158048294E+04  -0.4935908836756E+04  -0.1268235687273E+00  -0.3516442528134E+00   0.5315333248754E+00   0.7600884332928E+00
   0.1660000000000E+02   0.4997291430507E+03   0.3498203282434E+00   0.1079064336112E+03  -0.8938549148095E-01   0.1973164738776E+00   0.3842451115862E-01  -0.5807384181769E+03   0.3971096003474E+04  -0.4937700919649E+04  -0.1276511031995E+00  -0.3522351570067E+00   0.5311357265722E+00   0.7599542288711E+00
   0.1661000000000E+02   0.4997176676914E+03   0.3498515679410E+00   0.1079058711044E+03  -0.8938327173254E-01   0.1973018839727E+00   0.3842502649547E-01  -0.5850551403700E+03   0.3969024571892E+04  -0.4939493070822E+04  -0.1284784425177E+00  -0.3528255796110E+00   0.5307375042449E+00   0.7598191243765E+00
   0.1662000000000E+02   0.4997061842605E+03   0.3498828684416E+00   0.1079053066097E+03  -0.8938105080824E-01   0.1972872919153E+00   0.3842554333002E-01  -0.5893671881804E+03   0.3966943764641E+04  -0.4941285290267E+04  -0.1293055857204E+00  -0.3534155199747E+00   0.5303386585252E+00   0.7596831201338E+00
   0.1663000000000E+02   0.4996946927619E+03   0.3499142297694E+00   0.1079047401277E+03  -0.8937882870833E-01   0.1972726977076E+00   0.3842606166394E-01  -0.5936745414399E+03   0.3964853592855E+04  -0.4943077577969E+04  -0.1301325318469E+00  -0.3540049774467E+00   0.5299391900456E+00   0.7595462164687E+00
   0.1664000000000E+02   0.4996831931991E+03   0.3499456519482E+00   0.1079041716591E+03  -0.8937660543314E-01   0.1972581013521E+00   0.3842658149890E-01  -0.5979771800082E+03   0.3962754067715E+04  -0.4944869933918E+04  -0.1309592799368E+00  -0.3545939513770E+00   0.5295390994393E+00   0.7594084137079E+00
   0.1665000000000E+02   0.4996716855757E+03   0.3499771350018E+00   0.1079036012042E+03  -0.8937438098297E-01   0.1972435028509E+00   0.3842710283654E-01  -0.6022750837726E+03   0.3960645200443E+04  -0.4946662358100E+04  -0.1317858290304E+00  -0.3551824411163E+00   0.5291383873399E+00   0.7592697121792E+00
   0.1666000000000E+02   0.4996601698955E+03   0.3500086789535E+00   0.1079030287638E+03  -0.8937215535815E-01   0.1972289022066E+00   0.3842762567852E-01  -0.6065682326489E+03   0.3958527002302E+04  -0.4948454850504E+04  -0.1326121781685E+00  -0.3557704460162E+00   0.5287370543820E+00   0.7591301122115E+00
   0.1667000000000E+02   0.4996486461621E+03   0.3500402838269E+00   0.1079024543384E+03  -0.8936992855899E-01   0.1972142994213E+00   0.3842815002650E-01  -0.6108566065806E+03   0.3956399484600E+04  -0.4950247411115E+04  -0.1334383263926E+00  -0.3563579654292E+00   0.5283351012005E+00   0.7589896141346E+00
   0.1668000000000E+02   0.4996371143793E+03   0.3500719496452E+00   0.1079018779285E+03  -0.8936770058582E-01   0.1971996944974E+00   0.3842867588211E-01  -0.6151401855395E+03   0.3954262658686E+04  -0.4952040039920E+04  -0.1342642727444E+00  -0.3569449987087E+00   0.5279325284311E+00   0.7588482182793E+00
   0.1669000000000E+02   0.4996255745508E+03   0.3501036764314E+00   0.1079012995349E+03  -0.8936547143896E-01   0.1971850874373E+00   0.3842920324700E-01  -0.6194189495257E+03   0.3952116535953E+04  -0.4953832736906E+04  -0.1350900162667E+00  -0.3575315452087E+00   0.5275293367101E+00   0.7587059249775E+00
   0.1670000000000E+02   0.4996140266804E+03   0.3501354642084E+00   0.1079007191580E+03  -0.8936324111873E-01   0.1971704782433E+00   0.3842973212280E-01  -0.6236928785675E+03   0.3949961127836E+04  -0.4955625502058E+04  -0.1359155560023E+00  -0.3581176042845E+00   0.5271255266743E+00   0.7585627345622E+00
   0.1671000000000E+02   0.4996024707717E+03   0.3501673129988E+00   0.1079001367984E+03  -0.8936100962546E-01   0.1971558669178E+00   0.3843026251114E-01  -0.6279619527218E+03   0.3947796445811E+04  -0.4957418335361E+04  -0.1367408909950E+00  -0.3587031752918E+00   0.5267210989614E+00   0.7584186473673E+00
   0.1672000000000E+02   0.4995909068288E+03   0.3501992228253E+00   0.1078995524569E+03  -0.8935877695949E-01   0.1971412534630E+00   0.3843079441365E-01  -0.6322261520741E+03   0.3945622501398E+04  -0.4959211236800E+04  -0.1375660202888E+00  -0.3592882575875E+00   0.5263160542094E+00   0.7582736637277E+00
   0.1673000000000E+02   0.4995793348552E+03   0.3502311937101E+00   0.1078989661339E+03  -0.8935654312116E-01   0.1971266378814E+00   0.3843132783194E-01  -0.6364854567383E+03   0.3943439306159E+04  -0.4961004206361E+04  -0.1383909429286E+00  -0.3598728505292E+00   0.5259103930574E+00   0.7581277839794E+00
   0.1674000000000E+02   0.4995677548550E+03   0.3502632256756E+00   0.1078983778302E+03  -0.8935430811079E-01   0.1971120201752E+00   0.3843186276763E-01  -0.6407398468571E+03   0.3941246871696E+04  -0.4962797244026E+04  -0.1392156579597E+00  -0.3604569534753E+00   0.5255041161445E+00   0.7579810084595E+00
   0.1675000000000E+02   0.4995561668319E+03   0.3502953187436E+00   0.1078977875462E+03  -0.8935207192873E-01   0.1970974003469E+00   0.3843239922234E-01  -0.6449893026020E+03   0.3939045209656E+04  -0.4964590349781E+04  -0.1400401644279E+00  -0.3610405657854E+00   0.5250972241110E+00   0.7578333375059E+00
   0.1676000000000E+02   0.4995445707898E+03   0.3503274729362E+00   0.1078971952827E+03  -0.8934983457532E-01   0.1970827783988E+00   0.3843293719766E-01  -0.6492338041736E+03   0.3936834331727E+04  -0.4966383523609E+04  -0.1408644613797E+00  -0.3616236868195E+00   0.5246897175974E+00   0.7576847714577E+00
   0.1677000000000E+02   0.4995329667327E+03   0.3503596882748E+00   0.1078966010403E+03  -0.8934759605090E-01   0.1970681543332E+00   0.3843347669521E-01  -0.6534733318010E+03   0.3934614249639E+04  -0.4968176765493E+04  -0.1416885478621E+00  -0.3622063159388E+00   0.5242815972451E+00   0.7575353106548E+00
   0.1678000000000E+02   0.4995213546644E+03   0.3503919647811E+00   0.1078960048197E+03  -0.8934535635583E-01   0.1970535281525E+00   0.3843401771658E-01  -0.6577078657427E+03   0.3932384975162E+04  -0.4969970075415E+04  -0.1425124229227E+00  -0.3627884525052E+00   0.5238728636960E+00   0.7573849554385E+00
   0.1679000000000E+02   0.4995097345888E+03   0.3504243024764E+00   0.1078954066214E+03  -0.8934311549044E-01   0.1970388998591E+00   0.3843456026336E-01  -0.6619373862864E+03   0.3930146520110E+04  -0.4971763453359E+04  -0.1433360856096E+00  -0.3633700958815E+00   0.5234635175926E+00   0.7572337061507E+00
   0.1680000000000E+02   0.4994981065100E+03   0.3504567013818E+00   0.1078948064461E+03  -0.8934087345510E-01   0.1970242694554E+00   0.3843510433714E-01  -0.6661618737487E+03   0.3927898896339E+04  -0.4973556899306E+04  -0.1441595349715E+00  -0.3639512454315E+00   0.5230535595781E+00   0.7570815631346E+00
   0.1681000000000E+02   0.4994864704319E+03   0.3504891615183E+00   0.1078942042945E+03  -0.8933863025016E-01   0.1970096369436E+00   0.3843564993950E-01  -0.6703813084759E+03   0.3925642115744E+04  -0.4975350413238E+04  -0.1449827700577E+00  -0.3645319005197E+00   0.5226429902963E+00   0.7569285267342E+00
   0.1682000000000E+02   0.4994748263585E+03   0.3505216829067E+00   0.1078936001672E+03  -0.8933638587598E-01   0.1969950023262E+00   0.3843619707203E-01  -0.6745956708434E+03   0.3923376190265E+04  -0.4977143995136E+04  -0.1458057899182E+00  -0.3651120605115E+00   0.5222318103915E+00   0.7567745972947E+00
   0.1683000000000E+02   0.4994631742938E+03   0.3505542655675E+00   0.1078929940649E+03  -0.8933414033291E-01   0.1969803656055E+00   0.3843674573628E-01  -0.6788049412563E+03   0.3921101131880E+04  -0.4978937644983E+04  -0.1466285936032E+00  -0.3656917247732E+00   0.5218200205088E+00   0.7566197751622E+00
   0.1684000000000E+02   0.4994515142419E+03   0.3505869095213E+00   0.1078923859883E+03  -0.8933189362132E-01   0.1969657267840E+00   0.3843729593384E-01  -0.6830091001491E+03   0.3918816952612E+04  -0.4980731362757E+04  -0.1474511801639E+00  -0.3662708926720E+00   0.5214076212937E+00   0.7564640606839E+00
   0.1685000000000E+02   0.4994398462068E+03   0.3506196147883E+00   0.1078917759380E+03  -0.8932964574158E-01   0.1969510858639E+00   0.3843784766627E-01  -0.6872081279862E+03   0.3916523664521E+04  -0.4982525148440E+04  -0.1482735486518E+00  -0.3668495635759E+00   0.5209946133926E+00   0.7563074542078E+00
   0.1686000000000E+02   0.4994281701925E+03   0.3506523813885E+00   0.1078911639148E+03  -0.8932739669404E-01   0.1969364428477E+00   0.3843840093512E-01  -0.6914020052616E+03   0.3914221279713E+04  -0.4984319002011E+04  -0.1490956981192E+00  -0.3674277368537E+00   0.5205809974522E+00   0.7561499560832E+00
   0.1687000000000E+02   0.4994164862032E+03   0.3506852093419E+00   0.1078905499193E+03  -0.8932514647910E-01   0.1969217977377E+00   0.3843895574195E-01  -0.6955907124990E+03   0.3911909810331E+04  -0.4986112923451E+04  -0.1499176276186E+00  -0.3680054118753E+00   0.5201667741199E+00   0.7559915666602E+00
   0.1688000000000E+02   0.4994047942431E+03   0.3507180986681E+00   0.1078899339522E+03  -0.8932289509710E-01   0.1969071505364E+00   0.3843951208831E-01  -0.6997742302523E+03   0.3909589268562E+04  -0.4987906912737E+04  -0.1507393362035E+00  -0.3685825880113E+00   0.5197519440439E+00   0.7558322862900E+00
   0.1689000000000E+02   0.4993930943161E+03   0.3507510493866E+00   0.1078893160142E+03  -0.8932064254844E-01   0.1968925012461E+00   0.3844006997575E-01  -0.7039525391053E+03   0.3907259666633E+04  -0.4989700969850E+04  -0.1515608229277E+00  -0.3691592646332E+00   0.5193365078729E+00   0.7556721153247E+00
   0.1690000000000E+02   0.4993813864265E+03   0.3507840615169E+00   0.1078886961060E+03  -0.8931838883349E-01   0.1968778498691E+00   0.3844062940580E-01  -0.7081256196718E+03   0.3904921016811E+04  -0.4991495094768E+04  -0.1523820868458E+00  -0.3697354411134E+00   0.5189204662560E+00   0.7555110541176E+00
   0.1691000000000E+02   0.4993696705785E+03   0.3508171350779E+00   0.1078880742283E+03  -0.8931613395263E-01   0.1968631964080E+00   0.3844119038000E-01  -0.7122934525958E+03   0.3902573331406E+04  -0.4993289287468E+04  -0.1532031270127E+00  -0.3703111168251E+00   0.5185038198431E+00   0.7553491030228E+00
   0.1692000000000E+02   0.4993579467762E+03   0.3508502700887E+00   0.1078874503819E+03  -0.8931387790624E-01   0.1968485408650E+00   0.3844175289988E-01  -0.7164560185517E+03   0.3900216622766E+04  -0.4995083547929E+04  -0.1540239424842E+00  -0.3708862911425E+00   0.5180865692848E+00   0.7551862623955E+00
   0.1693000000000E+02   0.4993462150239E+03   0.3508834665681E+00   0.1078868245674E+03  -0.8931162069472E-01   0.1968338832426E+00   0.3844231696696E-01  -0.7206132982442E+03   0.3897850903283E+04  -0.4996877876128E+04  -0.1548445323165E+00  -0.3714609634405E+00   0.5176687152321E+00   0.7550225325919E+00
   0.1694000000000E+02   0.4993344753258E+03   0.3509167245346E+00   0.1078861967857E+03  -0.8930936231844E-01   0.1968192235432E+00   0.3844288258277E-01  -0.7247652724082E+03   0.3895476185387E+04  -0.4998672272042E+04  -0.1556648955663E+00  -0.3720351330951E+00   0.5172502583366E+00   0.7548579139692E+00
   0.1695000000000E+02   0.4993227276861E+03   0.3509500440066E+00   0.1078855670373E+03  -0.8930710277779E-01   0.1968045617692E+00   0.3844344974883E-01  -0.7289119218095E+03   0.3893092481549E+04  -0.5000466735648E+04  -0.1564850312911E+00  -0.3726087994830E+00   0.5168311992508E+00   0.7546924068855E+00
   0.1696000000000E+02   0.4993109721091E+03   0.3509834250022E+00   0.1078849353231E+03  -0.8930484207318E-01   0.1967898979229E+00   0.3844401846663E-01  -0.7330532272441E+03   0.3890699804282E+04  -0.5002261266922E+04  -0.1573049385489E+00  -0.3731819619818E+00   0.5164115386274E+00   0.7545260117001E+00
   0.1697000000000E+02   0.4992992085991E+03   0.3510168675396E+00   0.1078843016437E+03  -0.8930258020500E-01   0.1967752320068E+00   0.3844458873770E-01  -0.7371891695390E+03   0.3888298166138E+04  -0.5004055865840E+04  -0.1581246163982E+00  -0.3737546199700E+00   0.5159912771199E+00   0.7543587287731E+00
   0.1698000000000E+02   0.4992874371604E+03   0.3510503716364E+00   0.1078836660000E+03  -0.8930031717364E-01   0.1967605640232E+00   0.3844516056352E-01  -0.7413197295518E+03   0.3885887579710E+04  -0.5005850532377E+04  -0.1589440638983E+00  -0.3743267728269E+00   0.5155704153825E+00   0.7541905584657E+00
   0.1699000000000E+02   0.4992756577974E+03   0.3510839373104E+00   0.1078830283927E+03  -0.8929805297951E-01   0.1967458939747E+00   0.3844573394560E-01  -0.7454448881711E+03   0.3883468057630E+04  -0.5007645266510E+04  -0.1597632801087E+00  -0.3748984199330E+00   0.5151489540697E+00   0.7540215011401E+00
   0.1700000000000E+02   0.4992638705144E+03   0.3511175645788E+00   0.1078823888226E+03  -0.8929578762301E-01   0.1967312218635E+00   0.3844630888543E-01  -0.7495646263161E+03   0.3881039612571E+04  -0.5009440068213E+04  -0.1605822640900E+00  -0.3754695606691E+00   0.5147268938368E+00   0.7538515571595E+00
   0.1701000000000E+02   0.4992520753157E+03   0.3511512534590E+00   0.1078817472903E+03  -0.8929352110455E-01   0.1967165476922E+00   0.3844688538449E-01  -0.7536789249374E+03   0.3878602257248E+04  -0.5011234937460E+04  -0.1614010149030E+00  -0.3760401944175E+00   0.5143042353397E+00   0.7536807268880E+00
   0.1702000000000E+02   0.4992402722058E+03   0.3511850039679E+00   0.1078811037967E+03  -0.8929125342453E-01   0.1967018714631E+00   0.3844746344427E-01  -0.7577877650165E+03   0.3876156004413E+04  -0.5013029874225E+04  -0.1622195316093E+00  -0.3766103205609E+00   0.5138809792348E+00   0.7535090106907E+00
   0.1703000000000E+02   0.4992284611891E+03   0.3512188161224E+00   0.1078804583426E+03  -0.8928898458337E-01   0.1966871931786E+00   0.3844804306624E-01  -0.7618911275661E+03   0.3873700866859E+04  -0.5014824878483E+04  -0.1630378132710E+00  -0.3771799384832E+00   0.5134571261793E+00   0.7533364089339E+00
   0.1704000000000E+02   0.4992166422699E+03   0.3512526899390E+00   0.1078798109287E+03  -0.8928671458147E-01   0.1966725128411E+00   0.3844862425188E-01  -0.7659889936301E+03   0.3871236857419E+04  -0.5016619950207E+04  -0.1638558589507E+00  -0.3777490475689E+00   0.5130326768305E+00   0.7531629219846E+00
   0.1705000000000E+02   0.4992048154528E+03   0.3512866254343E+00   0.1078791615559E+03  -0.8928444341926E-01   0.1966578304532E+00   0.3844920700265E-01  -0.7700813442839E+03   0.3868763988967E+04  -0.5018415089370E+04  -0.1646736677119E+00  -0.3783176472036E+00   0.5126076318469E+00   0.7529885502110E+00
   0.1706000000000E+02   0.4991929807422E+03   0.3513206226243E+00   0.1078785102248E+03  -0.8928217109716E-01   0.1966431460171E+00   0.3844979132000E-01  -0.7741681606342E+03   0.3866282274414E+04  -0.5020210295945E+04  -0.1654912386184E+00  -0.3788857367738E+00   0.5121819918872E+00   0.7528132939823E+00
   0.1707000000000E+02   0.4991811381426E+03   0.3513546815252E+00   0.1078778569364E+03  -0.8927989761557E-01   0.1966284595353E+00   0.3845037720541E-01  -0.7782494238192E+03   0.3863791726713E+04  -0.5022005569904E+04  -0.1663085707347E+00  -0.3794533156666E+00   0.5117557576107E+00   0.7526371536684E+00
   0.1708000000000E+02   0.4991692876585E+03   0.3513888021527E+00   0.1078772016913E+03  -0.8927762297494E-01   0.1966137710104E+00   0.3845096466032E-01  -0.7823251150088E+03   0.3861292358856E+04  -0.5023800911219E+04  -0.1671256631260E+00  -0.3800203832703E+00   0.5113289296775E+00   0.7524601296405E+00
   0.1709000000000E+02   0.4991574292944E+03   0.3514229845225E+00   0.1078765444905E+03  -0.8927534717567E-01   0.1965990804445E+00   0.3845155368618E-01  -0.7863952154045E+03   0.3858784183873E+04  -0.5025596319862E+04  -0.1679425148578E+00  -0.3805869389738E+00   0.5109015087481E+00   0.7522822222708E+00
   0.1710000000000E+02   0.4991455630549E+03   0.3514572286499E+00   0.1078758853347E+03  -0.8927307021821E-01   0.1965843878404E+00   0.3845214428443E-01  -0.7904597062395E+03   0.3856267214835E+04  -0.5027391795804E+04  -0.1687591249967E+00  -0.3811529821673E+00   0.5104734954836E+00   0.7521034319322E+00
   0.1711000000000E+02   0.4991336889445E+03   0.3514915345501E+00   0.1078752242248E+03  -0.8927079210297E-01   0.1965696932002E+00   0.3845273645650E-01  -0.7945185687788E+03   0.3853741464852E+04  -0.5029187339016E+04  -0.1695754926093E+00  -0.3817185122413E+00   0.5100448905457E+00   0.7519237589987E+00
   0.1712000000000E+02   0.4991218069678E+03   0.3515259022382E+00   0.1078745611615E+03  -0.8926851283040E-01   0.1965549965265E+00   0.3845333020384E-01  -0.7985717843196E+03   0.3851206947074E+04  -0.5030982949468E+04  -0.1703916167634E+00  -0.3822835285877E+00   0.5096156945967E+00   0.7517432038456E+00
   0.1713000000000E+02   0.4991099171295E+03   0.3515603317289E+00   0.1078738961456E+03  -0.8926623240093E-01   0.1965402978218E+00   0.3845392552785E-01  -0.8026193341907E+03   0.3848663674687E+04  -0.5032778627132E+04  -0.1712074965269E+00  -0.3828480305991E+00   0.5091859082995E+00   0.7515617668486E+00
   0.1714000000000E+02   0.4990980194341E+03   0.3515948230368E+00   0.1078732291782E+03  -0.8926395081499E-01   0.1965255970884E+00   0.3845452242998E-01  -0.8066611997532E+03   0.3846111660920E+04  -0.5034574371976E+04  -0.1720231309686E+00  -0.3834120176689E+00   0.5087555323175E+00   0.7513794483849E+00
   0.1715000000000E+02   0.4990861138863E+03   0.3516293761762E+00   0.1078725602599E+03  -0.8926166807303E-01   0.1965108943288E+00   0.3845512091163E-01  -0.8106973624004E+03   0.3843550919039E+04  -0.5036370183971E+04  -0.1728385191578E+00  -0.3839754891914E+00   0.5083245673147E+00   0.7511962488324E+00
   0.1716000000000E+02   0.4990742004907E+03   0.3516639911614E+00   0.1078718893916E+03  -0.8925938417549E-01   0.1964961895455E+00   0.3845572097421E-01  -0.8147278035576E+03   0.3840981462348E+04  -0.5038166063085E+04  -0.1736536601644E+00  -0.3845384445619E+00   0.5078930139558E+00   0.7510121685701E+00
   0.1717000000000E+02   0.4990622792521E+03   0.3516986680062E+00   0.1078712165741E+03  -0.8925709912282E-01   0.1964814827408E+00   0.3845632261914E-01  -0.8187525046826E+03   0.3838403304193E+04  -0.5039962009287E+04  -0.1744685530590E+00  -0.3851008831765E+00   0.5074608729058E+00   0.7508272079778E+00
   0.1718000000000E+02   0.4990503501751E+03   0.3517334067245E+00   0.1078705418084E+03  -0.8925481291545E-01   0.1964667739173E+00   0.3845692584781E-01  -0.8227714472656E+03   0.3835816457954E+04  -0.5041758022545E+04  -0.1752831969128E+00  -0.3856628044323E+00   0.5070281448306E+00   0.7506413674366E+00
   0.1719000000000E+02   0.4990384132645E+03   0.3517682073296E+00   0.1078698650952E+03  -0.8925252555384E-01   0.1964520630774E+00   0.3845753066162E-01  -0.8267846128290E+03   0.3833220937055E+04  -0.5043554102829E+04  -0.1760975907974E+00  -0.3862242077271E+00   0.5065948303964E+00   0.7504546473283E+00
   0.1720000000000E+02   0.4990264685250E+03   0.3518030698351E+00   0.1078691864355E+03  -0.8925023703845E-01   0.1964373502236E+00   0.3845813706196E-01  -0.8307919829282E+03   0.3830616754955E+04  -0.5045350250105E+04  -0.1769117337852E+00  -0.3867850924597E+00   0.5061609302700E+00   0.7502670480357E+00
   0.1721000000000E+02   0.4990145159613E+03   0.3518379942538E+00   0.1078685058301E+03  -0.8924794736972E-01   0.1964226353582E+00   0.3845874505021E-01  -0.8347935391508E+03   0.3828003925151E+04  -0.5047146464340E+04  -0.1777256249493E+00  -0.3873454580298E+00   0.5057264451190E+00   0.7500785699427E+00
   0.1722000000000E+02   0.4990025555783E+03   0.3518729805988E+00   0.1078678232799E+03  -0.8924565654811E-01   0.1964079184838E+00   0.3845935462777E-01  -0.8387892631174E+03   0.3825382461182E+04  -0.5048942745503E+04  -0.1785392633632E+00  -0.3879053038380E+00   0.5052913756114E+00   0.7498892134341E+00
   0.1723000000000E+02   0.4989905873806E+03   0.3519080288828E+00   0.1078671387857E+03  -0.8924336457409E-01   0.1963931996029E+00   0.3845996579599E-01  -0.8427791364812E+03   0.3822752376622E+04  -0.5050739093558E+04  -0.1793526481010E+00  -0.3884646292856E+00   0.5048557224156E+00   0.7496989788957E+00
   0.1724000000000E+02   0.4989786113733E+03   0.3519431391181E+00   0.1078664523485E+03  -0.8924107144810E-01   0.1963784787178E+00   0.3846057855627E-01  -0.8467631409284E+03   0.3820113685085E+04  -0.5052535508474E+04  -0.1801657782377E+00  -0.3890234337752E+00   0.5044194862009E+00   0.7495078667143E+00
   0.1725000000000E+02   0.4989666275610E+03   0.3519783113170E+00   0.1078657639692E+03  -0.8923877717063E-01   0.1963637558310E+00   0.3846119290995E-01  -0.8507412581780E+03   0.3817466400223E+04  -0.5054331990215E+04  -0.1809786528487E+00  -0.3895817167097E+00   0.5039826676370E+00   0.7493158772775E+00
   0.1726000000000E+02   0.4989546359487E+03   0.3520135454917E+00   0.1078650736486E+03  -0.8923648174212E-01   0.1963490309451E+00   0.3846180885840E-01  -0.8547134699821E+03   0.3814810535724E+04  -0.5056128538747E+04  -0.1817912710099E+00  -0.3901394774935E+00   0.5035452673940E+00   0.7491230109740E+00
   0.1727000000000E+02   0.4989426365411E+03   0.3520488416538E+00   0.1078643813877E+03  -0.8923418516305E-01   0.1963343040624E+00   0.3846242640297E-01  -0.8586797581259E+03   0.3812146105317E+04  -0.5057925154036E+04  -0.1826036317981E+00  -0.3906967155316E+00   0.5031072861429E+00   0.7489292681936E+00
   0.1728000000000E+02   0.4989306293433E+03   0.3520841998150E+00   0.1078636871873E+03  -0.8923188743389E-01   0.1963195751855E+00   0.3846304554503E-01  -0.8626401044277E+03   0.3809473122767E+04  -0.5059721836046E+04  -0.1834157342906E+00  -0.3912534302297E+00   0.5026687245549E+00   0.7487346493268E+00
   0.1729000000000E+02   0.4989186143601E+03   0.3521196199866E+00   0.1078629910484E+03  -0.8922958855512E-01   0.1963048443168E+00   0.3846366628590E-01  -0.8665944907392E+03   0.3806791601878E+04  -0.5061518584741E+04  -0.1842275775651E+00  -0.3918096209948E+00   0.5022295833021E+00   0.7485391547652E+00
   0.1730000000000E+02   0.4989065915965E+03   0.3521551021800E+00   0.1078622929718E+03  -0.8922728852720E-01   0.1962901114588E+00   0.3846428862692E-01  -0.8705428989453E+03   0.3804101556491E+04  -0.5063315400087E+04  -0.1850391607004E+00  -0.3923652872344E+00   0.5017898630570E+00   0.7483427849014E+00
   0.1731000000000E+02   0.4988945610573E+03   0.3521906464059E+00   0.1078615929586E+03  -0.8922498735062E-01   0.1962753766139E+00   0.3846491256945E-01  -0.8744853109642E+03   0.3801403000485E+04  -0.5065112282046E+04  -0.1858504827754E+00  -0.3929204283573E+00   0.5013495644925E+00   0.7481455401290E+00
   0.1732000000000E+02   0.4988825227477E+03   0.3522262526752E+00   0.1078608910097E+03  -0.8922268502584E-01   0.1962606397847E+00   0.3846553811479E-01  -0.8784217087479E+03   0.3798695947776E+04  -0.5066909230582E+04  -0.1866615428700E+00  -0.3934750437728E+00   0.5009086882823E+00   0.7479474208423E+00
   0.1733000000000E+02   0.4988704766725E+03   0.3522619209984E+00   0.1078601871259E+03  -0.8922038155337E-01   0.1962459009737E+00   0.3846616526428E-01  -0.8823520742816E+03   0.3795980412318E+04  -0.5068706245658E+04  -0.1874723400646E+00  -0.3940291328914E+00   0.5004672351005E+00   0.7477484274370E+00
   0.1734000000000E+02   0.4988584228368E+03   0.3522976513857E+00   0.1078594813083E+03  -0.8921807693367E-01   0.1962311601832E+00   0.3846679401923E-01  -0.8862763895844E+03   0.3793256408104E+04  -0.5070503327237E+04  -0.1882828734401E+00  -0.3945826951243E+00   0.5000252056218E+00   0.7475485603093E+00
   0.1735000000000E+02   0.4988463612456E+03   0.3523334438473E+00   0.1078587735577E+03  -0.8921577116724E-01   0.1962164174158E+00   0.3846742438096E-01  -0.8901946367090E+03   0.3790523949161E+04  -0.5072300475281E+04  -0.1890931420782E+00  -0.3951357298837E+00   0.4995826005216E+00   0.7473478198566E+00
   0.1736000000000E+02   0.4988342919040E+03   0.3523692983931E+00   0.1078580638751E+03  -0.8921346425455E-01   0.1962016726741E+00   0.3846805635077E-01  -0.8941067977418E+03   0.3787783049555E+04  -0.5074097689753E+04  -0.1899031450611E+00  -0.3956882365825E+00   0.4991394204755E+00   0.7471462064773E+00
   0.1737000000000E+02   0.4988222148169E+03   0.3524052150326E+00   0.1078573522616E+03  -0.8921115619611E-01   0.1961869259603E+00   0.3846868992997E-01  -0.8980128548033E+03   0.3785033723390E+04  -0.5075894970613E+04  -0.1907128814718E+00  -0.3962402146349E+00   0.4986956661600E+00   0.7469437205707E+00
   0.1738000000000E+02   0.4988101299896E+03   0.3524411937754E+00   0.1078566387179E+03  -0.8920884699241E-01   0.1961721772771E+00   0.3846932511985E-01  -0.9019127900476E+03   0.3782275984806E+04  -0.5077692317823E+04  -0.1915223503937E+00  -0.3967916634556E+00   0.4982513382519E+00   0.7467403625371E+00
   0.1739000000000E+02   0.4987980374271E+03   0.3524772346306E+00   0.1078559232452E+03  -0.8920653664394E-01   0.1961574266270E+00   0.3846996192171E-01  -0.9058065856630E+03   0.3779509847980E+04  -0.5079489731344E+04  -0.1923315509110E+00  -0.3973425824603E+00   0.4978064374288E+00   0.7465361327775E+00
   0.1740000000000E+02   0.4987859371346E+03   0.3525133376072E+00   0.1078552058443E+03  -0.8920422515119E-01   0.1961426740124E+00   0.3847060033683E-01  -0.9096942238719E+03   0.3776735327126E+04  -0.5081287211137E+04  -0.1931404821084E+00  -0.3978929710658E+00   0.4973609643685E+00   0.7463310316943E+00
   0.1741000000000E+02   0.4987738291171E+03   0.3525495027141E+00   0.1078544865164E+03  -0.8920191251467E-01   0.1961279194359E+00   0.3847124036650E-01  -0.9135756869309E+03   0.3773952436496E+04  -0.5083084757161E+04  -0.1939491430714E+00  -0.3984428286895E+00   0.4969149197496E+00   0.7461250596904E+00
   0.1742000000000E+02   0.4987617133799E+03   0.3525857299597E+00   0.1078537652622E+03  -0.8919959873488E-01   0.1961131628999E+00   0.3847188201198E-01  -0.9174509571306E+03   0.3771161190377E+04  -0.5084882369377E+04  -0.1947575328860E+00  -0.3989921547499E+00   0.4964683042512E+00   0.7459182171701E+00
   0.1743000000000E+02   0.4987495899281E+03   0.3526220193525E+00   0.1078530420829E+03  -0.8919728381232E-01   0.1960984044069E+00   0.3847252527455E-01  -0.9213200167962E+03   0.3768361603094E+04  -0.5086680047744E+04  -0.1955656506388E+00  -0.3995409486664E+00   0.4960211185529E+00   0.7457105045382E+00
   0.1744000000000E+02   0.4987374587669E+03   0.3526583709005E+00   0.1078523169794E+03  -0.8919496774750E-01   0.1960836439594E+00   0.3847317015548E-01  -0.9251828482870E+03   0.3765553689007E+04  -0.5088477792222E+04  -0.1963734954171E+00  -0.4000892098591E+00   0.4955733633348E+00   0.7455019222008E+00
   0.1745000000000E+02   0.4987253199016E+03   0.3526947846116E+00   0.1078515899527E+03  -0.8919265054092E-01   0.1960688815600E+00   0.3847381665602E-01  -0.9290394339970E+03   0.3762737462515E+04  -0.5090275602768E+04  -0.1971810663089E+00  -0.4006369377492E+00   0.4951250392777E+00   0.7452924705648E+00
   0.1746000000000E+02   0.4987131733373E+03   0.3527312604936E+00   0.1078508610039E+03  -0.8919033219309E-01   0.1960541172111E+00   0.3847446477742E-01  -0.9328897563545E+03   0.3759912938051E+04  -0.5092073479342E+04  -0.1979883624028E+00  -0.4011841317587E+00   0.4946761470627E+00   0.7450821500380E+00
   0.1747000000000E+02   0.4987010190794E+03   0.3527677985539E+00   0.1078501301339E+03  -0.8918801270454E-01   0.1960393509153E+00   0.3847511452094E-01  -0.9367337978227E+03   0.3757080130085E+04  -0.5093871421902E+04  -0.1987953827879E+00  -0.4017307913106E+00   0.4942266873716E+00   0.7448709610294E+00
   0.1748000000000E+02   0.4986888571331E+03   0.3528043987998E+00   0.1078493973437E+03  -0.8918569207576E-01   0.1960245826751E+00   0.3847576588782E-01  -0.9405715408990E+03   0.3754239053124E+04  -0.5095669430404E+04  -0.1996021265540E+00  -0.4022769158287E+00   0.4937766608868E+00   0.7446589039486E+00
   0.1749000000000E+02   0.4986766875038E+03   0.3528410612382E+00   0.1078486626345E+03  -0.8918337030728E-01   0.1960098124929E+00   0.3847641887930E-01  -0.9444029681160E+03   0.3751389721710E+04  -0.5097467504808E+04  -0.2004085927916E+00  -0.4028225047378E+00   0.4933260682910E+00   0.7444459792064E+00
   0.1750000000000E+02   0.4986645101966E+03   0.3528777858761E+00   0.1078479260071E+03  -0.8918104739962E-01   0.1959950403713E+00   0.3847707349660E-01  -0.9482280620410E+03   0.3748532150423E+04  -0.5099265645069E+04  -0.2012147805920E+00  -0.4033675574634E+00   0.4928749102676E+00   0.7442321872145E+00
   0.1751000000000E+02   0.4986523252171E+03   0.3529145727199E+00   0.1078471874627E+03  -0.8917872335330E-01   0.1959802663128E+00   0.3847772974096E-01  -0.9520468052760E+03   0.3745666353877E+04  -0.5101063851144E+04  -0.2020206890467E+00  -0.4039120734322E+00   0.4924231875005E+00   0.7440175283854E+00
   0.1752000000000E+02   0.4986401325704E+03   0.3529514217761E+00   0.1078464470022E+03  -0.8917639816883E-01   0.1959654903199E+00   0.3847838761360E-01  -0.9558591804581E+03   0.3742792346722E+04  -0.5102862122990E+04  -0.2028263172482E+00  -0.4044560520716E+00   0.4919709006740E+00   0.7438020031327E+00
   0.1753000000000E+02   0.4986279322621E+03   0.3529883330509E+00   0.1078457046267E+03  -0.8917407184676E-01   0.1959507123951E+00   0.3847904711573E-01  -0.9596651702596E+03   0.3739910143646E+04  -0.5104660460562E+04  -0.2036316642895E+00  -0.4049994928099E+00   0.4915180504733E+00   0.7435856118709E+00
   0.1754000000000E+02   0.4986157242974E+03   0.3530253065502E+00   0.1078449603373E+03  -0.8917174438759E-01   0.1959359325410E+00   0.3847970824856E-01  -0.9634647573875E+03   0.3737019759369E+04  -0.5106458863817E+04  -0.2044367292643E+00  -0.4055423950764E+00   0.4910646375836E+00   0.7433683550154E+00
   0.1755000000000E+02   0.4986035086818E+03   0.3530623422796E+00   0.1078442141350E+03  -0.8916941579186E-01   0.1959211507601E+00   0.3848037101330E-01  -0.9672579245844E+03   0.3734121208651E+04  -0.5108257332708E+04  -0.2052415112669E+00  -0.4060847583012E+00   0.4906106626911E+00   0.7431502329826E+00
   0.1756000000000E+02   0.4985912854207E+03   0.3530994402448E+00   0.1078434660209E+03  -0.8916708606011E-01   0.1959063670549E+00   0.3848103541115E-01  -0.9710446546278E+03   0.3731214506284E+04  -0.5110055867192E+04  -0.2060460093922E+00  -0.4066265819154E+00   0.4901561264823E+00   0.7429312461899E+00
   0.1757000000000E+02   0.4985790545196E+03   0.3531366004510E+00   0.1078427159960E+03  -0.8916475519287E-01   0.1958915814279E+00   0.3848170144329E-01  -0.9748249303308E+03   0.3728299667097E+04  -0.5111854467223E+04  -0.2068502227360E+00  -0.4071678653510E+00   0.4897010296441E+00   0.7427113950554E+00
   0.1758000000000E+02   0.4985668159839E+03   0.3531738229033E+00   0.1078419640614E+03  -0.8916242319066E-01   0.1958767938817E+00   0.3848236911093E-01  -0.9785987345417E+03   0.3725376705954E+04  -0.5113653132755E+04  -0.2076541503944E+00  -0.4077086080408E+00   0.4892453728641E+00   0.7424906799984E+00
   0.1759000000000E+02   0.4985545698191E+03   0.3532111076065E+00   0.1078412102182E+03  -0.8916009005404E-01   0.1958620044188E+00   0.3848303841523E-01  -0.9823660501444E+03   0.3722445637755E+04  -0.5115451863742E+04  -0.2084577914643E+00  -0.4082488094186E+00   0.4887891568305E+00   0.7422691014390E+00
   0.1760000000000E+02   0.4985423160308E+03   0.3532484545653E+00   0.1078404544674E+03  -0.8915775578354E-01   0.1958472130416E+00   0.3848370935738E-01  -0.9861268600581E+03   0.3719506477434E+04  -0.5117250660136E+04  -0.2092611450432E+00  -0.4087884689192E+00   0.4883323822319E+00   0.7420466597982E+00
   0.1761000000000E+02   0.4985300546243E+03   0.3532858637841E+00   0.1078396968101E+03  -0.8915542037970E-01   0.1958324197529E+00   0.3848438193855E-01  -0.9898811472380E+03   0.3716559239962E+04  -0.5119049521892E+04  -0.2100642102294E+00  -0.4093275859780E+00   0.4878750497573E+00   0.7418233554981E+00
   0.1762000000000E+02   0.4985177856054E+03   0.3533233352671E+00   0.1078389372475E+03  -0.8915308384306E-01   0.1958176245550E+00   0.3848505615990E-01  -0.9936288946745E+03   0.3713603940342E+04  -0.5120848448963E+04  -0.2108669861217E+00  -0.4098661600316E+00   0.4874171600964E+00   0.7415991889616E+00
   0.1763000000000E+02   0.4985055089795E+03   0.3533608690184E+00   0.1078381757806E+03  -0.8915074617418E-01   0.1958028274505E+00   0.3848573202260E-01  -0.9973700853940E+03   0.3710640593615E+04  -0.5122647441299E+04  -0.2116694718196E+00  -0.4104041905174E+00   0.4869587139394E+00   0.7413741606125E+00
   0.1764000000000E+02   0.4984932247522E+03   0.3533984650416E+00   0.1078374124105E+03  -0.8914840737359E-01   0.1957880284420E+00   0.3848640952780E-01  -0.1001104702459E+04   0.3707669214856E+04  -0.5124446498855E+04  -0.2124716664232E+00  -0.4109416768737E+00   0.4864997119769E+00   0.7411482708757E+00
   0.1765000000000E+02   0.4984809329292E+03   0.3534361233404E+00   0.1078366471384E+03  -0.8914606744186E-01   0.1957732275320E+00   0.3848708867665E-01  -0.1004832728967E+04   0.3704689819174E+04  -0.5126245621580E+04  -0.2132735690333E+00  -0.4114786185398E+00   0.4860401549001E+00   0.7409215201768E+00
   0.1766000000000E+02   0.4984686335159E+03   0.3534738439181E+00   0.1078358799652E+03  -0.8914372637953E-01   0.1957584247231E+00   0.3848776947028E-01  -0.1008554148052E+04   0.3701702421712E+04  -0.5128044809428E+04  -0.2140751787515E+00  -0.4120150149557E+00   0.4855800434006E+00   0.7406939089426E+00
   0.1767000000000E+02   0.4984563265182E+03   0.3535116267779E+00   0.1078351108922E+03  -0.8914138418716E-01   0.1957436200177E+00   0.3848845190985E-01  -0.1012268942885E+04   0.3698707037651E+04  -0.5129844062348E+04  -0.2148764946796E+00  -0.4125508655625E+00   0.4851193781708E+00   0.7404654376006E+00
   0.1768000000000E+02   0.4984440119415E+03   0.3535494719226E+00   0.1078343399205E+03  -0.8913904086530E-01   0.1957288134185E+00   0.3848913599647E-01  -0.1015977096671E+04   0.3695703682201E+04  -0.5131643380291E+04  -0.2156775159206E+00  -0.4130861698021E+00   0.4846581599034E+00   0.7402361065793E+00
   0.1769000000000E+02   0.4984316897916E+03   0.3535873793549E+00   0.1078335670512E+03  -0.8913669641452E-01   0.1957140049280E+00   0.3848982173129E-01  -0.1019678592653E+04   0.3692692370613E+04  -0.5133442763208E+04  -0.2164782415779E+00  -0.4136209271174E+00   0.4841963892914E+00   0.7400059163081E+00
   0.1770000000000E+02   0.4984193600743E+03   0.3536253490775E+00   0.1078327922854E+03  -0.8913435083537E-01   0.1956991945487E+00   0.3849050911541E-01  -0.1023373414109E+04   0.3689673118166E+04  -0.5135242211048E+04  -0.2172786707554E+00  -0.4141551369523E+00   0.4837340670287E+00   0.7397748672175E+00
   0.1771000000000E+02   0.4984070227951E+03   0.3536633810925E+00   0.1078320156243E+03  -0.8913200412842E-01   0.1956843822832E+00   0.3849119814995E-01  -0.1027061544354E+04   0.3686645940178E+04  -0.5137041723761E+04  -0.2180788025580E+00  -0.4146887987512E+00   0.4832711938095E+00   0.7395429597387E+00
   0.1772000000000E+02   0.4983946779598E+03   0.3537014754020E+00   0.1078312370690E+03  -0.8912965629423E-01   0.1956695681340E+00   0.3849188883602E-01  -0.1030742966739E+04   0.3683610851998E+04  -0.5138841301297E+04  -0.2188786360910E+00  -0.4152219119600E+00   0.4828077703285E+00   0.7393101943039E+00
   0.1773000000000E+02   0.4983823255742E+03   0.3537396320078E+00   0.1078304566206E+03  -0.8912730733338E-01   0.1956547521037E+00   0.3849258117473E-01  -0.1034417664652E+04   0.3680567869012E+04  -0.5140640943604E+04  -0.2196781704604E+00  -0.4157544760250E+00   0.4823437972810E+00   0.7390765713463E+00
   0.1774000000000E+02   0.4983699656440E+03   0.3537778509117E+00   0.1078296742803E+03  -0.8912495724642E-01   0.1956399341949E+00   0.3849327516717E-01  -0.1038085621517E+04   0.3677517006636E+04  -0.5142440650631E+04  -0.2204774047730E+00  -0.4162864903936E+00   0.4818792753626E+00   0.7388420912999E+00
   0.1775000000000E+02   0.4983575981750E+03   0.3538161321151E+00   0.1078288900493E+03  -0.8912260603393E-01   0.1956251144101E+00   0.3849397081444E-01  -0.1041746820793E+04   0.3674458280325E+04  -0.5144240422326E+04  -0.2212763381361E+00  -0.4168179545142E+00   0.4814142052697E+00   0.7386067545996E+00
   0.1776000000000E+02   0.4983452231731E+03   0.3538544756191E+00   0.1078281039287E+03  -0.8912025369649E-01   0.1956102927518E+00   0.3849466811762E-01  -0.1045401245980E+04   0.3671391705563E+04  -0.5146040258637E+04  -0.2220749696577E+00  -0.4173488678361E+00   0.4809485876990E+00   0.7383705616815E+00
   0.1777000000000E+02   0.4983328406439E+03   0.3538928814248E+00   0.1078273159197E+03  -0.8911790023467E-01   0.1955954692227E+00   0.3849536707779E-01  -0.1049048880610E+04   0.3668317297870E+04  -0.5147840159511E+04  -0.2228732984465E+00  -0.4178792298094E+00   0.4804824233477E+00   0.7381335129822E+00
   0.1778000000000E+02   0.4983204505935E+03   0.3539313495329E+00   0.1078265260235E+03  -0.8911554564904E-01   0.1955806438253E+00   0.3849606769602E-01  -0.1052689708254E+04   0.3665235072800E+04  -0.5149640124896E+04  -0.2236713236119E+00  -0.4184090398851E+00   0.4800157129135E+00   0.7378956089395E+00
   0.1779000000000E+02   0.4983080530275E+03   0.3539698799442E+00   0.1078257342412E+03  -0.8911318994020E-01   0.1955658165621E+00   0.3849676997339E-01  -0.1056323712519E+04   0.3662145045940E+04  -0.5151440154738E+04  -0.2244690442638E+00  -0.4189382975153E+00   0.4795484570947E+00   0.7376568499921E+00
   0.1780000000000E+02   0.4982956479520E+03   0.3540084726589E+00   0.1078249405740E+03  -0.8911083310871E-01   0.1955509874358E+00   0.3849747391097E-01  -0.1059950877051E+04   0.3659047232909E+04  -0.5153240248983E+04  -0.2252664595130E+00  -0.4194670021528E+00   0.4790806565900E+00   0.7374172365796E+00
   0.1781000000000E+02   0.4982832353728E+03   0.3540471276772E+00   0.1078241450232E+03  -0.8910847515517E-01   0.1955361564489E+00   0.3849817950979E-01  -0.1063571185530E+04   0.3655941649362E+04  -0.5155040407579E+04  -0.2260635684708E+00  -0.4199951532514E+00   0.4786123120987E+00   0.7371767691423E+00
   0.1782000000000E+02   0.4982708152958E+03   0.3540858449991E+00   0.1078233475898E+03  -0.8910611608016E-01   0.1955213236039E+00   0.3849888677093E-01  -0.1067184621675E+04   0.3652828310985E+04  -0.5156840630470E+04  -0.2268603702492E+00  -0.4205227502660E+00   0.4781434243203E+00   0.7369354481218E+00
   0.1783000000000E+02   0.4982583877269E+03   0.3541246246244E+00   0.1078225482752E+03  -0.8910375588427E-01   0.1955064889034E+00   0.3849959569542E-01  -0.1070791169242E+04   0.3649707233499E+04  -0.5158640917602E+04  -0.2276568639609E+00  -0.4210497926520E+00   0.4776739939551E+00   0.7366932739602E+00
   0.1784000000000E+02   0.4982459526721E+03   0.3541634665525E+00   0.1078217470805E+03  -0.8910139456809E-01   0.1954916523501E+00   0.3850030628431E-01  -0.1074390812022E+04   0.3646578432656E+04  -0.5160441268920E+04  -0.2284530487192E+00  -0.4215762798661E+00   0.4772040217038E+00   0.7364502471008E+00
   0.1785000000000E+02   0.4982335101374E+03   0.3542023707829E+00   0.1078209440068E+03  -0.8909903213221E-01   0.1954768139465E+00   0.3850101853862E-01  -0.1077983533846E+04   0.3643441924242E+04  -0.5162241684368E+04  -0.2292489236381E+00  -0.4221022113658E+00   0.4767335082676E+00   0.7362063679878E+00
   0.1786000000000E+02   0.4982210601287E+03   0.3542413373146E+00   0.1078201390556E+03  -0.8909666857723E-01   0.1954619736951E+00   0.3850173245940E-01  -0.1081569318581E+04   0.3640297724078E+04  -0.5164042163892E+04  -0.2300444878323E+00  -0.4226275866094E+00   0.4762624543481E+00   0.7359616370661E+00
   0.1787000000000E+02   0.4982086026520E+03   0.3542803661465E+00   0.1078193322279E+03  -0.8909430390375E-01   0.1954471315986E+00   0.3850244804765E-01  -0.1085148150132E+04   0.3637145848014E+04  -0.5165842707435E+04  -0.2308397404172E+00  -0.4231524050563E+00   0.4757908606475E+00   0.7357160547817E+00
   0.1788000000000E+02   0.4981961377135E+03   0.3543194572775E+00   0.1078185235249E+03  -0.8909193811236E-01   0.1954322876595E+00   0.3850316530441E-01  -0.1088720012440E+04   0.3633986311935E+04  -0.5167643314940E+04  -0.2316346805088E+00  -0.4236766661666E+00   0.4753187278683E+00   0.7354696215814E+00
   0.1789000000000E+02   0.4981836653190E+03   0.3543586107059E+00   0.1078177129480E+03  -0.8908957120366E-01   0.1954174418804E+00   0.3850388423067E-01  -0.1092284889484E+04   0.3630819131758E+04  -0.5169443986352E+04  -0.2324293072239E+00  -0.4242003694016E+00   0.4748460567138E+00   0.7352223379131E+00
   0.1790000000000E+02   0.4981711854747E+03   0.3543978264301E+00   0.1078169004983E+03  -0.8908720317826E-01   0.1954025942639E+00   0.3850460482744E-01  -0.1095842765282E+04   0.3627644323433E+04  -0.5171244721612E+04  -0.2332236196796E+00  -0.4247235142232E+00   0.4743728478875E+00   0.7349742042252E+00
   0.1791000000000E+02   0.4981586981867E+03   0.3544371044483E+00   0.1078160861771E+03  -0.8908483403677E-01   0.1953877448125E+00   0.3850532709573E-01  -0.1099393623888E+04   0.3624461902942E+04  -0.5173045520664E+04  -0.2340176169942E+00  -0.4252461000945E+00   0.4738991020934E+00   0.7347252209675E+00
   0.1792000000000E+02   0.4981462034610E+03   0.3544764447581E+00   0.1078152699856E+03  -0.8908246377978E-01   0.1953728935289E+00   0.3850605103653E-01  -0.1102937449395E+04   0.3621271886300E+04  -0.5174846383450E+04  -0.2348112982864E+00  -0.4257681264794E+00   0.4734248200362E+00   0.7344753885904E+00
   0.1793000000000E+02   0.4981337013037E+03   0.3545158473575E+00   0.1078144519251E+03  -0.8908009240792E-01   0.1953580404157E+00   0.3850677665083E-01  -0.1106474225931E+04   0.3618074289553E+04  -0.5176647309912E+04  -0.2356046626755E+00  -0.4262895928426E+00   0.4729500024208E+00   0.7342247075452E+00
   0.1794000000000E+02   0.4981211917210E+03   0.3545553122437E+00   0.1078136319969E+03  -0.8907771992179E-01   0.1953431854754E+00   0.3850750393960E-01  -0.1110003937665E+04   0.3614869128781E+04  -0.5178448299991E+04  -0.2363977092816E+00  -0.4268104986500E+00   0.4724746499527E+00   0.7339731782842E+00
   0.1795000000000E+02   0.4981086747191E+03   0.3545948394142E+00   0.1078128102021E+03  -0.8907534632201E-01   0.1953283287106E+00   0.3850823290382E-01  -0.1113526568803E+04   0.3611656420093E+04  -0.5180249353629E+04  -0.2371904372254E+00  -0.4273308433682E+00   0.4719987633380E+00   0.7337208012606E+00
   0.1796000000000E+02   0.4980961503041E+03   0.3546344288659E+00   0.1078119865421E+03  -0.8907297160919E-01   0.1953134701240E+00   0.3850896354447E-01  -0.1117042103587E+04   0.3608436179634E+04  -0.5182050470766E+04  -0.2379828456285E+00  -0.4278506264647E+00   0.4715223432830E+00   0.7334675769284E+00
   0.1797000000000E+02   0.4980836184822E+03   0.3546740805958E+00   0.1078111610181E+03  -0.8907059578396E-01   0.1952986097180E+00   0.3850969586251E-01  -0.1120550526300E+04   0.3605208423578E+04  -0.5183851651343E+04  -0.2387749336129E+00  -0.4283698474081E+00   0.4710453904948E+00   0.7332135057426E+00
   0.1798000000000E+02   0.4980710792595E+03   0.3547137946004E+00   0.1078103336315E+03  -0.8906821884693E-01   0.1952837474954E+00   0.3851042985889E-01  -0.1124051821261E+04   0.3601973168132E+04  -0.5185652895301E+04  -0.2395667003013E+00  -0.4288885056677E+00   0.4705679056806E+00   0.7329585881591E+00
   0.1799000000000E+02   0.4980585326424E+03   0.3547535708763E+00   0.1078095043834E+03  -0.8906584079872E-01   0.1952688834587E+00   0.3851116553457E-01  -0.1127545972826E+04   0.3598730429534E+04  -0.5187454202578E+04  -0.2403581448174E+00  -0.4294066007140E+00   0.4700898895485E+00   0.7327028246346E+00
   0.1800000000000E+02   0.4980459786370E+03   0.3547934094197E+00   0.1078086732753E+03  -0.8906346163997E-01   0.1952540176105E+00   0.3851190289050E-01  -0.1131032965393E+04   0.3595480224054E+04  -0.5189255573115E+04  -0.2411492662852E+00  -0.4299241320182E+00   0.4696113428066E+00   0.7324462156267E+00
   0.1801000000000E+02   0.4980334172497E+03   0.3548333102266E+00   0.1078078403082E+03  -0.8906108137129E-01   0.1952391499534E+00   0.3851264192761E-01  -0.1134512783395E+04   0.3592222567994E+04  -0.5191057006851E+04  -0.2419400638295E+00  -0.4304410990525E+00   0.4691322661639E+00   0.7321887615940E+00
   0.1802000000000E+02   0.4980208484866E+03   0.3548732732929E+00   0.1078070054837E+03  -0.8905869999332E-01   0.1952242804900E+00   0.3851338264685E-01  -0.1137985411304E+04   0.3588957477687E+04  -0.5192858503724E+04  -0.2427305365759E+00  -0.4309575012900E+00   0.4686526603295E+00   0.7319304629960E+00
   0.1803000000000E+02   0.4980082723542E+03   0.3549132986143E+00   0.1078061688029E+03  -0.8905631750669E-01   0.1952094092230E+00   0.3851412504914E-01  -0.1141450833631E+04   0.3585684969497E+04  -0.5194660063674E+04  -0.2435206836506E+00  -0.4314733382047E+00   0.4681725260133E+00   0.7316713202929E+00
   0.1804000000000E+02   0.4979956888586E+03   0.3549533861861E+00   0.1078053302672E+03  -0.8905393391203E-01   0.1951945361548E+00   0.3851486913540E-01  -0.1144909034925E+04   0.3582405059819E+04  -0.5196461686637E+04  -0.2443105041804E+00  -0.4319886092716E+00   0.4676918639253E+00   0.7314113339461E+00
   0.1805000000000E+02   0.4979830980062E+03   0.3549935360035E+00   0.1078044898779E+03  -0.8905154920998E-01   0.1951796612882E+00   0.3851561490655E-01  -0.1148359999774E+04   0.3579117765081E+04  -0.5198263372552E+04  -0.2450999972930E+00  -0.4325033139665E+00   0.4672106747764E+00   0.7311505044175E+00
   0.1806000000000E+02   0.4979704998035E+03   0.3550337480617E+00   0.1078036476363E+03  -0.8904916340117E-01   0.1951647846257E+00   0.3851636236350E-01  -0.1151803712803E+04   0.3575823101739E+04  -0.5200065121357E+04  -0.2458891621167E+00  -0.4330174517663E+00   0.4667289592775E+00   0.7308888321702E+00
   0.1807000000000E+02   0.4979578942566E+03   0.3550740223555E+00   0.1078028035437E+03  -0.8904677648626E-01   0.1951499061700E+00   0.3851711150716E-01  -0.1155240158676E+04   0.3572521086284E+04  -0.5201866932988E+04  -0.2466779977802E+00  -0.4335310221487E+00   0.4662467181404E+00   0.7306263176680E+00
   0.1808000000000E+02   0.4979452813721E+03   0.3551143588794E+00   0.1078019576015E+03  -0.8904438846587E-01   0.1951350259236E+00   0.3851786233843E-01  -0.1158669322098E+04   0.3569211735234E+04  -0.5203668807382E+04  -0.2474665034134E+00  -0.4340440245924E+00   0.4657639520769E+00   0.7303629613758E+00
   0.1809000000000E+02   0.4979326611563E+03   0.3551547576280E+00   0.1078011098109E+03  -0.8904199934065E-01   0.1951201438892E+00   0.3851861485819E-01  -0.1162091187811E+04   0.3565895065141E+04  -0.5205470744476E+04  -0.2482546781465E+00  -0.4345564585769E+00   0.4652806617997E+00   0.7300987637592E+00
   0.1810000000000E+02   0.4979200336157E+03   0.3551952185953E+00   0.1078002601734E+03  -0.8903960911126E-01   0.1951052600694E+00   0.3851936906735E-01  -0.1165505740594E+04   0.3562571092584E+04  -0.5207272744206E+04  -0.2490425211106E+00  -0.4350683235828E+00   0.4647968480216E+00   0.7298337252847E+00
   0.1811000000000E+02   0.4979073987567E+03   0.3552357417755E+00   0.1077994086902E+03  -0.8903721777833E-01   0.1950903744667E+00   0.3852012496677E-01  -0.1168912965267E+04   0.3559239834176E+04  -0.5209074806507E+04  -0.2498300314373E+00  -0.4355796190914E+00   0.4643125114561E+00   0.7295678464198E+00
   0.1812000000000E+02   0.4978947565857E+03   0.3552763271623E+00   0.1077985553628E+03  -0.8903482534253E-01   0.1950754870839E+00   0.3852088255733E-01  -0.1172312846689E+04   0.3555901306559E+04  -0.5210876931315E+04  -0.2506172082590E+00  -0.4360903445851E+00   0.4638276528171E+00   0.7293011276327E+00
   0.1813000000000E+02   0.4978821071092E+03   0.3553169747495E+00   0.1077977001924E+03  -0.8903243180450E-01   0.1950605979236E+00   0.3852164183991E-01  -0.1175705369758E+04   0.3552555526406E+04  -0.5212679118564E+04  -0.2514040507089E+00  -0.4366004995473E+00   0.4633422728188E+00   0.7290335693926E+00
   0.1814000000000E+02   0.4978694503337E+03   0.3553576845303E+00   0.1077968431805E+03  -0.8903003716490E-01   0.1950457069882E+00   0.3852240281537E-01  -0.1179090519409E+04   0.3549202510420E+04  -0.5214481368191E+04  -0.2521905579207E+00  -0.4371100834620E+00   0.4628563721761E+00   0.7287651721696E+00
   0.1815000000000E+02   0.4978567862657E+03   0.3553984564980E+00   0.1077959843283E+03  -0.8902764142439E-01   0.1950308142806E+00   0.3852316548456E-01  -0.1182468280618E+04   0.3545842275333E+04  -0.5216283680128E+04  -0.2529767290289E+00  -0.4376190958145E+00   0.4623699516041E+00   0.7284959364347E+00
   0.1816000000000E+02   0.4978441149117E+03   0.3554392906455E+00   0.1077951236373E+03  -0.8902524458362E-01   0.1950159198032E+00   0.3852392984834E-01  -0.1185838638399E+04   0.3542474837909E+04  -0.5218086054310E+04  -0.2537625631688E+00  -0.4381275360909E+00   0.4618830118185E+00   0.7282258626597E+00
   0.1817000000000E+02   0.4978314362784E+03   0.3554801869659E+00   0.1077942611088E+03  -0.8902284664327E-01   0.1950010235588E+00   0.3852469590755E-01  -0.1189201577807E+04   0.3539100214942E+04  -0.5219888490670E+04  -0.2545480594760E+00  -0.4386354037780E+00   0.4613955535355E+00   0.7279549513172E+00
   0.1818000000000E+02   0.4978187503721E+03   0.3555211454515E+00   0.1077933967442E+03  -0.8902044760399E-01   0.1949861255499E+00   0.3852546366304E-01  -0.1192557083934E+04   0.3535718423255E+04  -0.5221690989143E+04  -0.2553332170873E+00  -0.4391426983639E+00   0.4609075774715E+00   0.7276832028808E+00
   0.1819000000000E+02   0.4978060571996E+03   0.3555621660948E+00   0.1077925305450E+03  -0.8901804746645E-01   0.1949712257792E+00   0.3852623311563E-01  -0.1195905141912E+04   0.3532329479701E+04  -0.5223493549660E+04  -0.2561180351399E+00  -0.4396494193373E+00   0.4604190843437E+00   0.7274106178250E+00
   0.1820000000000E+02   0.4977933567674E+03   0.3556032488881E+00   0.1077916625123E+03  -0.8901564623132E-01   0.1949563242494E+00   0.3852700426615E-01  -0.1199245736913E+04   0.3528933401162E+04  -0.5225296172156E+04  -0.2569025127717E+00  -0.4401555661881E+00   0.4599300748693E+00   0.7271371966252E+00
   0.1821000000000E+02   0.4977806490822E+03   0.3556443938233E+00   0.1077907926478E+03  -0.8901324389927E-01   0.1949414209629E+00   0.3852777711542E-01  -0.1202578854148E+04   0.3525530204552E+04  -0.5227098856561E+04  -0.2576866491214E+00  -0.4406611384070E+00   0.4594405497664E+00   0.7268629397574E+00
   0.1822000000000E+02   0.4977679341505E+03   0.3556856008922E+00   0.1077899209527E+03  -0.8901084047098E-01   0.1949265159225E+00   0.3852855166427E-01  -0.1205904478867E+04   0.3522119906813E+04  -0.5228901602808E+04  -0.2584704433284E+00  -0.4411661354855E+00   0.4589505097532E+00   0.7265878476988E+00
   0.1823000000000E+02   0.4977552119790E+03   0.3557268700864E+00   0.1077890474285E+03  -0.8900843594712E-01   0.1949116091308E+00   0.3852932791350E-01  -0.1209222596361E+04   0.3518702524916E+04  -0.5230704410828E+04  -0.2592538945327E+00  -0.4416705569164E+00   0.4584599555486E+00   0.7263119209273E+00
   0.1824000000000E+02   0.4977424825744E+03   0.3557682013973E+00   0.1077881720766E+03  -0.8900603032836E-01   0.1948967005904E+00   0.3853010586391E-01  -0.1212533191958E+04   0.3515278075862E+04  -0.5232507280554E+04  -0.2600370018752E+00  -0.4421744021930E+00   0.4579688878717E+00   0.7260351599218E+00
   0.1825000000000E+02   0.4977297459433E+03   0.3558095948161E+00   0.1077872948983E+03  -0.8900362361540E-01   0.1948817903040E+00   0.3853088551630E-01  -0.1215836251028E+04   0.3511846576681E+04  -0.5234310211915E+04  -0.2608197644971E+00  -0.4426776708097E+00   0.4574773074422E+00   0.7257575651618E+00
   0.1826000000000E+02   0.4977170020926E+03   0.3558510503338E+00   0.1077864158952E+03  -0.8900121580890E-01   0.1948668782742E+00   0.3853166687147E-01  -0.1219131758980E+04   0.3508408044434E+04  -0.5236113204843E+04  -0.2616021815408E+00  -0.4431803622620E+00   0.4569852149802E+00   0.7254791371279E+00
   0.1827000000000E+02   0.4977042510288E+03   0.3558925679412E+00   0.1077855350686E+03  -0.8899880690956E-01   0.1948519645037E+00   0.3853244993020E-01  -0.1222419701262E+04   0.3504962496208E+04  -0.5237916259267E+04  -0.2623842521492E+00  -0.4436824760462E+00   0.4564926112061E+00   0.7251998763016E+00
   0.1828000000000E+02   0.4976914927587E+03   0.3559341476289E+00   0.1077846524200E+03  -0.8899639691806E-01   0.1948370489950E+00   0.3853323469326E-01  -0.1225700063363E+04   0.3501509949121E+04  -0.5239719375119E+04  -0.2631659754656E+00  -0.4441840116593E+00   0.4559994968410E+00   0.7249197831651E+00
   0.1829000000000E+02   0.4976787272891E+03   0.3559757893872E+00   0.1077837679507E+03  -0.8899398583510E-01   0.1948221317508E+00   0.3853402116143E-01  -0.1228972830811E+04   0.3498050420319E+04  -0.5241522552326E+04  -0.2639473506346E+00  -0.4446849685997E+00   0.4555058726062E+00   0.7246388582016E+00
   0.1830000000000E+02   0.4976659546267E+03   0.3560174932064E+00   0.1077828816623E+03  -0.8899157366135E-01   0.1948072127738E+00   0.3853480933549E-01  -0.1232237989174E+04   0.3494583926979E+04  -0.5243325790819E+04  -0.2647283768010E+00  -0.4451853463664E+00   0.4550117392235E+00   0.7243571018950E+00
   0.1831000000000E+02   0.4976531747784E+03   0.3560592590763E+00   0.1077819935562E+03  -0.8898916039752E-01   0.1947922920666E+00   0.3853559921618E-01  -0.1235495524060E+04   0.3491110486303E+04  -0.5245129090527E+04  -0.2655090531105E+00  -0.4456851444593E+00   0.4545170974152E+00   0.7240745147303E+00
   0.1832000000000E+02   0.4976403877509E+03   0.3561010869869E+00   0.1077811036337E+03  -0.8898674604430E-01   0.1947773696319E+00   0.3853639080427E-01  -0.1238745421116E+04   0.3487630115525E+04  -0.5246932451378E+04  -0.2662893787096E+00  -0.4461843623795E+00   0.4540219479040E+00   0.7237910971931E+00
   0.1833000000000E+02   0.4976275935511E+03   0.3561429769276E+00   0.1077802118965E+03  -0.8898433060239E-01   0.1947624454723E+00   0.3853718410051E-01  -0.1241987666032E+04   0.3484142831905E+04  -0.5248735873301E+04  -0.2670693527453E+00  -0.4466829996288E+00   0.4535262914129E+00   0.7235068497700E+00
   0.1834000000000E+02   0.4976147921858E+03   0.3561849288878E+00   0.1077793183459E+03  -0.8898191407249E-01   0.1947475195904E+00   0.3853797910563E-01  -0.1245222244535E+04   0.3480648652734E+04  -0.5250539356223E+04  -0.2678489743655E+00  -0.4471810557100E+00   0.4530301286655E+00   0.7232217729485E+00
   0.1835000000000E+02   0.4976019836618E+03   0.3562269428567E+00   0.1077784229834E+03  -0.8897949645530E-01   0.1947325919888E+00   0.3853877582038E-01  -0.1248449142395E+04   0.3477147595328E+04  -0.5252342900072E+04  -0.2686282427187E+00  -0.4476785301269E+00   0.4525334603857E+00   0.7229358672169E+00
   0.1836000000000E+02   0.4975891679861E+03   0.3562690188233E+00   0.1077775258104E+03  -0.8897707775152E-01   0.1947176626704E+00   0.3853957424549E-01  -0.1251668345418E+04   0.3473639677035E+04  -0.5254146504775E+04  -0.2694071569541E+00  -0.4481754223842E+00   0.4520362872979E+00   0.7226491330643E+00
   0.1837000000000E+02   0.4975763451655E+03   0.3563111567763E+00   0.1077766268285E+03  -0.8897465796187E-01   0.1947027316376E+00   0.3854037438168E-01  -0.1254879839455E+04   0.3470124915229E+04  -0.5255950170260E+04  -0.2701857162217E+00  -0.4486717319874E+00   0.4515386101269E+00   0.7223615709808E+00
   0.1838000000000E+02   0.4975635152070E+03   0.3563533567043E+00   0.1077757260391E+03  -0.8897223708705E-01   0.1946877988931E+00   0.3854117622967E-01  -0.1258083610394E+04   0.3466603327311E+04  -0.5257753896452E+04  -0.2709639196722E+00  -0.4491674584432E+00   0.4510404295979E+00   0.7220731814572E+00
   0.1839000000000E+02   0.4975506781174E+03   0.3563956185956E+00   0.1077748234436E+03  -0.8896981512777E-01   0.1946728644397E+00   0.3854197979017E-01  -0.1261279644166E+04   0.3463074930713E+04  -0.5259557683278E+04  -0.2717417664569E+00  -0.4496626012589E+00   0.4505417464366E+00   0.7217839649852E+00
   0.1840000000000E+02   0.4975378339037E+03   0.3564379424384E+00   0.1077739190437E+03  -0.8896739208475E-01   0.1946579282799E+00   0.3854278506389E-01  -0.1264467926740E+04   0.3459539742891E+04  -0.5261361530665E+04  -0.2725192557279E+00  -0.4501571599430E+00   0.4500425613690E+00   0.7214939220575E+00
   0.1841000000000E+02   0.4975249825729E+03   0.3564803282206E+00   0.1077730128407E+03  -0.8896496795870E-01   0.1946429904164E+00   0.3854359205154E-01  -0.1267648444127E+04   0.3455997781333E+04  -0.5263165438537E+04  -0.2732963866381E+00  -0.4506511340050E+00   0.4495428751216E+00   0.7212030531674E+00
   0.1842000000000E+02   0.4975121241320E+03   0.3565227759300E+00   0.1077721048363E+03  -0.8896254275034E-01   0.1946280508519E+00   0.3854440075380E-01  -0.1270821182377E+04   0.3452449063552E+04  -0.5264969406820E+04  -0.2740731583409E+00  -0.4511445229549E+00   0.4490426884212E+00   0.7209113588093E+00
   0.1843000000000E+02   0.4974992585879E+03   0.3565652855541E+00   0.1077711950317E+03  -0.8896011646039E-01   0.1946131095890E+00   0.3854521117136E-01  -0.1273986127583E+04   0.3448893607089E+04  -0.5266773435439E+04  -0.2748495699906E+00  -0.4516373263042E+00   0.4485420019952E+00   0.7206188394782E+00
   0.1844000000000E+02   0.4974863859476E+03   0.3566078570803E+00   0.1077702834287E+03  -0.8895768908957E-01   0.1945981666304E+00   0.3854602330492E-01  -0.1277143265877E+04   0.3445331429512E+04  -0.5268577524318E+04  -0.2756256207421E+00  -0.4521295435648E+00   0.4480408165713E+00   0.7203254956702E+00
   0.1845000000000E+02   0.4974735062183E+03   0.3566504904955E+00   0.1077693700287E+03  -0.8895526063861E-01   0.1945832219787E+00   0.3854683715513E-01  -0.1280292583432E+04   0.3441762548418E+04  -0.5270381673382E+04  -0.2764013097512E+00  -0.4526211742500E+00   0.4475391328776E+00   0.7200313278820E+00
   0.1846000000000E+02   0.4974606194068E+03   0.3566931857869E+00   0.1077684548331E+03  -0.8895283110824E-01   0.1945682756366E+00   0.3854765272268E-01  -0.1283434066462E+04   0.3438186981430E+04  -0.5272185882555E+04  -0.2771766361741E+00  -0.4531122178738E+00   0.4470369516426E+00   0.7197363366114E+00
   0.1847000000000E+02   0.4974477255204E+03   0.3567359429410E+00   0.1077675378436E+03  -0.8895040049917E-01   0.1945533276068E+00   0.3854847000822E-01  -0.1286567701220E+04   0.3434604746197E+04  -0.5273990151760E+04  -0.2779515991681E+00  -0.4536026739510E+00   0.4465342735954E+00   0.7194405223568E+00
   0.1848000000000E+02   0.4974348245660E+03   0.3567787619445E+00   0.1077666190617E+03  -0.8894796881215E-01   0.1945383778919E+00   0.3854928901243E-01  -0.1289693474003E+04   0.3431015860399E+04  -0.5275794480921E+04  -0.2787261978909E+00  -0.4540925419977E+00   0.4460310994652E+00   0.7191438856176E+00
   0.1849000000000E+02   0.4974219165508E+03   0.3568216427836E+00   0.1077656984888E+03  -0.8894553604791E-01   0.1945234264946E+00   0.3855010973593E-01  -0.1292811371147E+04   0.3427420341739E+04  -0.5277598869960E+04  -0.2795004315011E+00  -0.4545818215307E+00   0.4455274299819E+00   0.7188464268940E+00
   0.1850000000000E+02   0.4974090014819E+03   0.3568645854444E+00   0.1077647761266E+03  -0.8894310220718E-01   0.1945084734175E+00   0.3855093217939E-01  -0.1295921379029E+04   0.3423818207948E+04  -0.5279403318801E+04  -0.2802742991579E+00  -0.4550705120678E+00   0.4450232658755E+00   0.7185481466871E+00
   0.1851000000000E+02   0.4973960793664E+03   0.3569075899127E+00   0.1077638519765E+03  -0.8894066729070E-01   0.1944935186634E+00   0.3855175634345E-01  -0.1299023484067E+04   0.3420209476785E+04  -0.5281207827365E+04  -0.2810478000214E+00  -0.4555586131276E+00   0.4445186078767E+00   0.7182490454987E+00
   0.1852000000000E+02   0.4973831502114E+03   0.3569506561744E+00   0.1077629260402E+03  -0.8893823129922E-01   0.1944785622349E+00   0.3855258222873E-01  -0.1302117672720E+04   0.3416594166035E+04  -0.5283012395574E+04  -0.2818209332522E+00  -0.4560461242298E+00   0.4440134567165E+00   0.7179491238316E+00
   0.1853000000000E+02   0.4973702140242E+03   0.3569937842148E+00   0.1077619983191E+03  -0.8893579423346E-01   0.1944636041346E+00   0.3855340983586E-01  -0.1305203931489E+04   0.3412972293509E+04  -0.5284817023350E+04  -0.2825936980119E+00  -0.4565330448950E+00   0.4435078131262E+00   0.7176483821893E+00
   0.1854000000000E+02   0.4973572708119E+03   0.3570369740192E+00   0.1077610688148E+03  -0.8893335609418E-01   0.1944486443653E+00   0.3855423916547E-01  -0.1308282246916E+04   0.3409343877046E+04  -0.5286621710615E+04  -0.2833660934625E+00  -0.4570193746448E+00   0.4430016778376E+00   0.7173468210762E+00
   0.1855000000000E+02   0.4973443205817E+03   0.3570802255728E+00   0.1077601375289E+03  -0.8893091688213E-01   0.1944336829296E+00   0.3855507021816E-01  -0.1311352605582E+04   0.3405708934508E+04  -0.5288426457289E+04  -0.2841381187670E+00  -0.4575051130016E+00   0.4424950515829E+00   0.7170444409976E+00
   0.1856000000000E+02   0.4973313633408E+03   0.3571235388602E+00   0.1077592044630E+03  -0.8892847659805E-01   0.1944187198302E+00   0.3855590299456E-01  -0.1314414994112E+04   0.3402067483789E+04  -0.5290231263293E+04  -0.2849097730889E+00  -0.4579902594889E+00   0.4419879350947E+00   0.7167412424596E+00
   0.1857000000000E+02   0.4973183990965E+03   0.3571669138663E+00   0.1077582696185E+03  -0.8892603524269E-01   0.1944037550697E+00   0.3855673749525E-01  -0.1317469399171E+04   0.3398419542803E+04  -0.5292036128547E+04  -0.2856810555927E+00  -0.4584748136309E+00   0.4414803291059E+00   0.7164372259690E+00
   0.1858000000000E+02   0.4973054278559E+03   0.3572103505754E+00   0.1077573329972E+03  -0.8892359281681E-01   0.1943887886508E+00   0.3855757372085E-01  -0.1320515807466E+04   0.3394765129495E+04  -0.5293841052972E+04  -0.2864519654433E+00  -0.4589587749530E+00   0.4409722343499E+00   0.7161323920336E+00
   0.1859000000000E+02   0.4972924496265E+03   0.3572538489718E+00   0.1077563946005E+03  -0.8892114932117E-01   0.1943738205763E+00   0.3855841167193E-01  -0.1323554205745E+04   0.3391104261833E+04  -0.5295646036486E+04  -0.2872225018066E+00  -0.4594421429814E+00   0.4404636515605E+00   0.7158267411620E+00
   0.1860000000000E+02   0.4972794644153E+03   0.3572974090395E+00   0.1077554544301E+03  -0.8891870475651E-01   0.1943588508487E+00   0.3855925134908E-01  -0.1326584580796E+04   0.3387436957813E+04  -0.5297451079010E+04  -0.2879926638491E+00  -0.4599249172433E+00   0.4399545814718E+00   0.7155202738635E+00
   0.1861000000000E+02   0.4972664722299E+03   0.3573410307622E+00   0.1077545124875E+03  -0.8891625912360E-01   0.1943438794708E+00   0.3856009275289E-01  -0.1329606919451E+04   0.3383763235454E+04  -0.5299256180462E+04  -0.2887624507381E+00  -0.4604070972668E+00   0.4394450248185E+00   0.7152129906485E+00
   0.1862000000000E+02   0.4972534730773E+03   0.3573847141237E+00   0.1077535687744E+03  -0.8891381242321E-01   0.1943289064452E+00   0.3856093588391E-01  -0.1332621208582E+04   0.3380083112805E+04  -0.5301061340762E+04  -0.2895318616415E+00  -0.4608886825809E+00   0.4389349823353E+00   0.7149048920280E+00
   0.1863000000000E+02   0.4972404669651E+03   0.3574284591073E+00   0.1077526232923E+03  -0.8891136465609E-01   0.1943139317747E+00   0.3856178074272E-01  -0.1335627435102E+04   0.3376396607935E+04  -0.5302866559826E+04  -0.2903008957281E+00  -0.4613696727156E+00   0.4384244547578E+00   0.7145959785138E+00
   0.1864000000000E+02   0.4972274539005E+03   0.3574722656962E+00   0.1077516760429E+03  -0.8890891582301E-01   0.1942989554619E+00   0.3856262732988E-01  -0.1338625585969E+04   0.3372703738945E+04  -0.5304671837574E+04  -0.2910695521673E+00  -0.4618500672018E+00   0.4379134428215E+00   0.7142862506188E+00
   0.1865000000000E+02   0.4972144338909E+03   0.3575161338733E+00   0.1077507270277E+03  -0.8890646592474E-01   0.1942839775094E+00   0.3856347564594E-01  -0.1341615648178E+04   0.3369004523956E+04  -0.5306477173923E+04  -0.2918378301292E+00  -0.4623298655715E+00   0.4374019472626E+00   0.7139757088564E+00
   0.1866000000000E+02   0.4972014069436E+03   0.3575600636215E+00   0.1077497762483E+03  -0.8890401496206E-01   0.1942689979200E+00   0.3856432569145E-01  -0.1344597608768E+04   0.3365298981116E+04  -0.5308282568791E+04  -0.2926057287849E+00  -0.4628090673575E+00   0.4368899688176E+00   0.7136643537410E+00
   0.1867000000000E+02   0.4971883730662E+03   0.3576040549232E+00   0.1077488237065E+03  -0.8890156293572E-01   0.1942540166964E+00   0.3856517746695E-01  -0.1347571454821E+04   0.3361587128601E+04  -0.5310088022094E+04  -0.2933732473059E+00  -0.4632876720934E+00   0.4363775082233E+00   0.7133521857878E+00
   0.1868000000000E+02   0.4971753322659E+03   0.3576481077609E+00   0.1077478694037E+03  -0.8889910984652E-01   0.1942390338411E+00   0.3856603097296E-01  -0.1350537173459E+04   0.3357868984608E+04  -0.5311893533750E+04  -0.2941403848647E+00  -0.4637656793140E+00   0.4358645662171E+00   0.7130392055129E+00
   0.1869000000000E+02   0.4971622845502E+03   0.3576922221167E+00   0.1077469133417E+03  -0.8889665569522E-01   0.1942240493571E+00   0.3856688621003E-01  -0.1353494751845E+04   0.3354144567361E+04  -0.5313699103674E+04  -0.2949071406342E+00  -0.4642430885550E+00   0.4353511435365E+00   0.7127254134330E+00
   0.1870000000000E+02   0.4971492299266E+03   0.3577363979724E+00   0.1077459555220E+03  -0.8889420048260E-01   0.1942090632468E+00   0.3856774317867E-01  -0.1356444177187E+04   0.3350413895109E+04  -0.5315504731783E+04  -0.2956735137885E+00  -0.4647198993529E+00   0.4348372409196E+00   0.7124108100659E+00
   0.1871000000000E+02   0.4971361684026E+03   0.3577806353098E+00   0.1077449959464E+03  -0.8889174420945E-01   0.1941940755130E+00   0.3856860187941E-01  -0.1359385436732E+04   0.3346676986125E+04  -0.5317310417993E+04  -0.2964395035021E+00  -0.4651961112452E+00   0.4343228591048E+00   0.7120953959300E+00
   0.1872000000000E+02   0.4971230999855E+03   0.3578249341105E+00   0.1077440346164E+03  -0.8888928687655E-01   0.1941790861584E+00   0.3856946231274E-01  -0.1362318517771E+04   0.3342933858709E+04  -0.5319116162218E+04  -0.2972051089503E+00  -0.4656717237705E+00   0.4338079988309E+00   0.7117791715447E+00
   0.1873000000000E+02   0.4971100246830E+03   0.3578692943556E+00   0.1077430715337E+03  -0.8888682848469E-01   0.1941640951857E+00   0.3857032447917E-01  -0.1365243407635E+04   0.3339184531182E+04  -0.5320921964375E+04  -0.2979703293092E+00  -0.4661467364681E+00   0.4332926608370E+00   0.7114621374299E+00
   0.1874000000000E+02   0.4970969425024E+03   0.3579137160263E+00   0.1077421066999E+03  -0.8888436903464E-01   0.1941491025976E+00   0.3857118837920E-01  -0.1368160093700E+04   0.3335429021893E+04  -0.5322727824378E+04  -0.2987351637556E+00  -0.4666211488784E+00   0.4327768458626E+00   0.7111442941068E+00
   0.1875000000000E+02   0.4970838534514E+03   0.3579581991034E+00   0.1077411401167E+03  -0.8888190852721E-01   0.1941341083967E+00   0.3857205401333E-01  -0.1371068563380E+04   0.3331667349213E+04  -0.5324533742142E+04  -0.2994996114670E+00  -0.4670949605426E+00   0.4322605546477E+00   0.7108256420969E+00
   0.1876000000000E+02   0.4970707575375E+03   0.3580027435677E+00   0.1077401717858E+03  -0.8887944696318E-01   0.1941191125857E+00   0.3857292138203E-01  -0.1373968804136E+04   0.3327899531540E+04  -0.5326339717580E+04  -0.3002636716217E+00  -0.4675681710031E+00   0.4317437879325E+00   0.7105061819230E+00
   0.1877000000000E+02   0.4970576547682E+03   0.3580473493994E+00   0.1077392017088E+03  -0.8887698434335E-01   0.1941041151674E+00   0.3857379048578E-01  -0.1376860803467E+04   0.3324125587292E+04  -0.5328145750607E+04  -0.3010273433988E+00  -0.4680407798031E+00   0.4312265464577E+00   0.7101859141083E+00
   0.1878000000000E+02   0.4970445451511E+03   0.3580920165789E+00   0.1077382298874E+03  -0.8887452066852E-01   0.1940891161445E+00   0.3857466132506E-01  -0.1379744548916E+04   0.3320345534916E+04  -0.5329951841135E+04  -0.3017906259780E+00  -0.4685127864865E+00   0.4307088309643E+00   0.7098648391770E+00
   0.1879000000000E+02   0.4970314286939E+03   0.3581367450862E+00   0.1077372563233E+03  -0.8887205593947E-01   0.1940741155196E+00   0.3857553390033E-01  -0.1382620028069E+04   0.3316559392879E+04  -0.5331757989079E+04  -0.3025535185398E+00  -0.4689841905986E+00   0.4301906421938E+00   0.7095429576542E+00
   0.1880000000000E+02   0.4970183054040E+03   0.3581815349011E+00   0.1077362810181E+03  -0.8886959015702E-01   0.1940591132954E+00   0.3857640821206E-01  -0.1385487228553E+04   0.3312767179676E+04  -0.5333564194351E+04  -0.3033160202655E+00  -0.4694549916854E+00   0.4296719808877E+00   0.7092202700657E+00
   0.1881000000000E+02   0.4970051752892E+03   0.3582263860031E+00   0.1077353039736E+03  -0.8886712332196E-01   0.1940441094747E+00   0.3857728426069E-01  -0.1388346138039E+04   0.3308968913821E+04  -0.5335370456864E+04  -0.3040781303370E+00  -0.4699251892937E+00   0.4291528477884E+00   0.7088967769380E+00
   0.1882000000000E+02   0.4969920383571E+03   0.3582712983717E+00   0.1077343251913E+03  -0.8886465543510E-01   0.1940291040601E+00   0.3857816204667E-01  -0.1391196744238E+04   0.3305164613856E+04  -0.5337176776529E+04  -0.3048398479372E+00  -0.4703947829716E+00   0.4286332436383E+00   0.7085724787986E+00
   0.1883000000000E+02   0.4969788946153E+03   0.3583162719859E+00   0.1077333446731E+03  -0.8886218649724E-01   0.1940140970543E+00   0.3857904157044E-01  -0.1394039034906E+04   0.3301354298344E+04  -0.5338983153260E+04  -0.3056011722495E+00  -0.4708637722679E+00   0.4281131691801E+00   0.7082473761758E+00
   0.1884000000000E+02   0.4969657440715E+03   0.3583613068249E+00   0.1077323624206E+03  -0.8885971650920E-01   0.1939990884600E+00   0.3857992283245E-01  -0.1396872997839E+04   0.3297537985874E+04  -0.5340789586967E+04  -0.3063621024581E+00  -0.4713321567324E+00   0.4275926251573E+00   0.7079214695985E+00
   0.1885000000000E+02   0.4969525867334E+03   0.3584064028672E+00   0.1077313784356E+03  -0.8885724547178E-01   0.1939840782800E+00   0.3858080583311E-01  -0.1399698620878E+04   0.3293715695055E+04  -0.5342596077562E+04  -0.3071226377481E+00  -0.4717999359158E+00   0.4270716123132E+00   0.7075947595967E+00
   0.1886000000000E+02   0.4969394226087E+03   0.3584515600914E+00   0.1077303927196E+03  -0.8885477338580E-01   0.1939690665169E+00   0.3858169057285E-01  -0.1402515891905E+04   0.3289887444523E+04  -0.5344402624956E+04  -0.3078827773051E+00  -0.4722671093698E+00   0.4265501313920E+00   0.7072672467009E+00
   0.1887000000000E+02   0.4969262517051E+03   0.3584967784759E+00   0.1077294052745E+03  -0.8885230025207E-01   0.1939540531734E+00   0.3858257705208E-01  -0.1405324798845E+04   0.3286053252935E+04  -0.5346209229059E+04  -0.3086425203156E+00  -0.4727336766471E+00   0.4260281831378E+00   0.7069389314426E+00
   0.1888000000000E+02   0.4969130740304E+03   0.3585420579987E+00   0.1077284161020E+03  -0.8884982607141E-01   0.1939390382523E+00   0.3858346527122E-01  -0.1408125329666E+04   0.3282213138971E+04  -0.5348015889781E+04  -0.3094018659669E+00  -0.4731996373013E+00   0.4255057682954E+00   0.7066098143541E+00
   0.1889000000000E+02   0.4968998895923E+03   0.3585873986376E+00   0.1077274252037E+03  -0.8884735084463E-01   0.1939240217562E+00   0.3858435523066E-01  -0.1410917472379E+04   0.3278367121336E+04  -0.5349822607034E+04  -0.3101608134468E+00  -0.4736649908868E+00   0.4249828876097E+00   0.7062798959684E+00
   0.1890000000000E+02   0.4968866983986E+03   0.3586328003705E+00   0.1077264325814E+03  -0.8884487457257E-01   0.1939090036879E+00   0.3858524693081E-01  -0.1413701215036E+04   0.3274515218757E+04  -0.5351629380726E+04  -0.3109193619443E+00  -0.4741297369592E+00   0.4244595418261E+00   0.7059491768194E+00
   0.1891000000000E+02   0.4968735004570E+03   0.3586782631746E+00   0.1077254382369E+03  -0.8884239725603E-01   0.1938939840500E+00   0.3858614037205E-01  -0.1416476545734E+04   0.3270657449982E+04  -0.5353436210768E+04  -0.3116775106486E+00  -0.4745938750749E+00   0.4239357316903E+00   0.7056176574416E+00
   0.1892000000000E+02   0.4968602957754E+03   0.3587237870274E+00   0.1077244421718E+03  -0.8883991889585E-01   0.1938789628453E+00   0.3858703555476E-01  -0.1419243452611E+04   0.3266793833785E+04  -0.5355243097067E+04  -0.3124352587501E+00  -0.4750574047913E+00   0.4234114579485E+00   0.7052853383706E+00
   0.1893000000000E+02   0.4968470843615E+03   0.3587693719056E+00   0.1077234443879E+03  -0.8883743949286E-01   0.1938639400764E+00   0.3858793247934E-01  -0.1422001923849E+04   0.3262924388961E+04  -0.5357050039533E+04  -0.3131926054397E+00  -0.4755203256667E+00   0.4228867213471E+00   0.7049522201426E+00
   0.1894000000000E+02   0.4968338662232E+03   0.3588150177863E+00   0.1077224448870E+03  -0.8883495904787E-01   0.1938489157461E+00   0.3858883114614E-01  -0.1424751947673E+04   0.3259049134326E+04  -0.5358857038074E+04  -0.3139495499092E+00  -0.4759826372603E+00   0.4223615226327E+00   0.7046183032947E+00
   0.1895000000000E+02   0.4968206413684E+03   0.3588607246460E+00   0.1077214436708E+03  -0.8883247756173E-01   0.1938338898571E+00   0.3858973155553E-01  -0.1427493512350E+04   0.3255168088722E+04  -0.5360664092599E+04  -0.3147060913510E+00  -0.4764443391324E+00   0.4218358625527E+00   0.7042835883646E+00
   0.1896000000000E+02   0.4968074098049E+03   0.3589064924610E+00   0.1077204407410E+03  -0.8882999503526E-01   0.1938188624121E+00   0.3859063370787E-01  -0.1430226606191E+04   0.3251281271010E+04  -0.5362471203015E+04  -0.3154622289585E+00  -0.4769054308442E+00   0.4213097418543E+00   0.7039480758909E+00
   0.1897000000000E+02   0.4967941715406E+03   0.3589523212076E+00   0.1077194360995E+03  -0.8882751146931E-01   0.1938038334138E+00   0.3859153760352E-01  -0.1432951217549E+04   0.3247388700075E+04  -0.5364278369230E+04  -0.3162179619254E+00  -0.4773659119577E+00   0.4207831612856E+00   0.7036117664132E+00
   0.1898000000000E+02   0.4967809265833E+03   0.3589982108616E+00   0.1077184297479E+03  -0.8882502686470E-01   0.1937888028649E+00   0.3859244324282E-01  -0.1435667334822E+04   0.3243490394825E+04  -0.5366085591151E+04  -0.3169732894467E+00  -0.4778257820360E+00   0.4202561215945E+00   0.7032746604715E+00
   0.1899000000000E+02   0.4967676749410E+03   0.3590441613988E+00   0.1077174216881E+03  -0.8882254122228E-01   0.1937737707681E+00   0.3859335062610E-01  -0.1438374946448E+04   0.3239586374187E+04  -0.5367892868685E+04  -0.3177282107179E+00  -0.4782850406432E+00   0.4197286235297E+00   0.7029367586069E+00
   0.1900000000000E+02   0.4967544166217E+03   0.3590901727948E+00   0.1077164119218E+03  -0.8882005454289E-01   0.1937587371262E+00   0.3859425975371E-01  -0.1441074040910E+04   0.3235676657113E+04  -0.5369700201738E+04  -0.3184827249351E+00  -0.4787436873441E+00   0.4192006678400E+00   0.7025980613612E+00
   0.1901000000000E+02   0.4967411516332E+03   0.3591362450248E+00   0.1077154004508E+03  -0.8881756682736E-01   0.1937437019418E+00   0.3859517062597E-01  -0.1443764606736E+04   0.3231761262576E+04  -0.5371507590217E+04  -0.3192368312954E+00  -0.4792017217047E+00   0.4186722552746E+00   0.7022585692770E+00
   0.1902000000000E+02   0.4967278799834E+03   0.3591823780640E+00   0.1077143872769E+03  -0.8881507807655E-01   0.1937286652177E+00   0.3859608324320E-01  -0.1446446632493E+04   0.3227840209570E+04  -0.5373315034028E+04  -0.3199905289967E+00  -0.4796591432919E+00   0.4181433865831E+00   0.7019182828975E+00
   0.1903000000000E+02   0.4967146016805E+03   0.3592285718872E+00   0.1077133724018E+03  -0.8881258829131E-01   0.1937136269566E+00   0.3859699760571E-01  -0.1449120106794E+04   0.3223913517110E+04  -0.5375122533077E+04  -0.3207438172373E+00  -0.4801159516735E+00   0.4176140625152E+00   0.7015772027669E+00
   0.1904000000000E+02   0.4967013167323E+03   0.3592748264690E+00   0.1077123558274E+03  -0.8881009747248E-01   0.1936985871611E+00   0.3859791371381E-01  -0.1451785018296E+04   0.3219981204236E+04  -0.5376930087268E+04  -0.3214966952167E+00  -0.4805721464181E+00   0.4170842838213E+00   0.7012353294302E+00
   0.1905000000000E+02   0.4966880251468E+03   0.3593211417840E+00   0.1077113375554E+03  -0.8880760562090E-01   0.1936835458341E+00   0.3859883156781E-01  -0.1454441355697E+04   0.3216043290006E+04  -0.5378737696507E+04  -0.3222491621349E+00  -0.4810277270956E+00   0.4165540512519E+00   0.7008926634330E+00
   0.1906000000000E+02   0.4966747269321E+03   0.3593675178063E+00   0.1077103175876E+03  -0.8880511273745E-01   0.1936685029782E+00   0.3859975116799E-01  -0.1457089107740E+04   0.3212099793500E+04  -0.5380545360698E+04  -0.3230012171927E+00  -0.4814826932765E+00   0.4160233655578E+00   0.7005492053219E+00
   0.1907000000000E+02   0.4966614220963E+03   0.3594139545100E+00   0.1077092959259E+03  -0.8880261882296E-01   0.1936534585961E+00   0.3860067251465E-01  -0.1459728263211E+04   0.3208150733820E+04  -0.5382353079747E+04  -0.3237528595917E+00  -0.4819370445325E+00   0.4154922274903E+00   0.7002049556441E+00
   0.1908000000000E+02   0.4966481106472E+03   0.3594604518689E+00   0.1077082725721E+03  -0.8880012387830E-01   0.1936384126906E+00   0.3860159560807E-01  -0.1462358810938E+04   0.3204196130090E+04  -0.5384160853557E+04  -0.3245040885342E+00  -0.4823907804362E+00   0.4149606378010E+00   0.6998599149477E+00
   0.1909000000000E+02   0.4966347925931E+03   0.3595070098565E+00   0.1077072475279E+03  -0.8879762790433E-01   0.1936233652644E+00   0.3860252044853E-01  -0.1464980739796E+04   0.3200236001453E+04  -0.5385968682031E+04  -0.3252549032233E+00  -0.4828439005609E+00   0.4144285972417E+00   0.6995140837814E+00
   0.1910000000000E+02   0.4966214679420E+03   0.3595536284463E+00   0.1077062207953E+03  -0.8879513090190E-01   0.1936083163202E+00   0.3860344703629E-01  -0.1467594038700E+04   0.3196270367073E+04  -0.5387776565074E+04  -0.3260053028630E+00  -0.4832964044813E+00   0.4138961065646E+00   0.6991674626950E+00
   0.1911000000000E+02   0.4966081367019E+03   0.3596003076114E+00   0.1077051923759E+03  -0.8879263287188E-01   0.1935932658607E+00   0.3860437537161E-01  -0.1470198696610E+04   0.3192299246138E+04  -0.5389584502589E+04  -0.3267552866578E+00  -0.4837482917726E+00   0.4133631665224E+00   0.6988200522387E+00
   0.1912000000000E+02   0.4965947988810E+03   0.3596470473247E+00   0.1077041622716E+03  -0.8879013381513E-01   0.1935782138886E+00   0.3860530545477E-01  -0.1472794702529E+04   0.3188322657852E+04  -0.5391392494478E+04  -0.3275048538131E+00  -0.4841995620113E+00   0.4128297778678E+00   0.6984718529637E+00
   0.1913000000000E+02   0.4965814544875E+03   0.3596938475590E+00   0.1077031304844E+03  -0.8878763373252E-01   0.1935631604067E+00   0.3860623728599E-01  -0.1475382045505E+04   0.3184340621444E+04  -0.5393200540645E+04  -0.3282540035351E+00  -0.4846502147746E+00   0.4122959413541E+00   0.6981228654220E+00
   0.1914000000000E+02   0.4965681035293E+03   0.3597407082868E+00   0.1077020970159E+03  -0.8878513262492E-01   0.1935481054177E+00   0.3860717086553E-01  -0.1477960714628E+04   0.3180353156161E+04  -0.5395008640990E+04  -0.3290027350307E+00  -0.4851002496409E+00   0.4117616577348E+00   0.6977730901663E+00
   0.1915000000000E+02   0.4965547460148E+03   0.3597876294805E+00   0.1077010618680E+03  -0.8878263049320E-01   0.1935330489243E+00   0.3860810619363E-01  -0.1480530699033E+04   0.3176360281272E+04  -0.5396816795417E+04  -0.3297510475077E+00  -0.4855496661892E+00   0.4112269277637E+00   0.6974225277499E+00
   0.1916000000000E+02   0.4965413819520E+03   0.3598346111120E+00   0.1077000250427E+03  -0.8878012733822E-01   0.1935179909292E+00   0.3860904327051E-01  -0.1483091987898E+04   0.3172362016064E+04  -0.5398625003828E+04  -0.3304989401745E+00  -0.4859984639999E+00   0.4106917521951E+00   0.6970711787273E+00
   0.1917000000000E+02   0.4965280113492E+03   0.3598816531533E+00   0.1076989865416E+03  -0.8877762316088E-01   0.1935029314352E+00   0.3860998209641E-01  -0.1485644570444E+04   0.3168358379847E+04  -0.5400433266122E+04  -0.3312464122402E+00  -0.4864466426539E+00   0.4101561317833E+00   0.6967190436533E+00
   0.1918000000000E+02   0.4965146342145E+03   0.3599287555761E+00   0.1076979463668E+03  -0.8877511796203E-01   0.1934878704449E+00   0.3861092267153E-01  -0.1488188435937E+04   0.3164349391949E+04  -0.5402241582203E+04  -0.3319934629151E+00  -0.4868942017334E+00   0.4096200672833E+00   0.6963661230839E+00
   0.1919000000000E+02   0.4965012505562E+03   0.3599759183517E+00   0.1076969045200E+03  -0.8877261174256E-01   0.1934728079612E+00   0.3861186499609E-01  -0.1490723573688E+04   0.3160335071720E+04  -0.5404049951969E+04  -0.3327400914097E+00  -0.4873411408214E+00   0.4090835594502E+00   0.6960124175754E+00
   0.1920000000000E+02   0.4964878603824E+03   0.3600231414515E+00   0.1076958610031E+03  -0.8877010450335E-01   0.1934577439867E+00   0.3861280907029E-01  -0.1493249973048E+04   0.3156315438528E+04  -0.5405858375323E+04  -0.3334862969356E+00  -0.4877874595017E+00   0.4085466090394E+00   0.6956579276853E+00
   0.1921000000000E+02   0.4964744637015E+03   0.3600704248464E+00   0.1076948158179E+03  -0.8876759624528E-01   0.1934426785241E+00   0.3861375489434E-01  -0.1495767623416E+04   0.3152290511762E+04  -0.5407666852163E+04  -0.3342320787052E+00  -0.4882331573595E+00   0.4080092168066E+00   0.6953026539717E+00
   0.1922000000000E+02   0.4964610605217E+03   0.3601177685072E+00   0.1076937689664E+03  -0.8876508696923E-01   0.1934276115762E+00   0.3861470246843E-01  -0.1498276514232E+04   0.3148260310831E+04  -0.5409475382390E+04  -0.3349774359315E+00  -0.4886782339805E+00   0.4074713835080E+00   0.6949465969933E+00
   0.1923000000000E+02   0.4964476508512E+03   0.3601651724046E+00   0.1076927204504E+03  -0.8876257667609E-01   0.1934125431457E+00   0.3861565179273E-01  -0.1500776634981E+04   0.3144224855162E+04  -0.5411283965903E+04  -0.3357223678284E+00  -0.4891226889515E+00   0.4069331099000E+00   0.6945897573098E+00
   0.1924000000000E+02   0.4964342346983E+03   0.3602126365090E+00   0.1076916702718E+03  -0.8876006536675E-01   0.1933974732353E+00   0.3861660286744E-01  -0.1503267975193E+04   0.3140184164203E+04  -0.5413092602602E+04  -0.3364668736105E+00  -0.4895665218603E+00   0.4063943967393E+00   0.6942321354816E+00
   0.1925000000000E+02   0.4964208120714E+03   0.3602601607905E+00   0.1076906184325E+03  -0.8875755304209E-01   0.1933824018478E+00   0.3861755569271E-01  -0.1505750524441E+04   0.3136138257422E+04  -0.5414901292386E+04  -0.3372109524932E+00  -0.4900097322957E+00   0.4058552447828E+00   0.6938737320697E+00
   0.1926000000000E+02   0.4964073829787E+03   0.3603077452190E+00   0.1076895649344E+03  -0.8875503970302E-01   0.1933673289859E+00   0.3861851026873E-01  -0.1508224272341E+04   0.3132087154305E+04  -0.5416710035152E+04  -0.3379546036928E+00  -0.4904523198474E+00   0.4053156547880E+00   0.6935145476362E+00
   0.1927000000000E+02   0.4963939474286E+03   0.3603553897644E+00   0.1076885097793E+03  -0.8875252535041E-01   0.1933522546523E+00   0.3861946659565E-01  -0.1510689208556E+04   0.3128030874356E+04  -0.5418518830801E+04  -0.3386978264260E+00  -0.4908942841059E+00   0.4047756275124E+00   0.6931545827436E+00
   0.1928000000000E+02   0.4963805054294E+03   0.3604030943961E+00   0.1076874529691E+03  -0.8875000998516E-01   0.1933371788497E+00   0.3862042467362E-01  -0.1513145322790E+04   0.3123969437102E+04  -0.5420327679229E+04  -0.3394406199107E+00  -0.4913356246628E+00   0.4042351637141E+00   0.6927938379553E+00
   0.1929000000000E+02   0.4963670569895E+03   0.3604508590835E+00   0.1076863945058E+03  -0.8874749360818E-01   0.1933221015809E+00   0.3862138450278E-01  -0.1515592604792E+04   0.3119902862086E+04  -0.5422136580334E+04  -0.3401829833654E+00  -0.4917763411108E+00   0.4036942641513E+00   0.6924323138356E+00
   0.1930000000000E+02   0.4963536021173E+03   0.3604986837957E+00   0.1076853343913E+03  -0.8874497622036E-01   0.1933070228486E+00   0.3862234608329E-01  -0.1518031044357E+04   0.3115831168871E+04  -0.5423945534015E+04  -0.3409249160093E+00  -0.4922164330432E+00   0.4031529295825E+00   0.6920700109493E+00
   0.1931000000000E+02   0.4963401408212E+03   0.3605465685015E+00   0.1076842726274E+03  -0.8874245782260E-01   0.1932919426556E+00   0.3862330941527E-01  -0.1520460631322E+04   0.3111754377038E+04  -0.5425754540167E+04  -0.3416664170625E+00  -0.4926559000546E+00   0.4026111607666E+00   0.6917069298621E+00
   0.1932000000000E+02   0.4963266731094E+03   0.3605945131698E+00   0.1076832092161E+03  -0.8873993841581E-01   0.1932768610045E+00   0.3862427449885E-01  -0.1522881355570E+04   0.3107672506188E+04  -0.5427563598689E+04  -0.3424074857458E+00  -0.4930947417403E+00   0.4020689584628E+00   0.6913430711405E+00
   0.1933000000000E+02   0.4963131989906E+03   0.3606425177689E+00   0.1076821441593E+03  -0.8873741800088E-01   0.1932617778981E+00   0.3862524133415E-01  -0.1525293207026E+04   0.3103585575939E+04  -0.5429372709476E+04  -0.3431481212808E+00  -0.4935329576966E+00   0.4015263234305E+00   0.6909784353517E+00
   0.1934000000000E+02   0.4962997184730E+03   0.3606905822671E+00   0.1076810774590E+03  -0.8873489657872E-01   0.1932466933392E+00   0.3862620992129E-01  -0.1527696175662E+04   0.3099493605929E+04  -0.5431181872425E+04  -0.3438883228900E+00  -0.4939705475210E+00   0.4009832564295E+00   0.6906130230634E+00
   0.1935000000000E+02   0.4962862315652E+03   0.3607387066325E+00   0.1076800091170E+03  -0.8873237415025E-01   0.1932316073304E+00   0.3862718026037E-01  -0.1530090251492E+04   0.3095396615813E+04  -0.5432991087431E+04  -0.3446280897965E+00  -0.4944075108117E+00   0.4004397582200E+00   0.6902468348446E+00
   0.1936000000000E+02   0.4962727382756E+03   0.3607868908329E+00   0.1076789391352E+03  -0.8872985071637E-01   0.1932165198745E+00   0.3862815235149E-01  -0.1532475424576E+04   0.3091294625267E+04  -0.5434800354392E+04  -0.3453674212241E+00  -0.4948438471678E+00   0.3998958295622E+00   0.6898798712645E+00
   0.1937000000000E+02   0.4962592386127E+03   0.3608351348359E+00   0.1076778675157E+03  -0.8872732627799E-01   0.1932014309742E+00   0.3862912619475E-01  -0.1534851685017E+04   0.3087187653982E+04  -0.5436609673201E+04  -0.3461063163978E+00  -0.4952795561895E+00   0.3993514712168E+00   0.6895121328934E+00
   0.1938000000000E+02   0.4962457325850E+03   0.3608834386091E+00   0.1076767942604E+03  -0.8872480083603E-01   0.1931863406322E+00   0.3863010179024E-01  -0.1537219022963E+04   0.3083075721669E+04  -0.5438419043754E+04  -0.3468447745429E+00  -0.4957146374781E+00   0.3988066839448E+00   0.6891436203022E+00
   0.1939000000000E+02   0.4962322202009E+03   0.3609318021195E+00   0.1076757193711E+03  -0.8872227439140E-01   0.1931712488514E+00   0.3863107913804E-01  -0.1539577428608E+04   0.3078958848057E+04  -0.5440228465946E+04  -0.3475827948858E+00  -0.4961490906354E+00   0.3982614685074E+00   0.6887743340626E+00
   0.1940000000000E+02   0.4962187014690E+03   0.3609802253342E+00   0.1076746428499E+03  -0.8871974694502E-01   0.1931561556344E+00   0.3863205823823E-01  -0.1541926892188E+04   0.3074837052891E+04  -0.5442037939672E+04  -0.3483203766535E+00  -0.4965829152647E+00   0.3977158256662E+00   0.6884042747469E+00
   0.1941000000000E+02   0.4962051763979E+03   0.3610287082200E+00   0.1076735646987E+03  -0.8871721849781E-01   0.1931410609840E+00   0.3863303909086E-01  -0.1544267403984E+04   0.3070710355936E+04  -0.5443847464825E+04  -0.3490575190739E+00  -0.4970161109698E+00   0.3971697561831E+00   0.6880334429284E+00
   0.1942000000000E+02   0.4961916449960E+03   0.3610772507435E+00   0.1076724849194E+03  -0.8871468905069E-01   0.1931259649028E+00   0.3863402169602E-01  -0.1546598954324E+04   0.3066578776974E+04  -0.5445657041299E+04  -0.3497942213756E+00  -0.4974486773557E+00   0.3966232608201E+00   0.6876618391810E+00
   0.1943000000000E+02   0.4961781072720E+03   0.3611258528710E+00   0.1076714035141E+03  -0.8871215860458E-01   0.1931108673937E+00   0.3863500605374E-01  -0.1548921533576E+04   0.3062442335805E+04  -0.5447466668989E+04  -0.3505304827881E+00  -0.4978806140283E+00   0.3960763403396E+00   0.6872894640792E+00
   0.1944000000000E+02   0.4961645632343E+03   0.3611745145688E+00   0.1076703204847E+03  -0.8870962716041E-01   0.1930957684594E+00   0.3863599216408E-01  -0.1551235132158E+04   0.3058301052245E+04  -0.5449276347788E+04  -0.3512663025416E+00  -0.4983119205944E+00   0.3955289955045E+00   0.6869163181986E+00
   0.1945000000000E+02   0.4961510128917E+03   0.3612232358027E+00   0.1076692358331E+03  -0.8870709471910E-01   0.1930806681025E+00   0.3863698002709E-01  -0.1553539740527E+04   0.3054154946130E+04  -0.5451086077588E+04  -0.3520016798670E+00  -0.4987425966620E+00   0.3949812270776E+00   0.6865424021151E+00
   0.1946000000000E+02   0.4961374562526E+03   0.3612720165385E+00   0.1076681495613E+03  -0.8870456128158E-01   0.1930655663259E+00   0.3863796964279E-01  -0.1555835349190E+04   0.3050004037310E+04  -0.5452895858282E+04  -0.3527366139962E+00  -0.4991726418396E+00   0.3944330358222E+00   0.6861677164057E+00
   0.1947000000000E+02   0.4961238933258E+03   0.3613208567419E+00   0.1076670616714E+03  -0.8870202684878E-01   0.1930504631323E+00   0.3863896101122E-01  -0.1558121948695E+04   0.3045848345655E+04  -0.5454705689763E+04  -0.3534711041617E+00  -0.4996020557371E+00   0.3938844225020E+00   0.6857922616480E+00
   0.1948000000000E+02   0.4961103241198E+03   0.3613697563780E+00   0.1076659721652E+03  -0.8869949142164E-01   0.1930353585244E+00   0.3863995413241E-01  -0.1560399529635E+04   0.3041687891051E+04  -0.5456515571924E+04  -0.3542051495968E+00  -0.5000308379650E+00   0.3933353878807E+00   0.6854160384203E+00
   0.1949000000000E+02   0.4960967486433E+03   0.3614187154120E+00   0.1076648810448E+03  -0.8869695500108E-01   0.1930202525049E+00   0.3864094900636E-01  -0.1562668082650E+04   0.3037522693400E+04  -0.5458325504655E+04  -0.3549387495358E+00  -0.5004589881351E+00   0.3927859327225E+00   0.6850390473017E+00
   0.1950000000000E+02   0.4960831669049E+03   0.3614677338089E+00   0.1076637883121E+03  -0.8869441758805E-01   0.1930051450766E+00   0.3864194563308E-01  -0.1564927598423E+04   0.3033352772624E+04  -0.5460135487849E+04  -0.3556719032136E+00  -0.5008865058600E+00   0.3922360577918E+00   0.6846612888719E+00
   0.1951000000000E+02   0.4960695789134E+03   0.3615168115334E+00   0.1076626939693E+03  -0.8869187918347E-01   0.1929900362422E+00   0.3864294401259E-01  -0.1567178067682E+04   0.3029178148658E+04  -0.5461945521398E+04  -0.3564046098658E+00  -0.5013133907530E+00   0.3916857638533E+00   0.6842827637116E+00
   0.1952000000000E+02   0.4960559846773E+03   0.3615659485499E+00   0.1076615980181E+03  -0.8868933978829E-01   0.1929749260045E+00   0.3864394414488E-01  -0.1569419481199E+04   0.3024998841456E+04  -0.5463755605191E+04  -0.3571368687290E+00  -0.5017396424289E+00   0.3911350516720E+00   0.6839034724019E+00
   0.1953000000000E+02   0.4960423842055E+03   0.3616151448228E+00   0.1076605004608E+03  -0.8868679940345E-01   0.1929598143662E+00   0.3864494602993E-01  -0.1571651829792E+04   0.3020814870988E+04  -0.5465565739119E+04  -0.3578686790405E+00  -0.5021652605029E+00   0.3905839220130E+00   0.6835234155249E+00
   0.1954000000000E+02   0.4960287775066E+03   0.3616644003162E+00   0.1076594012992E+03  -0.8868425802989E-01   0.1929447013301E+00   0.3864594966773E-01  -0.1573875104325E+04   0.3016626257240E+04  -0.5467375923075E+04  -0.3586000400383E+00  -0.5025902445915E+00   0.3900323756419E+00   0.6831425936633E+00
   0.1955000000000E+02   0.4960151645893E+03   0.3617137149939E+00   0.1076583005354E+03  -0.8868171566856E-01   0.1929295868988E+00   0.3864695505826E-01  -0.1576089295703E+04   0.3012433020215E+04  -0.5469186156946E+04  -0.3593309509614E+00  -0.5030145943121E+00   0.3894804133245E+00   0.6827610074006E+00
   0.1956000000000E+02   0.4960015454624E+03   0.3617630888196E+00   0.1076571981714E+03  -0.8867917232040E-01   0.1929144710751E+00   0.3864796220149E-01  -0.1578294394880E+04   0.3008235179933E+04  -0.5470996440624E+04  -0.3600614110495E+00  -0.5034383092830E+00   0.3889280358269E+00   0.6823786573210E+00
   0.1957000000000E+02   0.4959879201347E+03   0.3618125217567E+00   0.1076560942091E+03  -0.8867662798637E-01   0.1928993538618E+00   0.3864897109738E-01  -0.1580490392853E+04   0.3004032756428E+04  -0.5472806773998E+04  -0.3607914195430E+00  -0.5038613891234E+00   0.3883752439154E+00   0.6819955440092E+00
   0.1958000000000E+02   0.4959742886148E+03   0.3618620137687E+00   0.1076549886508E+03  -0.8867408266740E-01   0.1928842352616E+00   0.3864998174589E-01  -0.1582677280664E+04   0.2999825769752E+04  -0.5474617156958E+04  -0.3615209756831E+00  -0.5042838334536E+00   0.3878220383566E+00   0.6816116680511E+00
   0.1959000000000E+02   0.4959606509117E+03   0.3619115648185E+00   0.1076538814983E+03  -0.8867153636445E-01   0.1928691152772E+00   0.3865099414697E-01  -0.1584855049401E+04   0.2995614239973E+04  -0.5476427589391E+04  -0.3622500787120E+00  -0.5047056418948E+00   0.3872684199174E+00   0.6812270300329E+00
   0.1960000000000E+02   0.4959470070340E+03   0.3619611748689E+00   0.1076527727536E+03  -0.8866898907849E-01   0.1928539939114E+00   0.3865200830057E-01  -0.1587023690194E+04   0.2991398187173E+04  -0.5478238071188E+04  -0.3629787278724E+00  -0.5051268140691E+00   0.3867143893649E+00   0.6808416305417E+00
   0.1961000000000E+02   0.4959333569906E+03   0.3620108438826E+00   0.1076516624190E+03  -0.8866644081045E-01   0.1928388711669E+00   0.3865302420662E-01  -0.1589183194222E+04   0.2987177631452E+04  -0.5480048602237E+04  -0.3637069224081E+00  -0.5055473495995E+00   0.3861599474666E+00   0.6804554701654E+00
   0.1962000000000E+02   0.4959197007904E+03   0.3620605718222E+00   0.1076505504963E+03  -0.8866389156130E-01   0.1928237470464E+00   0.3865404186505E-01  -0.1591333552706E+04   0.2982952592923E+04  -0.5481859182425E+04  -0.3644346615634E+00  -0.5059672481103E+00   0.3856050949900E+00   0.6800685494923E+00
   0.1963000000000E+02   0.4959060384421E+03   0.3621103586497E+00   0.1076494369876E+03  -0.8866134133199E-01   0.1928086215528E+00   0.3865506127579E-01  -0.1593474756915E+04   0.2978723091718E+04  -0.5483669811641E+04  -0.3651619445836E+00  -0.5063865092263E+00   0.3850498327032E+00   0.6796808691119E+00
   0.1964000000000E+02   0.4958923699546E+03   0.3621602043273E+00   0.1076483218949E+03  -0.8865879012350E-01   0.1927934946887E+00   0.3865608243875E-01  -0.1595606798159E+04   0.2974489147982E+04  -0.5485480489773E+04  -0.3658887707148E+00  -0.5068051325736E+00   0.3844941613744E+00   0.6792924296140E+00
   0.1965000000000E+02   0.4958786953367E+03   0.3622101088168E+00   0.1076472052204E+03  -0.8865623793677E-01   0.1927783664568E+00   0.3865710535386E-01  -0.1597729667798E+04   0.2970250781876E+04  -0.5487291216708E+04  -0.3666151392037E+00  -0.5072231177790E+00   0.3839380817720E+00   0.6789032315893E+00
   0.1966000000000E+02   0.4958650145974E+03   0.3622600720798E+00   0.1076460869661E+03  -0.8865368477278E-01   0.1927632368600E+00   0.3865813002100E-01  -0.1599843357232E+04   0.2966008013576E+04  -0.5489101992332E+04  -0.3673410492981E+00  -0.5076404644705E+00   0.3833815946648E+00   0.6785132756292E+00
   0.1967000000000E+02   0.4958513277456E+03   0.3623100940777E+00   0.1076449671340E+03  -0.8865113063248E-01   0.1927481059009E+00   0.3865915644008E-01  -0.1601947857911E+04   0.2961760863274E+04  -0.5490912816533E+04  -0.3680665002462E+00  -0.5080571722768E+00   0.3828247008217E+00   0.6781225623258E+00
   0.1968000000000E+02   0.4958376347900E+03   0.3623601747717E+00   0.1076438457262E+03  -0.8864857551686E-01   0.1927329735823E+00   0.3866018461100E-01  -0.1604043161327E+04   0.2957509351176E+04  -0.5492723689198E+04  -0.3687914912974E+00  -0.5084732408278E+00   0.3822674010120E+00   0.6777310922720E+00
   0.1969000000000E+02   0.4958239357397E+03   0.3624103141230E+00   0.1076427227447E+03  -0.8864601942687E-01   0.1927178399070E+00   0.3866121453363E-01  -0.1606129259018E+04   0.2953253497503E+04  -0.5494534610212E+04  -0.3695160217017E+00  -0.5088886697543E+00   0.3817096960052E+00   0.6773388660612E+00
   0.1970000000000E+02   0.4958102306036E+03   0.3624605120922E+00   0.1076415981917E+03  -0.8864346236349E-01   0.1927027048776E+00   0.3866224620786E-01  -0.1608206142568E+04   0.2948993322492E+04  -0.5496345579461E+04  -0.3702400907099E+00  -0.5093034586879E+00   0.3811515865711E+00   0.6769458842877E+00
   0.1971000000000E+02   0.4957965193906E+03   0.3625107686401E+00   0.1076404720692E+03  -0.8864090432769E-01   0.1926875684969E+00   0.3866327963356E-01  -0.1610273803605E+04   0.2944728846393E+04  -0.5498156596832E+04  -0.3709636975736E+00  -0.5097176072613E+00   0.3805930734796E+00   0.6765521475464E+00
   0.1972000000000E+02   0.4957828021097E+03   0.3625610837269E+00   0.1076393443793E+03  -0.8863834532044E-01   0.1926724307678E+00   0.3866431481059E-01  -0.1612332233803E+04   0.2940460089473E+04  -0.5499967662209E+04  -0.3716868415453E+00  -0.5101311151081E+00   0.3800341575010E+00   0.6761576564331E+00
   0.1973000000000E+02   0.4957690787698E+03   0.3626114573130E+00   0.1076382151241E+03  -0.8863578534273E-01   0.1926572916928E+00   0.3866535173881E-01  -0.1614381424881E+04   0.2936187072011E+04  -0.5501778775479E+04  -0.3724095218782E+00  -0.5105439818629E+00   0.3794748394059E+00   0.6757624115441E+00
   0.1974000000000E+02   0.4957553493800E+03   0.3626618893583E+00   0.1076370843056E+03  -0.8863322439553E-01   0.1926421512747E+00   0.3866639041807E-01  -0.1616421368604E+04   0.2931909814302E+04  -0.5503589936524E+04  -0.3731317378262E+00  -0.5109562071613E+00   0.3789151199649E+00   0.6753664134765E+00
   0.1975000000000E+02   0.4957416139491E+03   0.3627123798226E+00   0.1076359519261E+03  -0.8863066247982E-01   0.1926270095163E+00   0.3866743084822E-01  -0.1618452056782E+04   0.2927628336655E+04  -0.5505401145231E+04  -0.3738534886444E+00  -0.5113677906397E+00   0.3783549999492E+00   0.6749696628280E+00
   0.1976000000000E+02   0.4957278724863E+03   0.3627629286655E+00   0.1076348179874E+03  -0.8862809959659E-01   0.1926118664204E+00   0.3866847302910E-01  -0.1620473481269E+04   0.2923342659393E+04  -0.5507212401484E+04  -0.3745747735882E+00  -0.5117787319356E+00   0.3777944801300E+00   0.6745721601971E+00
   0.1977000000000E+02   0.4957141250006E+03   0.3628135358465E+00   0.1076336824918E+03  -0.8862553574681E-01   0.1925967219896E+00   0.3866951696054E-01  -0.1622485633966E+04   0.2919052802853E+04  -0.5509023705166E+04  -0.3752955919142E+00  -0.5121890306874E+00   0.3772335612788E+00   0.6741739061831E+00
   0.1978000000000E+02   0.4957003715009E+03   0.3628642013247E+00   0.1076325454414E+03  -0.8862297093147E-01   0.1925815762268E+00   0.3867056264236E-01  -0.1624488506819E+04   0.2914758787387E+04  -0.5510835056162E+04  -0.3760159428795E+00  -0.5125986865344E+00   0.3766722441674E+00   0.6737749013859E+00
   0.1979000000000E+02   0.4956866119963E+03   0.3629149250591E+00   0.1076314068382E+03  -0.8862040515156E-01   0.1925664291346E+00   0.3867161007439E-01  -0.1626482091820E+04   0.2910460633359E+04  -0.5512646454354E+04  -0.3767358257423E+00  -0.5130076991170E+00   0.3761105295677E+00   0.6733751464059E+00
   0.1980000000000E+02   0.4956728464960E+03   0.3629657070084E+00   0.1076302666845E+03  -0.8861783840806E-01   0.1925512807158E+00   0.3867265925644E-01  -0.1628466381004E+04   0.2906158361149E+04  -0.5514457899627E+04  -0.3774552397614E+00  -0.5134160680765E+00   0.3755484182520E+00   0.6729746418446E+00
   0.1981000000000E+02   0.4956590750089E+03   0.3630165471314E+00   0.1076291249822E+03  -0.8861527070198E-01   0.1925361309731E+00   0.3867371018831E-01  -0.1630441366455E+04   0.2901851991149E+04  -0.5516269391863E+04  -0.3781741841965E+00  -0.5138237930551E+00   0.3749859109929E+00   0.6725733883040E+00
   0.1982000000000E+02   0.4956452975441E+03   0.3630674453864E+00   0.1076279817335E+03  -0.8861270203430E-01   0.1925209799093E+00   0.3867476286981E-01  -0.1632407040299E+04   0.2897541543766E+04  -0.5518080930945E+04  -0.3788926583079E+00  -0.5142308736960E+00   0.3744230085629E+00   0.6721713863866E+00
   0.1983000000000E+02   0.4956315141108E+03   0.3631184017316E+00   0.1076268369406E+03  -0.8861013240601E-01   0.1925058275271E+00   0.3867581730072E-01  -0.1634363394711E+04   0.2893227039420E+04  -0.5519892516755E+04  -0.3796106613571E+00  -0.5146373096433E+00   0.3738597117352E+00   0.6717686366960E+00
   0.1984000000000E+02   0.4956177247180E+03   0.3631694161250E+00   0.1076256906055E+03  -0.8860756181811E-01   0.1924906738292E+00   0.3867687348083E-01  -0.1636310421908E+04   0.2888908498543E+04  -0.5521704149175E+04  -0.3803281926061E+00  -0.5150431005423E+00   0.3732960212829E+00   0.6713651398361E+00
   0.1985000000000E+02   0.4956039293749E+03   0.3632204885243E+00   0.1076245427305E+03  -0.8860499027160E-01   0.1924755188185E+00   0.3867793140992E-01  -0.1638248114155E+04   0.2884585941582E+04  -0.5523515828087E+04  -0.3810452513177E+00  -0.5154482460388E+00   0.3727319379794E+00   0.6709608964119E+00
   0.1986000000000E+02   0.4955901280906E+03   0.3632716188871E+00   0.1076233933175E+03  -0.8860241776747E-01   0.1924603624976E+00   0.3867899108777E-01  -0.1640176463761E+04   0.2880259388998E+04  -0.5525327553374E+04  -0.3817618367558E+00  -0.5158527457800E+00   0.3721674625984E+00   0.6705559070287E+00
   0.1987000000000E+02   0.4955763208743E+03   0.3633228071709E+00   0.1076222423689E+03  -0.8859984430674E-01   0.1924452048693E+00   0.3868005251414E-01  -0.1642095463081E+04   0.2875928861262E+04  -0.5527139324916E+04  -0.3824779481847E+00  -0.5162565994138E+00   0.3716025959139E+00   0.6701501722928E+00
   0.1988000000000E+02   0.4955625077350E+03   0.3633740533329E+00   0.1076210898866E+03  -0.8859726989039E-01   0.1924300459363E+00   0.3868111568879E-01  -0.1644005104517E+04   0.2871594378861E+04  -0.5528951142593E+04  -0.3831935848699E+00  -0.5166598065893E+00   0.3710373387000E+00   0.6697436928109E+00
   0.1989000000000E+02   0.4955486886821E+03   0.3634253573299E+00   0.1076199358730E+03  -0.8859469451944E-01   0.1924148857014E+00   0.3868218061148E-01  -0.1645905380515E+04   0.2867255962294E+04  -0.5530763006289E+04  -0.3839087460775E+00  -0.5170623669562E+00   0.3704716917311E+00   0.6693364691908E+00
   0.1990000000000E+02   0.4955348637246E+03   0.3634767191189E+00   0.1076187803300E+03  -0.8859211819489E-01   0.1923997241673E+00   0.3868324728194E-01  -0.1647796283566E+04   0.2862913632071E+04  -0.5532574915881E+04  -0.3846234310743E+00  -0.5174642801655E+00   0.3699056557818E+00   0.6689285020405E+00
   0.1991000000000E+02   0.4955210328719E+03   0.3635281386564E+00   0.1076176232599E+03  -0.8858954091775E-01   0.1923845613367E+00   0.3868431569993E-01  -0.1649677806209E+04   0.2858567408717E+04  -0.5534386871252E+04  -0.3853376391283E+00  -0.5178655458689E+00   0.3693392316269E+00   0.6685197919690E+00
   0.1992000000000E+02   0.4955071961330E+03   0.3635796158988E+00   0.1076164646648E+03  -0.8858696268903E-01   0.1923693972124E+00   0.3868538586517E-01  -0.1651549941026E+04   0.2854217312769E+04  -0.5536198872280E+04  -0.3860513695078E+00  -0.5182661637192E+00   0.3687724200415E+00   0.6681103395860E+00
   0.1993000000000E+02   0.4954933535172E+03   0.3636311508022E+00   0.1076153045470E+03  -0.8858438350974E-01   0.1923542317972E+00   0.3868645777739E-01  -0.1653412680647E+04   0.2849863364776E+04  -0.5538010918847E+04  -0.3867646214823E+00  -0.5186661333703E+00   0.3682052218009E+00   0.6677001455017E+00
   0.1994000000000E+02   0.4954795050337E+03   0.3636827433228E+00   0.1076141429084E+03  -0.8858180338089E-01   0.1923390650937E+00   0.3868753143631E-01  -0.1655266017745E+04   0.2845505585299E+04  -0.5539823010830E+04  -0.3874773943221E+00  -0.5190654544766E+00   0.3676376376806E+00   0.6672892103271E+00
   0.1995000000000E+02   0.4954656506919E+03   0.3637343934162E+00   0.1076129797514E+03  -0.8857922230351E-01   0.1923238971047E+00   0.3868860684165E-01  -0.1657109945042E+04   0.2841143994913E+04  -0.5541635148110E+04  -0.3881896872981E+00  -0.5194641266940E+00   0.3670696684564E+00   0.6668775346739E+00
   0.1996000000000E+02   0.4954517905009E+03   0.3637861010381E+00   0.1076118150781E+03  -0.8857664027859E-01   0.1923087278330E+00   0.3868968399311E-01  -0.1658944455303E+04   0.2836778614204E+04  -0.5543447330565E+04  -0.3889014996821E+00  -0.5198621496790E+00   0.3665013149042E+00   0.6664651191545E+00
   0.1997000000000E+02   0.4954379244700E+03   0.3638378661438E+00   0.1076106488907E+03  -0.8857405730717E-01   0.1922935572813E+00   0.3869076289039E-01  -0.1660769541339E+04   0.2832409463769E+04  -0.5545259558075E+04  -0.3896128307468E+00  -0.5202595230891E+00   0.3659325778003E+00   0.6660519643819E+00
   0.1998000000000E+02   0.4954240526085E+03   0.3638896886886E+00   0.1076094811914E+03  -0.8857147339026E-01   0.1922783854523E+00   0.3869184353319E-01  -0.1662585196009E+04   0.2828036564219E+04  -0.5547071830517E+04  -0.3903236797656E+00  -0.5206562465829E+00   0.3653634579211E+00   0.6656380709698E+00
   0.1999000000000E+02   0.4954101749258E+03   0.3639415686275E+00   0.1076083119822E+03  -0.8856888852889E-01   0.1922632123488E+00   0.3869292592119E-01  -0.1664391412216E+04   0.2823659936175E+04  -0.5548884147769E+04  -0.3910340460127E+00  -0.5210523198199E+00   0.3647939560431E+00   0.6652234395326E+00
   0.2000000000000E+02   0.4953962914310E+03   0.3639935059152E+00   0.1076071412656E+03  -0.8856630272407E-01   0.1922480379735E+00   0.3869401005407E-01  -0.1666188182907E+04   0.2819279600272E+04  -0.5550696509710E+04  -0.3917439287634E+00  -0.5214477424605E+00   0.3642240729433E+00   0.6648080706854E+00
