         t[s]                   u[ft/s]               v[ft/s]                 w[ft/s]                p[rad/s]             q[rad/s]            r[rad/s]                x[ft]                  y[ft]                  z[ft]                    e0                   ex                      ey                   ez
   0.0000000000000E+00   0.3264232510777E+03   0.0000000000000E+00   0.4845473305929E+02   0.0000000000000E+00   0.0000000000000E+00   0.0000000000000E+00   0.0000000000000E+00   0.0000000000000E+00  -0.1000000000000E+04  -0.2581167811952E+00   0.9633049417067E+00  -0.1905322474547E-01  -0.7110760279813E-01
   0.1000000000000E-01   0.3264234074567E+03  -0.1589292995067E+00   0.4786020076805E+02   0.2873953982551E-04  -0.3553819150756E-03  -0.1069223651309E-04   0.3167674577048E+01   0.2414754863599E+00  -0.1000891437422E+04  -0.2581168459294E+00   0.9633048653681E+00  -0.1905297762230E-01  -0.7110846819739E-01
   0.2000000000000E-01   0.3264231703653E+03  -0.3174315784337E+00   0.4726891110490E+02   0.1139740763262E-03  -0.6735440909836E-03  -0.4268378118323E-04   0.6336216183057E+01   0.4813672091972E+00  -0.1001777019930E+04  -0.2581172254035E+00   0.9633045976363E+00  -0.1905221339149E-01  -0.7111092242138E-01
   0.3000000000000E-01   0.3264225234738E+03  -0.4754143695946E+00   0.4668094553234E+02   0.2542312505965E-03  -0.9551017086527E-03  -0.9583720518990E-04   0.9505613667153E+01   0.7196939237935E+00  -0.1002656785373E+04  -0.2581181922086E+00   0.9633040816847E+00  -0.1905089725337E-01  -0.7111475496952E-01
   0.4000000000000E-01   0.3264214516568E+03  -0.6327876617109E+00   0.4609638363946E+02   0.4480443141459E-03  -0.1200666582752E-02  -0.1700025859746E-03   0.1267585599489E+02   0.9564742032184E+00  -0.1003530771259E+04  -0.2581200118636E+00   0.9633032623451E+00  -0.1904899378815E-01  -0.7111975862167E-01
   0.5000000000000E-01   0.3264199409662E+03  -0.7894638810920E+00   0.4551530314828E+02   0.6939528081393E-03  -0.1410847180618E-02  -0.2650180067521E-03   0.1584693224711E+02   0.1191726437462E+01  -0.1004399014756E+04  -0.2581229428398E+00   0.9633020861006E+00  -0.1904646702217E-01  -0.7112572943748E-01
   0.6000000000000E-01   0.3264179786031E+03  -0.9453578718483E+00   0.4493777991953E+02   0.9905032118200E-03  -0.1586248638224E-02  -0.3807100439055E-03   0.1901883161885E+02   0.1425468832683E+01  -0.1005261552686E+04  -0.2581272365881E+00   0.9633005010758E+00  -0.1904328049208E-01  -0.7113246675496E-01
   0.7000000000000E-01   0.3264155528908E+03  -0.1100386874743E+01   0.4436388795801E+02   0.1336249560825E-02  -0.1727472773128E-02  -0.5168942423398E-03   0.2219154341835E+02   0.1657719410570E+01  -0.1006118421526E+04  -0.2581331375699E+00   0.9632984570263E+00  -0.1903939730671E-01  -0.7113977318835E-01
   0.8000000000000E-01   0.3264126532462E+03  -0.1254470504781E+01   0.4379369941754E+02   0.1729754036119E-02  -0.1835118094324E-02  -0.6733755788866E-03   0.2536505706610E+02   0.1888496007804E+01  -0.1006969657405E+04  -0.2581408832897E+00   0.9632959053257E+00  -0.1903478020687E-01  -0.7114745462537E-01
   0.9000000000000E-01   0.3264092701521E+03  -0.1407530727643E+01   0.4322728460559E+02   0.2169587524265E-02  -0.1909779808979E-02  -0.8499489138630E-03   0.2853936209394E+02   0.2117816275635E+01  -0.1007815296104E+04  -0.2581507043316E+00   0.9632927989513E+00  -0.1902939162305E-01  -0.7115532022364E-01
   0.1000000000000E+00   0.3264053951287E+03  -0.1559491835040E+01   0.4266471198764E+02   0.2654330149789E-02  -0.1952049826014E-02  -0.1046399430903E-02   0.3171444814425E+02   0.2345697679543E+01  -0.1008655373050E+04  -0.2581628243977E+00   0.9632890924686E+00  -0.1902319373114E-01  -0.7116318240653E-01
   0.1100000000000E+00   0.3264010207059E+03  -0.1710280419103E+01   0.4210604819148E+02   0.3182571780358E-02  -0.1962516756539E-02  -0.1262503065187E-02   0.3489030496916E+02   0.2572157499009E+01  -0.1009489923319E+04  -0.2581774603488E+00   0.9632847420145E+00  -0.1901614850616E-01  -0.7117085685829E-01
   0.1200000000000E+00   0.3263961403943E+03  -0.1859825345879E+01   0.4155135801125E+02   0.3752912505530E-02  -0.1941765911132E-02  -0.1498026920222E-02   0.3806692242982E+02   0.2797212827364E+01  -0.1010318981631E+04  -0.2581948222479E+00   0.9632797052788E+00  -0.1900821777407E-01  -0.7117816251851E-01
   0.1300000000000E+00   0.3263907486574E+03  -0.2008057728023E+01   0.4100070441154E+02   0.4363963089820E-02  -0.1890379294007E-02  -0.1752729673297E-02   0.4124429049575E+02   0.3020880571732E+01  -0.1011142582350E+04  -0.2582151134059E+00   0.9632739414853E+00  -0.1899936326176E-01  -0.7118492157590E-01
   0.1400000000000E+00   0.3263848408829E+03  -0.2154910896768E+01   0.4045414853143E+02   0.5014345400825E-02  -0.1808935594079E-02  -0.2026361969808E-02   0.4442239924421E+02   0.3243177453055E+01  -0.1011960759482E+04  -0.2582385304291E+00   0.9632674113718E+00  -0.1898954664522E-01  -0.7119095946149E-01
   0.1500000000000E+00   0.3263784133548E+03  -0.2300320373254E+01   0.3991174968865E+02   0.5702692813156E-02  -0.1698010172994E-02  -0.2318666806587E-02   0.4760123885961E+02   0.3464120006197E+01  -0.1012773546675E+04  -0.2582652632691E+00   0.9632600771686E+00  -0.1897872959596E-01  -0.7119610484107E-01
   0.1600000000000E+00   0.3263714632244E+03  -0.2444223839275E+01   0.3937356538378E+02   0.6427650588933E-02  -0.1558175050167E-02  -0.2629379904433E-02   0.5078079963297E+02   0.3683724580123E+01  -0.1013580977216E+04  -0.2582954952741E+00   0.9632519025771E+00  -0.1896687382577E-01  -0.7120018960708E-01
   0.1700000000000E+00   0.3263639884832E+03  -0.2586561107544E+01   0.3883965130468E+02   0.7187876235559E-02  -0.1389998884897E-02  -0.2958230070019E-02   0.5396107196145E+02   0.3902007338154E+01  -0.1014383084029E+04  -0.2583294032426E+00   0.9632428527467E+00  -0.1895394112978E-01  -0.7120304886983E-01
   0.1800000000000E+00   0.3263559879337E+03  -0.2727274091515E+01   0.3831006133107E+02   0.7982039841543E-02  -0.1194046955641E-02  -0.3304939547364E-02   0.5714204634785E+02   0.4118984258288E+01  -0.1015179899676E+04  -0.2583671574786E+00   0.9632328942524E+00  -0.1893989342798E-01  -0.7120452094812E-01
   0.1900000000000E+00   0.3263474611623E+03  -0.2866306774847E+01   0.3778484753940E+02   0.8808824391072E-02  -0.9708811365256E-03  -0.3669224359070E-02   0.6032371340023E+02   0.4334671133584E+01  -0.1015971456356E+04  -0.2584089218480E+00   0.9632219950706E+00  -0.1892469280516E-01  -0.7120444735916E-01
   0.2000000000000E+00   0.3263384085111E+03  -0.3003605180562E+01   0.3726406020792E+02   0.9666926058086E-02  -0.7210598711819E-03  -0.4050794637511E-02   0.6350606383150E+02   0.4549083572619E+01  -0.1016757785901E+04  -0.2584548538376E+00   0.9632101245550E+00  -0.1890830154937E-01  -0.7120267280797E-01
   0.2100000000000E+00   0.3263288310503E+03  -0.3139117339963E+01   0.3674774782223E+02   0.1055505448056E-01  -0.4451381440170E-03  -0.4449354946194E-02   0.6668908845905E+02   0.4762236999992E+01  -0.1017538919779E+04  -0.2585051046140E+00   0.9631972534123E+00  -0.1889068218893E-01  -0.7119904517614E-01
   0.2200000000000E+00   0.3263187305509E+03  -0.3272793261365E+01   0.3623595708097E+02   0.1147193301569E-01  -0.1436674490112E-03  -0.4864604591491E-02   0.6987277820445E+02   0.4974146656892E+01  -0.1018314889090E+04  -0.2585598190856E+00   0.9631833536770E+00  -0.1887179752804E-01  -0.7119341550996E-01
   0.2300000000000E+00   0.3263081094572E+03  -0.3404584898694E+01   0.3572873290210E+02   0.1241629897675E-01   0.1828042438409E-03  -0.5296237924949E-02   0.7305712409312E+02   0.5184827601719E+01  -0.1019085724567E+04  -0.2586191359644E+00   0.9631683986869E+00  -0.1885161068101E-01  -0.7118563800799E-01
   0.2400000000000E+00   0.3262969708604E+03  -0.3534446120004E+01   0.3522611842945E+02   0.1338690385221E-01   0.5337325243331E-03  -0.5743944636406E-02   0.7624211725404E+02   0.5394294710750E+01  -0.1019851456574E+04  -0.2586831878298E+00   0.9631523630575E+00  -0.1883008510525E-01  -0.7117557000805E-01
   0.2500000000000E+00   0.3262853184710E+03  -0.3662332675960E+01   0.3472815503975E+02   0.1438251350790E-01   0.9085765799767E-03  -0.6207410038106E-02   0.7942774891953E+02   0.5602562678860E+01  -0.1020612115106E+04  -0.2587521011934E+00   0.9631352226564E+00  -0.1880718463285E-01  -0.7116307197356E-01
   0.2600000000000E+00   0.3262731565934E+03  -0.3788202168338E+01   0.3423488235014E+02   0.1540190837283E-01   0.1306799235932E-02  -0.6686315340063E-02   0.8261401042499E+02   0.5809646020283E+01  -0.1021367729790E+04  -0.2588259965648E+00   0.9631169545787E+00  -0.1878287350111E-01  -0.7114800747941E-01
   0.2700000000000E+00   0.3262604900987E+03  -0.3912014018574E+01   0.3374633822614E+02   0.1644388360935E-01   0.1727866996817E-02  -0.7180337916856E-02   0.8580089320867E+02   0.6015559069415E+01  -0.1022118329882E+04  -0.2589049885183E+00   0.9630975371208E+00  -0.1875711638175E-01  -0.7113024319721E-01
   0.2800000000000E+00   0.3262473243998E+03  -0.4033729436419E+01   0.3326255879011E+02   0.1750724926832E-01   0.2171250090268E-02  -0.7689151566103E-02   0.8898838881148E+02   0.6220315981663E+01  -0.1022863944266E+04  -0.2589891857605E+00   0.9630769497554E+00  -0.1872987840901E-01  -0.7110964887996E-01
   0.2900000000000E+00   0.3262336654251E+03  -0.4153311388718E+01   0.3278357843021E+02   0.1859083042987E-01   0.2636422512119E-02  -0.8212426758823E-02   0.9217648887679E+02   0.6423930734321E+01  -0.1023604601457E+04  -0.2590786911989E+00   0.9630551731063E+00  -0.1870112520666E-01  -0.7108609734618E-01
   0.3000000000000E+00   0.3262195195940E+03  -0.4270724568364E+01   0.3230942980997E+02   0.1969346733048E-01   0.3122862073069E-02  -0.8749830881906E-02   0.9536518515025E+02   0.6626417127491E+01  -0.1024340329600E+04  -0.2591736020116E+00   0.9630321889232E+00  -0.1867082291394E-01  -0.7105946446358E-01
   0.3100000000000E+00   0.3262048937915E+03  -0.4385935363462E+01   0.3184014387825E+02   0.2081401547682E-01   0.3630050446706E-02  -0.9301028472911E-02   0.9855446947963E+02   0.6827788785029E+01  -0.1025071156467E+04  -0.2592740097164E+00   0.9630079800569E+00  -0.1863893821042E-01  -0.7102962913204E-01
   0.3200000000000E+00   0.3261897953442E+03  -0.4498911826713E+01   0.3137574987988E+02   0.2195134574722E-01   0.4157473218755E-02  -0.9865681447415E-02   0.1017443338146E+03   0.7028059155525E+01  -0.1025797109459E+04  -0.2593800002426E+00   0.9629825304345E+00  -0.1860543833994E-01  -0.7099647326623E-01
   0.3300000000000E+00   0.3261742319961E+03  -0.4609623645078E+01   0.3091627536678E+02   0.2310434448101E-01   0.4704619937410E-02  -0.1044344931912E-01   0.1049347702068E+03   0.7227241513311E+01  -0.1026518215607E+04  -0.2594916540015E+00   0.9629558250350E+00  -0.1857029113347E-01  -0.7095988177755E-01
   0.3400000000000E+00   0.3261582118849E+03  -0.4718042109720E+01   0.3046174620968E+02   0.2427191355666E-01   0.5270984164627E-02  -0.1103398941297E-01   0.1081257708092E+03   0.7425348959489E+01  -0.1027234501569E+04  -0.2596090459586E+00   0.9629278498653E+00  -0.1853346503118E-01  -0.7091974255569E-01
   0.3500000000000E+00   0.3261417435190E+03  -0.4824140086269E+01   0.3001218661035E+02   0.2545297045900E-01   0.5856063528235E-02  -0.1163695707141E-01   0.1113173278766E+03   0.7622394422995E+01  -0.1027945993633E+04  -0.2597322457059E+00   0.9628985919363E+00  -0.1849492910348E-01  -0.7087594644963E-01
   0.3600000000000E+00   0.3261248357544E+03  -0.4927891985419E+01   0.2956761911446E+02   0.2664644833621E-01   0.6459359774730E-02  -0.1225200585412E-01   0.1145094337649E+03   0.7818390661669E+01  -0.1028652717715E+04  -0.2598613175349E+00   0.9628680392395E+00  -0.1845465307126E-01  -0.7082838724813E-01
   0.3700000000000E+00   0.3261074977724E+03  -0.5029273733891E+01   0.2912806462494E+02   0.2785129604709E-01   0.7080378822638E-02  -0.1287878773134E-01   0.1177020809313E+03   0.8013350263361E+01  -0.1029354699362E+04  -0.2599963205095E+00   0.9628361807240E+00  -0.1841260732526E-01  -0.7077696165976E-01
   0.3800000000000E+00   0.3260897390580E+03  -0.5128262745765E+01   0.2869354241594E+02   0.2906647819906E-01   0.7718630816292E-02  -0.1351695327101E-01   0.1208952619341E+03   0.8207285647041E+01  -0.1030051963750E+04  -0.2601373085399E+00   0.9628030062740E+00  -0.1836876294467E-01  -0.7072156929247E-01
   0.3900000000000E+00   0.3260715693781E+03  -0.5224837894216E+01   0.2826407014736E+02   0.3029097517753E-01   0.8373630179908E-02  -0.1416615181996E-01   0.1240889694323E+03   0.8400209063934E+01  -0.1030744535684E+04  -0.2602843304565E+00   0.9627685066864E+00  -0.1832309171489E-01  -0.7066211263265E-01
   0.4000000000000E+00   0.3260529987605E+03  -0.5318979483647E+01   0.2783966387989E+02   0.3152378316693E-01   0.9044895671837E-02  -0.1482603167940E-01   0.1272831961858E+03   0.8592132598669E+01  -0.1031432439602E+04  -0.2604374300840E+00   0.9627326736490E+00  -0.1827556614454E-01  -0.7059849702376E-01
   0.4100000000000E+00   0.3260340374736E+03  -0.5410669222261E+01   0.2742033809067E+02   0.3276391416408E-01   0.9731950438846E-02  -0.1549624027471E-01   0.1304779350551E+03   0.8783068170435E+01  -0.1032115699571E+04  -0.2605966463158E+00   0.9626954997196E+00  -0.1822615948179E-01  -0.7053063064450E-01
   0.4200000000000E+00   0.3260146960061E+03  -0.5499890195056E+01   0.2700610568939E+02   0.3401039598418E-01   0.1043432207033E-01  -0.1617642432000E-01   0.1336731790009E+03   0.8973027534154E+01  -0.1032794339291E+04  -0.2607620131891E+00   0.9626569783049E+00  -0.1817484572990E-01  -0.7045842448656E-01
   0.4300000000000E+00   0.3259949850478E+03  -0.5586626837270E+01   0.2659697803505E+02   0.3526227226000E-01   0.1115154265233E-01  -0.1686622997745E-01   0.1368689210843E+03   0.9162022281663E+01  -0.1033468382094E+04  -0.2609335599593E+00   0.9626171036403E+00  -0.1812159966215E-01  -0.7038179233193E-01
   0.4400000000000E+00   0.3259749154701E+03  -0.5670864908282E+01   0.2619296495317E+02   0.3651860243455E-01   0.1188314882118E-01  -0.1756530301163E-01   0.1400651544663E+03   0.9350063842904E+01  -0.1034137850946E+04  -0.2611113111751E+00   0.9625758707701E+00  -0.1806639683606E-01  -0.7030065072976E-01
   0.4500000000000E+00   0.3259544983079E+03  -0.5752591465972E+01   0.2579407475349E+02   0.3777846174787E-01   0.1262868181681E-01  -0.1827328893912E-01   0.1432618724079E+03   0.9537163487117E+01  -0.1034802768446E+04  -0.2612952867538E+00   0.9625332755282E+00  -0.1800921360693E-01  -0.7021491897286E-01
   0.4600000000000E+00   0.3259337447409E+03  -0.5831794841551E+01   0.2540031424827E+02   0.3904094121802E-01   0.1338768753540E-01  -0.1898983317338E-01   0.1464590682695E+03   0.9723332324048E+01  -0.1035463156830E+04  -0.2614855020566E+00   0.9624893145197E+00  -0.1795002714087E-01  -0.7012451907378E-01
   0.4700000000000E+00   0.3259126660767E+03  -0.5908464614865E+01   0.2501168877102E+02   0.4030514761698E-01   0.1415971658143E-01  -0.1971458116537E-01   0.1496567355109E+03   0.9908581305148E+01  -0.1036119037968E+04  -0.2616819679633E+00   0.9624439851019E+00  -0.1788881542713E-01  -0.7002937574048E-01
   0.4800000000000E+00   0.3258912737335E+03  -0.5982591590164E+01   0.2462820219569E+02   0.4157020344157E-01   0.1494432431896E-01  -0.2044717853969E-01   0.1528548676913E+03   0.1009292122479E+02  -0.1036770433369E+04  -0.2618846909484E+00   0.9623972853676E+00  -0.1782555728986E-01  -0.6992941635166E-01
   0.4900000000000E+00   0.3258695792233E+03  -0.6054167772369E+01   0.2424985695640E+02   0.4283524687990E-01   0.1574107092200E-01  -0.2118727122684E-01   0.1560534584684E+03   0.1027636272148E+02  -0.1037417364180E+04  -0.2620936731557E+00   0.9623492141271E+00  -0.1776023239933E-01  -0.6982457093171E-01
   0.5000000000000E+00   0.3258475941363E+03  -0.6123186343796E+01   0.2387665406756E+02   0.4409943177360E-01   0.1654952142396E-01  -0.2193450559142E-01   0.1592525015988E+03   0.1045891627907E+02  -0.1038059851187E+04  -0.2623089124741E+00   0.9622997708922E+00  -0.1769282128255E-01  -0.6971477212526E-01
   0.5100000000000E+00   0.3258253301249E+03  -0.6189641641374E+01   0.2350859314446E+02   0.4536192757626E-01   0.1736924576599E-01  -0.2268852855661E-01   0.1624519909374E+03   0.1064059222796E+02  -0.1038697914816E+04  -0.2625304026128E+00   0.9622489558598E+00  -0.1762330533343E-01  -0.6959995517146E-01
   0.5200000000000E+00   0.3258027988893E+03  -0.6253529134336E+01   0.2314567242427E+02   0.4662191930819E-01   0.1819981884413E-01  -0.2344898772504E-01   0.1656519204370E+03   0.1082140074632E+02  -0.1039331575137E+04  -0.2627581331763E+00   0.9621967698962E+00  -0.1755166682234E-01  -0.6948005787785E-01
   0.5300000000000E+00   0.3257800121625E+03  -0.6314845402379E+01   0.2278788878744E+02   0.4787860750810E-01   0.1904082055528E-01  -0.2421553149622E-01   0.1688522841481E+03   0.1100135186131E+02  -0.1039960851863E+04  -0.2629920897397E+00   0.9621432145227E+00  -0.1747788890522E-01  -0.6935502059396E-01
   0.5400000000000E+00   0.3257569816965E+03  -0.6373588114310E+01   0.2243523777952E+02   0.4913120818160E-01   0.1989183584178E-01  -0.2498780918067E-01   0.1720530762187E+03   0.1118045545028E+02  -0.1040585764351E+04  -0.2632322539240E+00   0.9620882919005E+00  -0.1740195563211E-01  -0.6922478618455E-01
   0.5500000000000E+00   0.3257337192488E+03  -0.6429756007142E+01   0.2208771363333E+02   0.5037895274722E-01   0.2075245473451E-01  -0.2576547111085E-01   0.1752542908938E+03   0.1135872124194E+02  -0.1041206331605E+04  -0.2634786034707E+00   0.9620320048167E+00  -0.1732385195533E-01  -0.6908930000260E-01
   0.5600000000000E+00   0.3257102365696E+03  -0.6483348865669E+01   0.2174530929145E+02   0.5162108797975E-01   0.2162227239459E-01  -0.2654816874911E-01   0.1784559225148E+03   0.1153615881763E+02  -0.1041822572279E+04  -0.2637311123169E+00   0.9619743566715E+00  -0.1724356373709E-01  -0.6894850986196E-01
   0.5700000000000E+00   0.3256865453891E+03  -0.6534367502492E+01   0.2140801642914E+02   0.5285687595158E-01   0.2250088915342E-01  -0.2733555479274E-01   0.1816579655195E+03   0.1171277761244E+02  -0.1042434504673E+04  -0.2639897506699E+00   0.9619153514644E+00  -0.1716107775661E-01  -0.6880236600974E-01
   0.5800000000000E+00   0.3256626574060E+03  -0.6582813738489E+01   0.2107582547749E+02   0.5408559397189E-01   0.2338791055105E-01  -0.2812728327623E-01   0.1848604144416E+03   0.1188858691644E+02  -0.1043042146742E+04  -0.2642544850822E+00   0.9618549937823E+00  -0.1707638171695E-01  -0.6865082109844E-01
   0.5900000000000E+00   0.3256385842753E+03  -0.6628690383744E+01   0.2074872564689E+02   0.5530653452419E-01   0.2428294737289E-01  -0.2892300967099E-01   0.1880632639099E+03   0.1206359587585E+02  -0.1043645516091E+04  -0.2645252785252E+00   0.9617932887871E+00  -0.1698946425120E-01  -0.6849383015779E-01
   0.6000000000000E+00   0.3256143375982E+03  -0.6672001218895E+01   0.2042670495084E+02   0.5651900520223E-01   0.2518561568456E-01  -0.2972239098245E-01   0.1912665086483E+03   0.1223781349424E+02  -0.1044244629984E+04  -0.2648020904642E+00   0.9617302422046E+00  -0.1690031492837E-01  -0.6833135056638E-01
   0.6100000000000E+00   0.3255899289111E+03  -0.6712750976921E+01   0.2010975022996E+02   0.5772232864457E-01   0.2609553686489E-01  -0.3052508584483E-01   0.1944701434752E+03   0.1241124863364E+02  -0.1044839505339E+04  -0.2650848769322E+00   0.9616658603129E+00  -0.1680892425883E-01  -0.6816334202305E-01
   0.6200000000000E+00   0.3255653696759E+03  -0.6750945325343E+01   0.1979784717624E+02   0.5891584246791E-01   0.2701233763710E-01  -0.3133075461364E-01   0.1976741633027E+03   0.1258391001575E+02  -0.1045430158733E+04  -0.2653735906036E+00   0.9616001499323E+00  -0.1671528369932E-01  -0.6798976651803E-01
   0.6300000000000E+00   0.3255406712704E+03  -0.6786590848832E+01   0.1949098035756E+02   0.6009889919948E-01   0.2793565009785E-01  -0.3213905945595E-01   0.2008785631365E+03   0.1275580622306E+02  -0.1046016606405E+04  -0.2656681808685E+00   0.9615331184147E+00  -0.1661938565752E-01  -0.6781058830389E-01
   0.6400000000000E+00   0.3255158449794E+03  -0.6819695032220E+01   0.1918913324239E+02   0.6127086620844E-01   0.2886511174439E-01  -0.3294966443862E-01   0.2040833380749E+03   0.1292694570003E+02  -0.1046598864256E+04  -0.2659685939057E+00   0.9614647736340E+00  -0.1652122349630E-01  -0.6762577386628E-01
   0.6500000000000E+00   0.3254909019862E+03  -0.6850266243893E+01   0.1889228822470E+02   0.6243112563662E-01   0.2980036549963E-01  -0.3376223561460E-01   0.2072884833089E+03   0.1309733675415E+02  -0.1047176947853E+04  -0.2662747727564E+00   0.9613951239766E+00  -0.1642079153750E-01  -0.6743529189449E-01
   0.6600000000000E+00   0.3254658533645E+03  -0.6878313719567E+01   0.1860042664896E+02   0.6357907432870E-01   0.3074105973506E-01  -0.3457644110724E-01   0.2104939941209E+03   0.1326698755715E+02  -0.1047750872429E+04  -0.2665866573971E+00   0.9613241783325E+00  -0.1631808506534E-01  -0.6723911325185E-01
   0.6700000000000E+00   0.3254407100706E+03  -0.6903847546427E+01   0.1831352883540E+02   0.6471412376176E-01   0.3168684829151E-01  -0.3539195119294E-01   0.2136998658845E+03   0.1343590614605E+02  -0.1048320652886E+04  -0.2669041848128E+00   0.9612519460868E+00  -0.1621310032946E-01  -0.6703721094589E-01
   0.6800000000000E+00   0.3254154829368E+03  -0.6926878647619E+01   0.1803157410533E+02   0.6583569997466E-01   0.3263739049780E-01  -0.3620843838200E-01   0.2169060940636E+03   0.1360410042426E+02  -0.1048886303800E+04  -0.2672272890692E+00   0.9611784371111E+00  -0.1610583454756E-01  -0.6682956009846E-01
   0.6900000000000E+00   0.3253901826642E+03  -0.6947418767090E+01   0.1775454080655E+02   0.6694324349699E-01   0.3359235118711E-01  -0.3702557749789E-01   0.2201126742123E+03   0.1377157816272E+02  -0.1049447839419E+04  -0.2675559013856E+00   0.9611036617557E+00  -0.1599628590768E-01  -0.6661613791559E-01
   0.7000000000000E+00   0.3253648198167E+03  -0.6965480454750E+01   0.1748240633892E+02   0.6803620927796E-01   0.3455140071108E-01  -0.3784304575495E-01   0.2233196019735E+03   0.1393834700093E+02  -0.1050005273666E+04  -0.2678899502069E+00   0.9610276308420E+00  -0.1588445357007E-01  -0.6639692365731E-01
   0.7100000000000E+00   0.3253394048150E+03  -0.6981077051960E+01   0.1721514717993E+02   0.6911406661509E-01   0.3551421495170E-01  -0.3866052283467E-01   0.2265268730786E+03   0.1410441444803E+02  -0.1050558620145E+04  -0.2682293612758E+00   0.9609503556553E+00  -0.1577033766873E-01  -0.6617189860732E-01
   0.7200000000000E+00   0.3253139479317E+03  -0.6994222677318E+01   0.1695273891039E+02   0.7017629908299E-01   0.3648047533089E-01  -0.3947769096046E-01   0.2297344833470E+03   0.1426978788389E+02  -0.1051107892140E+04  -0.2685740577044E+00   0.9608718479376E+00  -0.1565393931254E-01  -0.6594104604252E-01
   0.7300000000000E+00   0.3252884592855E+03  -0.7004932212747E+01   0.1669515624008E+02   0.7122240446212E-01   0.3744986881770E-01  -0.4029423497119E-01   0.2329424286847E+03   0.1443447456010E+02  -0.1051653102617E+04  -0.2689239600456E+00   0.9607921198808E+00  -0.1553526058610E-01  -0.6570435120247E-01
   0.7400000000000E+00   0.3252629488374E+03  -0.7013221289853E+01   0.1644237303347E+02   0.7225189466762E-01   0.3842208793325E-01  -0.4110984239341E-01   0.2361507050844E+03   0.1459848160105E+02  -0.1052194264231E+04  -0.2692789863647E+00   0.9607111841202E+00  -0.1541430455008E-01  -0.6546180125880E-01
   0.7500000000000E+00   0.3252374263862E+03  -0.7019106276557E+01   0.1619436233541E+02   0.7326429567834E-01   0.3939683075333E-01  -0.4192420351226E-01   0.2393593086238E+03   0.1476181600493E+02  -0.1052731389323E+04  -0.2696390523100E+00   0.9606290537284E+00  -0.1529107524133E-01  -0.6521338528447E-01
   0.7600000000000E+00   0.3252119015645E+03  -0.7022604263977E+01   0.1595109639683E+02   0.7425914746603E-01   0.4037380090859E-01  -0.4273701144138E-01   0.2425682354657E+03   0.1492448464474E+02  -0.1053264489926E+04  -0.2700040711839E+00   0.9605457422089E+00  -0.1516557767256E-01  -0.6495909422305E-01
   0.7700000000000E+00   0.3251863838359E+03  -0.7023733053556E+01   0.1571254670033E+02   0.7523600392474E-01   0.4135270758243E-01  -0.4354796219152E-01   0.2457774818566E+03   0.1508649426931E+02  -0.1053793577765E+04  -0.2703739540134E+00   0.9604612634905E+00  -0.1503781783170E-01  -0.6469892085784E-01
   0.7800000000000E+00   0.3251608824913E+03  -0.7022511144411E+01   0.1547868398581E+02   0.7619443280042E-01   0.4233326550652E-01  -0.4435675473820E-01   0.2489870441260E+03   0.1524785150425E+02  -0.1054318664264E+04  -0.2707486096200E+00   0.9603756319214E+00  -0.1490780268082E-01  -0.6443285978111E-01
   0.7900000000000E+00   0.3251354066466E+03  -0.7018957720907E+01   0.1524947827594E+02   0.7713401562084E-01   0.4331519495393E-01  -0.4516309108826E-01   0.2521969186856E+03   0.1540856285296E+02  -0.1054839760545E+04  -0.2711279446901E+00   0.9602888622636E+00  -0.1477554015483E-01  -0.6416090736311E-01
   0.8000000000000E+00   0.3251099652405E+03  -0.7013092640422E+01   0.1502489890156E+02   0.7805434762568E-01   0.4429822172996E-01  -0.4596667634544E-01   0.2554071020285E+03   0.1556863469759E+02  -0.1055356877431E+04  -0.2715118638445E+00   0.9602009696877E+00  -0.1464103915968E-01  -0.6388306172125E-01
   0.8100000000000E+00   0.3250845670320E+03  -0.7004936421309E+01   0.1480491452704E+02   0.7895503769696E-01   0.4528207716059E-01  -0.4676721877498E-01   0.2586175907283E+03   0.1572807329996E+02  -0.1055870025449E+04  -0.2719002697077E+00   0.9601119697672E+00  -0.1450430957029E-01  -0.6359932268917E-01
   0.8200000000000E+00   0.3250592205993E+03  -0.6994510231035E+01   0.1458949317540E+02   0.7983570828969E-01   0.4626649807860E-01  -0.4756442986731E-01   0.2618283814378E+03   0.1588688480253E+02  -0.1056379214835E+04  -0.2722930629777E+00   0.9600218784738E+00  -0.1436536222808E-01  -0.6330969178578E-01
   0.8300000000000E+00   0.3250339343383E+03  -0.6981835874478E+01   0.1437860225337E+02   0.8069599536273E-01   0.4725122680739E-01  -0.4835802440081E-01   0.2650394708888E+03   0.1604507522933E+02  -0.1056884455533E+04  -0.2726901424940E+00   0.9599307121718E+00  -0.1422420893819E-01  -0.6301417218446E-01
   0.8400000000000E+00   0.3250087164615E+03  -0.6966935782383E+01   0.1417220857628E+02   0.8153554830996E-01   0.4823601114246E-01  -0.4914772050371E-01   0.2682508558907E+03   0.1620265048686E+02  -0.1057385757202E+04  -0.2730914053070E+00   0.9598384876133E+00  -0.1408086246625E-01  -0.6271276868209E-01
   0.8500000000000E+00   0.3249835749972E+03  -0.6949832999951E+01   0.1397027839273E+02   0.8235402989161E-01   0.4922060433063E-01  -0.4993323971508E-01   0.2714625333294E+03   0.1635961636499E+02  -0.1057883129215E+04  -0.2734967467462E+00   0.9597452219333E+00  -0.1393533653490E-01  -0.6240548766832E-01
   0.8600000000000E+00   0.3249585177894E+03  -0.6930551175559E+01   0.1377277740917E+02   0.8315111616576E-01   0.5020476504700E-01  -0.5071430704510E-01   0.2746745001668E+03   0.1651597853788E+02  -0.1058376580664E+04  -0.2739060604877E+00   0.9596509326442E+00  -0.1378764581988E-01  -0.6209233709468E-01
   0.8700000000000E+00   0.3249335524974E+03  -0.6909114549592E+01   0.1357967081414E+02   0.8392649642001E-01   0.5118825736965E-01  -0.5149065103432E-01   0.2778867534396E+03   0.1667174256486E+02  -0.1058866120363E+04  -0.2743192386230E+00   0.9595556376315E+00  -0.1363780594579E-01  -0.6177332644391E-01
   0.8800000000000E+00   0.3249086865962E+03  -0.6885547943383E+01   0.1339092330245E+02   0.8467987310331E-01   0.5217085075213E-01  -0.5226200381231E-01   0.2810992902582E+03   0.1682691389128E+02  -0.1059351756849E+04  -0.2747361717254E+00   0.9594593551481E+00  -0.1348583348143E-01  -0.6144846669927E-01
   0.8900000000000E+00   0.3248839273763E+03  -0.6859876748238E+01   0.1320649909896E+02   0.8541096175780E-01   0.5315231999377E-01  -0.5302810115534E-01   0.2843121078058E+03   0.1698149784938E+02  -0.1059833498388E+04  -0.2751567489181E+00   0.9593621038101E+00  -0.1333174593490E-01  -0.6111777031396E-01
   0.9000000000000E+00   0.3248592819453E+03  -0.6832126914546E+01   0.1302636198229E+02   0.8611949095071E-01   0.5413244520788E-01  -0.5378868254337E-01   0.2875252033374E+03   0.1713549965914E+02  -0.1060311352975E+04  -0.2755808579405E+00   0.9592639025911E+00  -0.1317556174821E-01  -0.6078125118058E-01
   0.9100000000000E+00   0.3248347572279E+03  -0.6802324940963E+01   0.1285047530813E+02   0.8680520220628E-01   0.5511101178773E-01  -0.5454349121622E-01   0.2907385741787E+03   0.1728892442913E+02  -0.1060785328339E+04  -0.2760083852152E+00   0.9591647708174E+00  -0.1301730029159E-01  -0.6043892460076E-01
   0.9200000000000E+00   0.3248103599674E+03  -0.6770497863640E+01   0.1267880203237E+02   0.8746784993756E-01   0.5608781037060E-01  -0.5529227422892E-01   0.2939522177253E+03   0.1744177715735E+02  -0.1061255431946E+04  -0.2764392159139E+00   0.9590647281628E+00  -0.1285698185742E-01  -0.6009080725482E-01
   0.9300000000000E+00   0.3247860967273E+03  -0.6736673245515E+01   0.1251130473388E+02   0.8810720137819E-01   0.5706263679960E-01  -0.5603478250635E-01   0.2971661314412E+03   0.1759406273199E+02  -0.1061721670998E+04  -0.2768732340237E+00   0.9589637946434E+00  -0.1269462765384E-01  -0.5973691717158E-01
   0.9400000000000E+00   0.3247619738921E+03  -0.6700879165637E+01   0.1234794563704E+02   0.8872303651386E-01   0.5803529208370E-01  -0.5677077089702E-01   0.3003803128581E+03   0.1774578593233E+02  -0.1062184052443E+04  -0.2773103224128E+00   0.9588619906123E+00  -0.1253025979788E-01  -0.5937727369829E-01
   0.9500000000000E+00   0.3247379976700E+03  -0.6663144208513E+01   0.1218868663399E+02   0.8931514801370E-01   0.5900558235562E-01  -0.5749999822607E-01   0.3035947595743E+03   0.1789695142945E+02  -0.1062642582973E+04  -0.2777503628954E+00   0.9587593367539E+00  -0.1236390130838E-01  -0.5901189747067E-01
   0.9600000000000E+00   0.3247141740941E+03  -0.6623497453481E+01   0.1203348930645E+02   0.8988334116130E-01   0.5997331882794E-01  -0.5822222734755E-01   0.3068094692534E+03   0.1804756378709E+02  -0.1063097269028E+04  -0.2781932362972E+00   0.9586558540789E+00  -0.1219557609838E-01  -0.5864081038317E-01
   0.9700000000000E+00   0.3246905090247E+03  -0.6581968464090E+01   0.1188231494737E+02   0.9042743378536E-01   0.6093831774726E-01  -0.5893722519577E-01   0.3100244396235E+03   0.1819762746237E+02  -0.1063548116798E+04  -0.2786388225199E+00   0.9585515639178E+00  -0.1202530896729E-01  -0.5826403555924E-01
   0.9800000000000E+00   0.3246670081520E+03  -0.6538587277480E+01   0.1173512458209E+02   0.9094725618998E-01   0.6190040034659E-01  -0.5964476283593E-01   0.3132396684757E+03   0.1834714680663E+02  -0.1063995132232E+04  -0.2790870006054E+00   0.9584464879158E+00  -0.1185312559256E-01  -0.5788159732189E-01
   0.9900000000000E+00   0.3246436769979E+03  -0.6493384393750E+01   0.1159187898926E+02   0.9144265108441E-01   0.6285939279598E-01  -0.6034461551388E-01   0.3164551536637E+03   0.1849612606613E+02  -0.1064438321031E+04  -0.2795376488000E+00   0.9583406480264E+00  -0.1167905252111E-01  -0.5749352116432E-01
   0.1000000000000E+01   0.3246205209191E+03  -0.6446390765320E+01   0.1145253872136E+02   0.9191347351232E-01   0.6381512615142E-01  -0.6103656270508E-01   0.3196708931017E+03   0.1864456938285E+02  -0.1064877688661E+04  -0.2799906446178E+00   0.9582340665052E+00  -0.1150311716026E-01  -0.5709983372082E-01
   0.1010000000000E+01   0.3245975451097E+03  -0.6397637786259E+01   0.1131706412484E+02   0.9235959078034E-01   0.6476743630208E-01  -0.6172038816264E-01   0.3228868847644E+03   0.1879248079519E+02  -0.1065313240349E+04  -0.2804458649041E+00   0.9581267659038E+00  -0.1132534776839E-01  -0.5670056273775E-01
   0.1020000000000E+01   0.3245747546040E+03  -0.6347157281581E+01   0.1118541535992E+02   0.9278088238607E-01   0.6571616391596E-01  -0.6239587996455E-01   0.3261031266849E+03   0.1893986423875E+02  -0.1065744981089E+04  -0.2809031858985E+00   0.9580187690630E+00  -0.1114577344519E-01  -0.5629573704480E-01
   0.1030000000000E+01   0.3245521542796E+03  -0.6294981496514E+01   0.1105755241999E+02   0.9317723994517E-01   0.6666115438401E-01  -0.6306283055999E-01   0.3293196169542E+03   0.1908672354705E+02  -0.1066172915648E+04  -0.2813624832971E+00   0.9579100991060E+00  -0.1096442412152E-01  -0.5588538652635E-01
   0.1040000000000E+01   0.3245297488604E+03  -0.6241143085709E+01   0.1093343515062E+02   0.9354856711769E-01   0.6760225776275E-01  -0.6372103681476E-01   0.3325363537197E+03   0.1923306245222E+02  -0.1066597048561E+04  -0.2818236323148E+00   0.9578007794320E+00  -0.1078133054898E-01  -0.5546954209317E-01
   0.1050000000000E+01   0.3245075429199E+03  -0.6185675102406E+01   0.1081302326818E+02   0.9389477953357E-01   0.6853932871544E-01  -0.6437030005572E-01   0.3357533351845E+03   0.1937888458577E+02  -0.1067017384143E+04  -0.2822865077468E+00   0.9576908337081E+00  -0.1059652428897E-01  -0.5504823565417E-01
   0.1060000000000E+01   0.3244855408848E+03  -0.6128610987537E+01   0.1069627637804E+02   0.9421580471702E-01   0.6947222645196E-01  -0.6501042611441E-01   0.3389705596058E+03   0.1952419347923E+02  -0.1067433926487E+04  -0.2827509840306E+00   0.9575802858627E+00  -0.1041003770154E-01  -0.5462150008850E-01
   0.1070000000000E+01   0.3244637470377E+03  -0.6069984558772E+01   0.1058315399238E+02   0.9451158200997E-01   0.7040081466732E-01  -0.6564122536952E-01   0.3421880252940E+03   0.1966899256493E+02  -0.1067846679467E+04  -0.2832169353060E+00   0.9574691600775E+00  -0.1022190393375E-01  -0.5418936921782E-01
   0.1080000000000E+01   0.3244421655212E+03  -0.6009829999490E+01   0.1047361554759E+02   0.9478206249440E-01   0.7132496147893E-01  -0.6626251278855E-01   0.3454057306116E+03   0.1981328517662E+02  -0.1068255646745E+04  -0.2836842354766E+00   0.9573574807798E+00  -0.1003215690775E-01  -0.5375187777881E-01
   0.1090000000000E+01   0.3244208003414E+03  -0.5948181847677E+01   0.1036762042123E+02   0.9502720891342E-01   0.7224453936278E-01  -0.6687410796832E-01   0.3486236739721E+03   0.1995707455019E+02  -0.1068660831768E+04  -0.2841527582689E+00   0.9572452726341E+00  -0.9840831308409E-02  -0.5330906139590E-01
   0.1100000000000E+01   0.3243996553712E+03  -0.5885074984749E+01   0.1026512794856E+02   0.9524699559114E-01   0.7315942508839E-01  -0.6747583517449E-01   0.3518418538384E+03   0.2010036382437E+02  -0.1069062237778E+04  -0.2846223772929E+00   0.9571325605341E+00  -0.9647962570646E-02  -0.5286095655428E-01
   0.1110000000000E+01   0.3243787343541E+03  -0.5820544624291E+01   0.1016609743868E+02   0.9544140835129E-01   0.7406949965283E-01  -0.6806752338003E-01   0.3550602687225E+03   0.2024315604135E+02  -0.1069459867809E+04  -0.2850929661005E+00   0.9570193695937E+00  -0.9453586866374E-02  -0.5240760057313E-01
   0.1120000000000E+01   0.3243580409080E+03  -0.5754626300709E+01   0.1007048819020E+02   0.9561044443428E-01   0.7497464821372E-01  -0.6864900630257E-01   0.3582789171836E+03   0.2038545414752E+02  -0.1069853724695E+04  -0.2855643982446E+00   0.9569057251386E+00  -0.9257741091079E-02  -0.5194903157912E-01
   0.1130000000000E+01   0.3243375785291E+03  -0.5687355857794E+01   0.9978259506496E+01   0.9575411241299E-01   0.7587476002126E-01  -0.6922012244063E-01   0.3614977978273E+03   0.2052726099407E+02  -0.1070243811068E+04  -0.2860365473376E+00   0.9567916526968E+00  -0.9060462850042E-02  -0.5148528848016E-01
   0.1140000000000E+01   0.3243173505952E+03  -0.5618769437193E+01   0.9889370710521E+01   0.9587243210691E-01   0.7676972834955E-01  -0.6978071510875E-01   0.3647169093047E+03   0.2066857933770E+02  -0.1070630129366E+04  -0.2865092871085E+00   0.9566771779893E+00  -0.8861790444202E-02  -0.5101641093945E-01
   0.1150000000000E+01   0.3242973603699E+03  -0.5548903466788E+01   0.9803781159162E+01   0.9596543449479E-01   0.7765945042701E-01  -0.7033063247134E-01   0.3679362503106E+03   0.2080941184123E+02  -0.1071012681833E+04  -0.2869824914610E+00   0.9565623269206E+00  -0.8661762855668E-02  -0.5054243934973E-01
   0.1160000000000E+01   0.3242776110065E+03  -0.5477794648970E+01   0.9721450257179E+01   0.9603316162557E-01   0.7854382736617E-01  -0.7086972757549E-01   0.3711558195831E+03   0.2094976107429E+02  -0.1071391470523E+04  -0.2874560345296E+00   0.9564471255685E+00  -0.8460419732876E-02  -0.5006341480790E-01
   0.1170000000000E+01   0.3242581055514E+03  -0.5405479948824E+01   0.9642337470685E+01   0.9607566652762E-01   0.7942276409282E-01  -0.7139785838239E-01   0.3743756159021E+03   0.2108962951392E+02  -0.1071766497303E+04  -0.2879297907363E+00   0.9563316001744E+00  -0.8257801375392E-02  -0.4957937908983E-01
   0.1180000000000E+01   0.3242388469485E+03  -0.5331996582205E+01   0.9566402340184E+01   0.9609301311629E-01   0.8029616927454E-01  -0.7191488779763E-01   0.3775956380881E+03   0.2122901954526E+02  -0.1072137763857E+04  -0.2884036348461E+00   0.9562157771323E+00  -0.8053948718377E-02  -0.4909037462551E-01
   0.1190000000000E+01   0.3242198380423E+03  -0.5257382003719E+01   0.9493604493169E+01   0.9608527609954E-01   0.8116395524882E-01  -0.7242068370011E-01   0.3808158850015E+03   0.2136793346216E+02  -0.1072505271685E+04  -0.2888774420226E+00   0.9560996829785E+00  -0.7848903316705E-02  -0.4859644447447E-01
   0.1200000000000E+01   0.3242010815826E+03  -0.5181673894595E+01   0.9423903656267E+01   0.9605254088173E-01   0.8202603795064E-01  -0.7291511896972E-01   0.3840363555410E+03   0.2150637346780E+02  -0.1072869022112E+04  -0.2893510878820E+00   0.9559833443806E+00  -0.7642707328738E-02  -0.4809763230150E-01
   0.1210000000000E+01   0.3241825802276E+03  -0.5104910150463E+01   0.9357259666942E+01   0.9599490346552E-01   0.8288233683980E-01  -0.7339807151362E-01   0.3872570486430E+03   0.2164434167536E+02  -0.1073229016287E+04  -0.2898244485478E+00   0.9558667881261E+00  -0.7435403499775E-02  -0.4759398235264E-01
   0.1220000000000E+01   0.3241643365480E+03  -0.5027128869017E+01   0.9293632484761E+01   0.9591247035173E-01   0.8373277482789E-01  -0.7386942429121E-01   0.3904779632799E+03   0.2178184010859E+02  -0.1073585255187E+04  -0.2902974007040E+00   0.9557500411112E+00  -0.7227035145161E-02  -0.4708553943152E-01
   0.1230000000000E+01   0.3241463530308E+03  -0.4948368337585E+01   0.9232982202207E+01   0.9580535843723E-01   0.8457727820506E-01  -0.7432906533766E-01   0.3936990984597E+03   0.2191887070250E+02  -0.1073937739619E+04  -0.2907698216481E+00   0.9556331303286E+00  -0.7017646133076E-02  -0.4657234887594E-01
   0.1240000000000E+01   0.3241286320829E+03  -0.4868667020596E+01   0.9175269055057E+01   0.9567369491070E-01   0.8541577656660E-01  -0.7477688778604E-01   0.3969204532244E+03   0.2205543530393E+02  -0.1074286470224E+04  -0.2912415893437E+00   0.9555160828563E+00  -0.6807280867001E-02  -0.4605445653477E-01
   0.1250000000000E+01   0.3241111760346E+03  -0.4788063546939E+01   0.9120453432323E+01   0.9551761714632E-01   0.8624820273950E-01  -0.7521278988803E-01   0.4001420266491E+03   0.2219153567218E+02  -0.1074631447482E+04  -0.2917125824716E+00   0.9553989258447E+00  -0.6595984267867E-02  -0.4553190874522E-01
   0.1260000000000E+01   0.3240939871439E+03  -0.4706596697227E+01   0.9068495885750E+01   0.9533727259531E-01   0.8707449270892E-01  -0.7563667503309E-01   0.4033638178409E+03   0.2232717347964E+02  -0.1074972671711E+04  -0.2921826804817E+00   0.9552816865047E+00  -0.6383801755895E-02  -0.4500475231032E-01
   0.1270000000000E+01   0.3240770675993E+03  -0.4624305390966E+01   0.9019357138890E+01   0.9513281867521E-01   0.8789458554477E-01  -0.7604845176619E-01   0.4065858259382E+03   0.2246235031240E+02  -0.1075310143070E+04  -0.2926517636426E+00   0.9551643920943E+00  -0.6170779232129E-02  -0.4447303447677E-01
   0.1280000000000E+01   0.3240604195237E+03  -0.4541228673617E+01   0.8972998095739E+01   0.9490442265699E-01   0.8870842332830E-01  -0.7644803380399E-01   0.4098080501089E+03   0.2259706767085E+02  -0.1075643861565E+04  -0.2931197130923E+00   0.9550470699068E+00  -0.5956963059673E-02  -0.4393680291311E-01
   0.1290000000000E+01   0.3240440449783E+03  -0.4457405703573E+01   0.8929379848953E+01   0.9465226154990E-01   0.8951595107900E-01  -0.7683534004950E-01   0.4130304895500E+03   0.2273132697029E+02  -0.1075973827052E+04  -0.2935864108866E+00   0.9549297472566E+00  -0.5742400044631E-02  -0.4339610568816E-01
   0.1300000000000E+01   0.3240279459651E+03  -0.4372875739041E+01   0.8888463687639E+01   0.9437652198399E-01   0.9031711668161E-01  -0.7721029460510E-01   0.4162531434864E+03   0.2286512954156E+02  -0.1076300039236E+04  -0.2940517400482E+00   0.9548124514665E+00  -0.5527137416767E-02  -0.4285099124981E-01
   0.1310000000000E+01   0.3240121244311E+03  -0.4287678124829E+01   0.8850211104729E+01   0.9407740009029E-01   0.9111187081353E-01  -0.7757282678402E-01   0.4194760111698E+03   0.2299847663163E+02  -0.1076622497676E+04  -0.2945155846138E+00   0.9546952098542E+00  -0.5311222809881E-02  -0.4230150840412E-01
   0.1320000000000E+01   0.3239965822713E+03  -0.4201852279056E+01   0.8814583803946E+01   0.9375510137875E-01   0.9190016687251E-01  -0.7792287112019E-01   0.4226990918778E+03   0.2313136940421E+02  -0.1076941201789E+04  -0.2949778296819E+00   0.9545780497183E+00  -0.5094704241916E-02  -0.4174770629471E-01
   0.1330000000000E+01   0.3239813213316E+03  -0.4115437679773E+01   0.8781543706360E+01   0.9340984061367E-01   0.9268196090486E-01  -0.7826036737644E-01   0.4259223849128E+03   0.2326380894038E+02  -0.1077256150850E+04  -0.2954383614589E+00   0.9544609983245E+00  -0.4877630094795E-02  -0.4118963438253E-01
   0.1340000000000E+01   0.3239663434126E+03  -0.4028473851505E+01   0.8751052956539E+01   0.9304184168687E-01   0.9345721153407E-01  -0.7858526055102E-01   0.4291458896009E+03   0.2339579623913E+02  -0.1077567343997E+04  -0.2958970673044E+00   0.9543440828918E+00  -0.4660049094013E-02  -0.4062734242589E-01
   0.1350000000000E+01   0.3239516502721E+03  -0.3941000351715E+01   0.8723073928316E+01   0.9265133748833E-01   0.9422587988995E-01  -0.7889750088245E-01   0.4323696052913E+03   0.2352733221804E+02  -0.1077874780235E+04  -0.2963538357767E+00   0.9542273305779E+00  -0.4442010287963E-02  -0.4006088046079E-01
   0.1360000000000E+01   0.3239372436284E+03  -0.3853056757201E+01   0.8697569230153E+01   0.9223856977458E-01   0.9498792953850E-01  -0.7919704385266E-01   0.4355935313549E+03   0.2365841771386E+02  -0.1078178458434E+04  -0.2968085566767E+00   0.9541107684651E+00  -0.4223563027040E-02  -0.3949029878167E-01
   0.1370000000000E+01   0.3239231251630E+03  -0.3764682650422E+01   0.8674501710134E+01   0.9180378903449E-01   0.9574332641229E-01  -0.7948385018843E-01   0.4388176671837E+03   0.2378905348309E+02  -0.1078478377336E+04  -0.2972611210912E+00   0.9539944235457E+00  -0.4004756942497E-02  -0.3891564792238E-01
   0.1380000000000E+01   0.3239092965236E+03  -0.3675917605759E+01   0.8653834460579E+01   0.9134725435273E-01   0.9649203874163E-01  -0.7975788586102E-01   0.4420420121896E+03   0.2391924020262E+02  -0.1078774535555E+04  -0.2977114214358E+00   0.9538783227073E+00  -0.3785641925087E-02  -0.3833697863748E-01
   0.1390000000000E+01   0.3238957593268E+03  -0.3586801175723E+01   0.8635530822288E+01   0.9086923327078E-01   0.9723403698646E-01  -0.8001912208410E-01   0.4452665658036E+03   0.2404897847030E+02  -0.1079066931584E+04  -0.2981593514966E+00   0.9537624927181E+00  -0.3566268103489E-02  -0.3775434188392E-01
   0.1400000000000E+01   0.3238825151605E+03  -0.3497372877099E+01   0.8619554388429E+01   0.9037000164545E-01   0.9796929376915E-01  -0.8026753530989E-01   0.4484913274748E+03   0.2417826880560E+02  -0.1079355563790E+04  -0.2986048064711E+00   0.9536469602122E+00  -0.3346685822527E-02  -0.3716778880294E-01
   0.1410000000000E+01   0.3238695655869E+03  -0.3407672177056E+01   0.8605869008066E+01   0.8984984350504E-01   0.9869778380800E-01  -0.8050310722349E-01   0.4517162966697E+03   0.2430711165015E+02  -0.1079640430425E+04  -0.2990476830087E+00   0.9535317516741E+00  -0.3126945621195E-02  -0.3657737070240E-01
   0.1420000000000E+01   0.3238569121444E+03  -0.3317738479198E+01   0.8594438789356E+01   0.8930905090301E-01   0.9941948385182E-01  -0.8072582473538E-01   0.4549414728707E+03   0.2443550736840E+02  -0.1079921529622E+04  -0.2994878792502E+00   0.9534168934244E+00  -0.2907098210498E-02  -0.3598313903928E-01
   0.1430000000000E+01   0.3238445563506E+03  -0.3227611109586E+01   0.8585228102396E+01   0.8874792376920E-01   0.1001343726153E+00  -0.8093567997219E-01   0.4581668555762E+03   0.2456345624823E+02  -0.1080198859403E+04  -0.2999252948660E+00   0.9533024116042E+00  -0.2687194451112E-02  -0.3538514540266E-01
   0.1440000000000E+01   0.3238324997039E+03  -0.3137329302726E+01   0.8578201581748E+01   0.8816676975873E-01   0.1008424307157E+00  -0.8113267026553E-01   0.4613924442987E+03   0.2469095850150E+02  -0.1080472417676E+04  -0.3003598310942E+00   0.9531883321599E+00  -0.2467285330885E-02  -0.3478344149684E-01
   0.1450000000000E+01   0.3238207436861E+03  -0.3046932187530E+01   0.8573324128654E+01   0.8756590409838E-01   0.1015436406100E+00  -0.8131679813900E-01   0.4646182385646E+03   0.2481801426474E+02  -0.1080742202242E+04  -0.3007913907771E+00   0.9530746808285E+00  -0.2247421942179E-02  -0.3417807912490E-01
   0.1460000000000E+01   0.3238092897645E+03  -0.2956458773253E+01   0.8570560912923E+01   0.8694564943068E-01   0.1022379865339E+00  -0.8148807129342E-01   0.4678442379133E+03   0.2494462359971E+02  -0.1081008210796E+04  -0.3012198783980E+00   0.9529614831217E+00  -0.2027655459070E-02  -0.3356911017248E-01
   0.1470000000000E+01   0.3237981393935E+03  -0.2865947935421E+01   0.8569877374539E+01   0.8630633565555E-01   0.1029254544411E+00  -0.8164650259008E-01   0.4710704418960E+03   0.2507078649404E+02  -0.1081270440929E+04  -0.3016452001154E+00   0.9528487643112E+00  -0.1808037114416E-02  -0.3295658659194E-01
   0.1480000000000E+01   0.3237872940168E+03  -0.2775438401744E+01   0.8571239224961E+01   0.8564829976964E-01   0.1036060319448E+00  -0.8179211003218E-01   0.4742968500751E+03   0.2519650286185E+02  -0.1081528890131E+04  -0.3020672637980E+00   0.9527365494132E+00  -0.1588618176794E-02  -0.3234056038674E-01
   0.1490000000000E+01   0.3237767550691E+03  -0.2684968738030E+01   0.8574612448156E+01   0.8497188570334E-01   0.1042797082590E+00  -0.8192491674440E-01   0.4775234620236E+03   0.2532177254434E+02  -0.1081783555794E+04  -0.3024859790576E+00   0.9526248631733E+00  -0.1369449927341E-02  -0.3172108359616E-01
   0.1500000000000E+01   0.3237665239776E+03  -0.2594577334106E+01   0.8579963301348E+01   0.8427744415548E-01   0.1049464741427E+00  -0.8204495095055E-01   0.4807502773238E+03   0.2544659531044E+02  -0.1082034435211E+04  -0.3029012572820E+00   0.9525137300512E+00  -0.1150583636483E-02  -0.3109820828034E-01
   0.1510000000000E+01   0.3237566021641E+03  -0.2504302389742E+01   0.8587258315518E+01   0.8356533242575E-01   0.1056063218437E+00  -0.8215224594931E-01   0.4839772955671E+03   0.2557097085744E+02  -0.1082281525584E+04  -0.3033130116660E+00   0.9524031742056E+00  -0.9320705405815E-03  -0.3047198650559E-01
   0.1520000000000E+01   0.3237469910456E+03  -0.2414181900602E+01   0.8596464295645E+01   0.8283591424494E-01   0.1062592450448E+00  -0.8224684008816E-01   0.4872045163527E+03   0.2569489881158E+02  -0.1082524824022E+04  -0.3037211572428E+00   0.9522932194793E+00  -0.7139618185059E-03  -0.2984247032992E-01
   0.1530000000000E+01   0.3237376920365E+03  -0.2324253644206E+01   0.8607548320708E+01   0.8208955960288E-01   0.1069052388112E+00  -0.8232877673528E-01   0.4904319392872E+03   0.2581837872872E+02  -0.1082764327545E+04  -0.3041256109129E+00   0.9521838893837E+00  -0.4963085681375E-03  -0.2920971178902E-01
   0.1540000000000E+01   0.3237287065495E+03  -0.2234555165939E+01   0.8620477743460E+01   0.8132664457432E-01   0.1075442995387E+00  -0.8239810424967E-01   0.4936595639837E+03   0.2594141009493E+02  -0.1083000033088E+04  -0.3045262914735E+00   0.9520752070844E+00  -0.2791617828254E-03  -0.2857376288236E-01
   0.1550000000000E+01   0.3237200359968E+03  -0.2145123765085E+01   0.8635220189979E+01   0.8054755114264E-01   0.1081764249037E+00  -0.8245487594931E-01   0.4968873900612E+03   0.2606399232717E+02  -0.1083231937497E+04  -0.3049231196457E+00   0.9519671953863E+00  -0.6257232780206E-04  -0.2793467555967E-01
   0.1560000000000E+01   0.3237116817913E+03  -0.2055996480910E+01   0.8651743559014E+01   0.7975266702143E-01   0.1088016138146E+00  -0.8249915007741E-01   0.5001154171435E+03   0.2618612477390E+02  -0.1083460037540E+04  -0.3053160181021E+00   0.9518598767185E+00   0.1534090834276E-03  -0.2729250170763E-01
   0.1570000000000E+01   0.3237036453476E+03  -0.1967210078798E+01   0.8670016021125E+01   0.7894238547414E-01   0.1094198663642E+00  -0.8253098976678E-01   0.5033436448591E+03   0.2630780671571E+02  -0.1083684329903E+04  -0.3057049114919E+00   0.9517532731202E+00   0.3687319127122E-03  -0.2664729313692E-01
   0.1580000000000E+01   0.3236959280826E+03  -0.1878801036444E+01   0.8690006017641E+01   0.7811710513166E-01   0.1100311837841E+00  -0.8255046300233E-01   0.5065720728401E+03   0.2642903736600E+02  -0.1083904811195E+04  -0.3060897264665E+00   0.9516474062261E+00   0.5833458208806E-03  -0.2599910156945E-01
   0.1590000000000E+01   0.3236885314167E+03  -0.1790805530117E+01   0.8711682259437E+01   0.7727722980794E-01   0.1106355684003E+00  -0.8255764258162E-01   0.5098007007214E+03   0.2654981587159E+02  -0.1084121477947E+04  -0.3064703917030E+00   0.9515422972522E+00   0.7972006913574E-03  -0.2534797862591E-01
   0.1600000000000E+01   0.3236814567745E+03  -0.1703259420989E+01   0.8735013725549E+01   0.7642316831384E-01   0.1112330235897E+00  -0.8255260607358E-01   0.5130295281405E+03   0.2667014131340E+02  -0.1084334326620E+04  -0.3068468379273E+00   0.9514379669817E+00   0.1010246653755E-02  -0.2469397581355E-01
   0.1610000000000E+01   0.3236747055851E+03  -0.1616198241550E+01   0.8759969661623E+01   0.7555533426900E-01   0.1118235537392E+00  -0.8253543577528E-01   0.5162585547365E+03   0.2679001270708E+02  -0.1084543353600E+04  -0.3072189979361E+00   0.9513344357510E+00   0.1222434107427E-02  -0.2403714451426E-01
   0.1620000000000E+01   0.3236682792829E+03  -0.1529657182112E+01   0.8786519578229E+01   0.7467414591207E-01   0.1124071642050E+00  -0.8250621866692E-01   0.5194877801495E+03   0.2690942900367E+02  -0.1084748555207E+04  -0.3075868066179E+00   0.9512317234362E+00   0.1433713744974E-02  -0.2337753597284E-01
   0.1630000000000E+01   0.3236621793080E+03  -0.1443671077402E+01   0.8814633249035E+01   0.7378002590906E-01   0.1129838612745E+00  -0.8246504636490E-01   0.5227172040202E+03   0.2702838909030E+02  -0.1084949927693E+04  -0.3079502009727E+00   0.9511298494397E+00   0.1644036575681E-02  -0.2271520128561E-01
   0.1640000000000E+01   0.3236564071065E+03  -0.1358274393261E+01   0.8844280708854E+01   0.7287340116024E-01   0.1135536521287E+00  -0.8241201507300E-01   0.5259468259888E+03   0.2714689179079E+02  -0.1085147467242E+04  -0.3083091201313E+00   0.9510288326768E+00   0.1853353948886E-02  -0.2205019138918E-01
   0.1650000000000E+01   0.3236509641311E+03  -0.1273501213458E+01   0.8875432251583E+01   0.7195470260524E-01   0.1141165448068E+00  -0.8234722553181E-01   0.5291766456949E+03   0.2726493586637E+02  -0.1085341169980E+04  -0.3086635053732E+00   0.9509286915630E+00   0.2061617577252E-02  -0.2138255704950E-01
   0.1660000000000E+01   0.3236458518409E+03  -0.1189385226605E+01   0.8908058428034E+01   0.7102436502674E-01   0.1146725481719E+00  -0.8227078296626E-01   0.5324066627769E+03   0.2738252001632E+02  -0.1085531031969E+04  -0.3090133001431E+00   0.9508294440009E+00   0.2268779559935E-02  -0.2071234885115E-01
   0.1670000000000E+01   0.3236410717016E+03  -0.1105959713217E+01   0.8942130043676E+01   0.7008282685269E-01   0.1152216718782E+00  -0.8218279703136E-01   0.5356368768708E+03   0.2749964287867E+02  -0.1085717049211E+04  -0.3093584500674E+00   0.9507311073681E+00   0.2474792405645E-02  -0.2003961718686E-01
   0.1680000000000E+01   0.3236366251859E+03  -0.1023257532885E+01   0.8977618156286E+01   0.6913052995710E-01   0.1157639263400E+00  -0.8208338175612E-01   0.5388672876106E+03   0.2761630303088E+02  -0.1085899217654E+04  -0.3096989029687E+00   0.9506336985052E+00   0.2679609055567E-02  -0.1936441224726E-01
   0.1690000000000E+01   0.3236325137732E+03  -0.9413111116002E+00   0.9014494073543E+01   0.6816791945948E-01   0.1162993227015E+00  -0.8197265548570E-01   0.5420978946269E+03   0.2773249899049E+02  -0.1086077533190E+04  -0.3100346088799E+00   0.9505372337033E+00   0.2883182906141E-02  -0.1868678401085E-01
   0.1700000000000E+01   0.3236287389495E+03  -0.8601524292189E+00   0.9052729350537E+01   0.6719544352315E-01   0.1168278728085E+00  -0.8185074082176E-01   0.5453286975467E+03   0.2784822921584E+02  -0.1086251991656E+04  -0.3103655200566E+00   0.9504417286935E+00   0.3085467831693E-02  -0.1800678223418E-01
   0.1710000000000E+01   0.3236253022075E+03  -0.7798130070798E+00   0.9092295787251E+01   0.6621355315220E-01   0.1173495891817E+00  -0.8171776456114E-01   0.5485596959931E+03   0.2796349210676E+02  -0.1086422588840E+04  -0.3106915909895E+00   0.9503471986347E+00   0.3286418206887E-02  -0.1732445644232E-01
   0.1720000000000E+01   0.3236222050461E+03  -0.7003238957846E+00   0.9133165425977E+01   0.6522270198751E-01   0.1178644849910E+00  -0.8157385763267E-01   0.5517908895844E+03   0.2807828600525E+02  -0.1086589320480E+04  -0.3110127784147E+00   0.9502536581034E+00   0.3485988928997E-02  -0.1663985591939E-01
   0.1730000000000E+01   0.3236194489703E+03  -0.6217156631445E+00   0.9175310548711E+01   0.6422334610164E-01   0.1183725740315E+00  -0.8141915503240E-01   0.5550222779339E+03   0.2819260919619E+02  -0.1086752182267E+04  -0.3113290413234E+00   0.9501611210832E+00   0.3684135439985E-02  -0.1595302969947E-01
   0.1740000000000E+01   0.3236170354907E+03  -0.5440183823013E+00   0.9218703674524E+01   0.6321594379283E-01   0.1188738707004E+00  -0.8125379575705E-01   0.5582538606490E+03   0.2830645990806E+02  -0.1086911169845E+04  -0.3116403409710E+00   0.9500696009543E+00   0.3880813748369E-02  -0.1526402655764E-01
   0.1750000000000E+01   0.3236149661234E+03  -0.4672616200309E+00   0.9263317556915E+01   0.6220095537808E-01   0.1193683899763E+00  -0.8107792273581E-01   0.5614856373314E+03   0.2841983631359E+02  -0.1087066278817E+04  -0.3119466408842E+00   0.9499791104839E+00   0.4075980450865E-02  -0.1457289500114E-01
   0.1760000000000E+01   0.3236132423893E+03  -0.3914744252343E+00   0.9309125181154E+01   0.6117884298555E-01   0.1198561473985E+00  -0.8089168276054E-01   0.5647176075760E+03   0.2853273653055E+02  -0.1087217504741E+04  -0.3122479068682E+00   0.9498896618170E+00   0.4269592753797E-02  -0.1387968326090E-01
   0.1770000000000E+01   0.3236118658136E+03  -0.3166853176254E+00   0.9356099761637E+01   0.6015007034613E-01   0.1203371590490E+00  -0.8069522641426E-01   0.5679497709708E+03   0.2864515862242E+02  -0.1087364843137E+04  -0.3125441070116E+00   0.9498012664672E+00   0.4461608494255E-02  -0.1318443928310E-01
   0.1780000000000E+01   0.3236108379256E+03  -0.2429222766202E+00   0.9404214739250E+01   0.5911510258450E-01   0.1208114415344E+00  -0.8048870799813E-01   0.5711821270962E+03   0.2875710059910E+02  -0.1087508289485E+04  -0.3128352116915E+00   0.9497139353085E+00   0.4651986160997E-02  -0.1248721072104E-01
   0.1790000000000E+01   0.3236101602576E+03  -0.1702127304359E+00   0.9453443778741E+01   0.5807440600961E-01   0.1212790119706E+00  -0.8027228545679E-01   0.5744146755249E+03   0.2886856041767E+02  -0.1087647839230E+04  -0.3131211935766E+00   0.9496276785665E+00   0.4840684915071E-02  -0.1178804492709E-01
   0.1800000000000E+01   0.3236098343445E+03  -0.9858354540518E-01   0.9503760766142E+01   0.5702844790477E-01   0.1217398879672E+00  -0.8004612030221E-01   0.5776474158214E+03   0.2897953598309E+02  -0.1087783487780E+04  -0.3134020276298E+00   0.9495425058112E+00   0.5027664610151E-02  -0.1108698894491E-01
   0.1810000000000E+01   0.3236098617234E+03  -0.2806101551366E-01   0.9555139806203E+01   0.5597769631729E-01   0.1221940876144E+00  -0.7981037753595E-01   0.5808803475412E+03   0.2909002514895E+02  -0.1087915230512E+04  -0.3136776911098E+00   0.9494584259496E+00   0.5212885812575E-02  -0.1038408950179E-01
   0.1820000000000E+01   0.3236102439325E+03   0.4132914783395E-01   0.9607555219888E+01   0.5492261984800E-01   0.1226416294704E+00  -0.7956522557005E-01   0.5841134702310E+03   0.2920002571819E+02  -0.1088043062769E+04  -0.3139481635709E+00   0.9493754472188E+00   0.5396309821072E-02  -0.9679393001180E-02
   0.1830000000000E+01   0.3236109825105E+03   0.1095618258122E+00   0.9660981541907E+01   0.5386368744045E-01   0.1230825325500E+00  -0.7931083614633E-01   0.5873467834279E+03   0.2930953544385E+02  -0.1088166979866E+04  -0.3142134268631E+00   0.9492935771793E+00   0.5577898686159E-02  -0.8972945515425E-02
   0.1840000000000E+01   0.3236120789958E+03   0.1766125019311E+00   0.9715393518315E+01   0.5280136817018E-01   0.1235168163147E+00  -0.7904738425437E-01   0.5905802866592E+03   0.2941855202980E+02  -0.1088286977089E+04  -0.3144734651299E+00   0.9492128227097E+00   0.5757615229211E-02  -0.8264792778599E-02
   0.1850000000000E+01   0.3236135349259E+03   0.2424572715452E+00   0.9770766104173E+01   0.5173613103385E-01   0.1239445006635E+00  -0.7877504804804E-01   0.5938139794422E+03   0.2952707313153E+02  -0.1088403049696E+04  -0.3147282648055E+00   0.9491331900003E+00   0.5935423061170E-02  -0.7554980179556E-02
   0.1860000000000E+01   0.3236153518362E+03   0.3070728511067E+00   0.9827074461271E+01   0.5066844473862E-01   0.1243656059249E+00  -0.7849400876069E-01   0.5970478612834E+03   0.2963509635681E+02  -0.1088515192922E+04  -0.3149778146118E+00   0.9490546845489E+00   0.6111286600904E-02  -0.6843552755125E-02
   0.1870000000000E+01   0.3236175312595E+03   0.3704365871606E+00   0.9884293955942E+01   0.4959877749165E-01   0.1247801528500E+00  -0.7820445061904E-01   0.6002819316785E+03   0.2974261926656E+02  -0.1088623401977E+04  -0.3152221055527E+00   0.9489773111557E+00   0.6285171093192E-02  -0.6130555183454E-02
   0.1880000000000E+01   0.3236200747251E+03   0.4325264650713E+00   0.9942400156944E+01   0.4852759678989E-01   0.1251881626065E+00  -0.7790656075569E-01   0.6035161901121E+03   0.2984963937550E+02  -0.1088727672048E+04  -0.3154611309091E+00   0.9489010739197E+00   0.6457042626319E-02  -0.5416031777523E-02
   0.1890000000000E+01   0.3236229837578E+03   0.4933211174793E+00   0.1000136883344E+02   0.4745536921034E-01   0.1255896567737E+00  -0.7760052912050E-01   0.6067506360572E+03   0.2995615415300E+02  -0.1088827998304E+04  -0.3156948862315E+00   0.9488259762343E+00   0.6626868149286E-02  -0.4700026478797E-02
   0.1900000000000E+01   0.3236262598768E+03   0.5527998324792E+00   0.1006117595305E+02   0.4638256020071E-01   0.1259846573381E+00  -0.7728654839066E-01   0.6099852689751E+03   0.3006216102377E+02  -0.1088924375892E+04  -0.3159233693329E+00   0.9487520207850E+00   0.6794615488608E-02  -0.3982582851030E-02
   0.1910000000000E+01   0.3236299045954E+03   0.6109425615144E+00   0.1012179768005E+02   0.4530963387074E-01   0.1263731866904E+00  -0.7696481387962E-01   0.6132200883149E+03   0.3016765736868E+02  -0.1089016799943E+04  -0.3161465802794E+00   0.9486792095463E+00   0.6960253364692E-02  -0.3263744074223E-02
   0.1920000000000E+01   0.3236339194195E+03   0.6677299269842E+00   0.1018321037361E+02   0.4423705278416E-01   0.1267552676233E+00  -0.7663552344485E-01   0.6164550935133E+03   0.3027264052551E+02  -0.1089105265573E+04  -0.3163645213808E+00   0.9486075437797E+00   0.7123751407802E-02  -0.2543552938710E-02
   0.1930000000000E+01   0.3236383058471E+03   0.7231432295561E+00   0.1024539058616E+02   0.4316527775144E-01   0.1271309233292E+00  -0.7629887739458E-01   0.6196902839943E+03   0.3037710778972E+02  -0.1089189767880E+04  -0.3165771971799E+00   0.9485370240321E+00   0.7285080173569E-02  -0.1822051839403E-02
   0.1940000000000E+01   0.3236430653670E+03   0.7771644551794E+00   0.1030831506189E+02   0.4209476762346E-01   0.1275001773997E+00  -0.7595507839332E-01   0.6229256591691E+03   0.3048105641524E+02  -0.1089270301951E+04  -0.3167846144403E+00   0.9484676501344E+00   0.7444211158064E-02  -0.1099282770161E-02
   0.1950000000000E+01   0.3236481994583E+03   0.8297762817955E+00   0.1037196073536E+02   0.4102597908614E-01   0.1278630538253E+00  -0.7560433136655E-01   0.6261612184357E+03   0.3058448361521E+02  -0.1089346862861E+04  -0.3169867821344E+00   0.9483994212012E+00   0.7601116812413E-02  -0.3752873183042E-03
   0.1960000000000E+01   0.3236537095893E+03   0.8809620857385E+00   0.1043630473016E+02   0.3995936645609E-01   0.1282195769960E+00  -0.7524684340429E-01   0.6293969611786E+03   0.3068738656283E+02  -0.1089419445673E+04  -0.3171837114290E+00   0.9483323356302E+00   0.7755770556939E-02   0.3498933407387E-03
   0.1970000000000E+01   0.3236595972163E+03   0.9307059478231E+00   0.1050132435779E+02   0.3889538147756E-01   0.1285697717019E+00  -0.7488282366378E-01   0.6326328867685E+03   0.3078976239208E+02  -0.1089488045443E+04  -0.3173754156712E+00   0.9482663911031E+00   0.7908146794833E-02   0.1076218448650E-02
   0.1980000000000E+01   0.3236658637834E+03   0.9789926591138E+00   0.1056699711658E+02   0.3783447312058E-01   0.1289136631355E+00  -0.7451248327130E-01   0.6358689945626E+03   0.3089160819853E+02  -0.1089552657217E+04  -0.3175619103727E+00   0.9482015845858E+00   0.8058220925338E-02   0.1803647669312E-02
   0.1990000000000E+01   0.3236725107208E+03   0.1025807726373E+01   0.1063330069074E+02   0.3677708738052E-01   0.1292512768932E+00  -0.7413603522311E-01   0.6391052839036E+03   0.3099292104015E+02  -0.1089613276035E+04  -0.3177432131931E+00   0.9481379123303E+00   0.8205969356435E-02   0.2532141093765E-02
   0.2000000000000E+01   0.3236795394447E+03   0.1071137377180E+01   0.1070021294964E+02   0.3572366707909E-01   0.1295826389782E+00  -0.7375369428554E-01   0.6423417541202E+03   0.3109369793805E+02  -0.1089669896931E+04  -0.3179193439227E+00   0.9480753698762E+00   0.8351369517034E-02   0.3261659245034E-02
   0.2010000000000E+01   0.3236869513559E+03   0.1114968564725E+01   0.1076771194702E+02   0.3467465166697E-01   0.1299077758037E+00  -0.7336567689445E-01   0.6455784045263E+03   0.3119393587732E+02  -0.1089722514938E+04  -0.3180903244640E+00   0.9480139520530E+00   0.8494399868643E-02   0.3992163082834E-02
   0.2020000000000E+01   0.3236947478390E+03   0.1157288972260E+01   0.1083577592053E+02   0.3363047702810E-01   0.1302267141960E+00  -0.7297220105385E-01   0.6488152344214E+03   0.3129363180779E+02  -0.1089771125082E+04  -0.3182561788124E+00   0.9479536529831E+00   0.8635039916531E-02   0.4723614008141E-02
   0.2030000000000E+01   0.3237029302619E+03   0.1198087017221E+01   0.1090438329124E+02   0.3259157528572E-01   0.1305394813988E+00  -0.7257348623390E-01   0.6520522430899E+03   0.3139278264486E+02  -0.1089815722390E+04  -0.3184169330362E+00   0.9478944660850E+00   0.8773270220350E-02   0.5455973867644E-02
   0.2040000000000E+01   0.3237114999748E+03   0.1237351855004E+01   0.1097351266341E+02   0.3155837461035E-01   0.1308461050768E+00  -0.7216975326836E-01   0.6552894298013E+03   0.3149138527026E+02  -0.1089856301888E+04  -0.3185726152554E+00   0.9478363840770E+00   0.8909072404234E-02   0.6189204958070E-02
   0.2050000000000E+01   0.3237204583094E+03   0.1275073382393E+01   0.1104314282423E+02   0.3053129902964E-01   0.1311466133206E+00  -0.7176122425134E-01   0.6585267938098E+03   0.3158943653285E+02  -0.1089892858604E+04  -0.3187232556196E+00   0.9477793989817E+00   0.9042429166355E-02   0.6923270030380E-02
   0.2060000000000E+01   0.3237298065781E+03   0.1311242240650E+01   0.1111325274386E+02   0.2951076824045E-01   0.1314410346506E+00  -0.7134812243364E-01   0.6617643343543E+03   0.3168693324946E+02  -0.1089925387564E+04  -0.3188688862856E+00   0.9477235021304E+00   0.9173324287925E-02   0.7658132293847E-02
   0.2070000000000E+01   0.3237395460736E+03   0.1345849818240E+01   0.1118382157546E+02   0.2849719742294E-01   0.1317293980228E+00  -0.7093067211859E-01   0.6650020506581E+03   0.3178387220565E+02  -0.1089953883803E+04  -0.3190095413931E+00   0.9476686841686E+00   0.9301742641655E-02   0.8393755420010E-02
   0.2080000000000E+01   0.3237496780677E+03   0.1378888253220E+01   0.1125482865541E+02   0.2749099705703E-01   0.1320117328325E+00  -0.7050909855742E-01   0.6682399419290E+03   0.3188025015651E+02  -0.1089978342355E+04  -0.3191452570411E+00   0.9476149350617E+00   0.9427670199642E-02   0.9130103546497E-02
   0.2090000000000E+01   0.3237602038111E+03   0.1410350435256E+01   0.1132625350367E+02   0.2649257274121E-01   0.1322880689202E+00  -0.7008362784434E-01   0.6714780073589E+03   0.3197606382748E+02  -0.1089998758262E+04  -0.3192760712616E+00   0.9475622441008E+00   0.9551094040703E-02   0.9867141280739E-02
   0.2100000000000E+01   0.3237711245324E+03   0.1440230007289E+01   0.1139807582416E+02   0.2550232501375E-01   0.1325584365766E+00  -0.6965448681124E-01   0.6747162461239E+03   0.3207130991514E+02  -0.1090015126573E+04  -0.3194020239939E+00   0.9475105999096E+00   0.9672002357128E-02   0.1060483370354E-01
   0.2110000000000E+01   0.3237824414379E+03   0.1468521366843E+01   0.1147027550541E+02   0.2452064917659E-01   0.1328228665469E+00  -0.6922190292214E-01   0.6779546573841E+03   0.3216598508800E+02  -0.1090027442344E+04  -0.3195231570579E+00   0.9474599904514E+00   0.9790384460861E-02   0.1134314637256E-01
   0.2120000000000E+01   0.3237941557105E+03   0.1495219666965E+01   0.1154283262119E+02   0.2354793512174E-01   0.1330813900369E+00  -0.6878610416746E-01   0.6811932402835E+03   0.3226008598733E+02  -0.1090035700637E+04  -0.3196395141256E+00   0.9474104030365E+00   0.9906230789106E-02   0.1208204532559E-01
   0.2130000000000E+01   0.3238062685097E+03   0.1520320816807E+01   0.1161572743134E+02   0.2258456716050E-01   0.1333340387173E+00  -0.6834731895802E-01   0.6844319939497E+03   0.3235360922792E+02  -0.1090039896528E+04  -0.3197511406932E+00   0.9473618243302E+00   0.1001953290934E-01   0.1282149708385E-01
   0.2140000000000E+01   0.3238187809708E+03   0.1543821481835E+01   0.1168894038267E+02   0.2163092385554E-01   0.1335808447286E+00  -0.6790577601906E-01   0.6876709174943E+03   0.3244655139890E+02  -0.1090040025101E+04  -0.3198580840517E+00   0.9473142403608E+00   0.1013028352374E-01   0.1356146865500E-01
   0.2150000000000E+01   0.3238316942045E+03   0.1565719083681E+01   0.1176245211001E+02   0.2068737785582E-01   0.1338218406863E+00  -0.6746170428411E-01   0.6909100100123E+03   0.3253890906456E+02  -0.1090036081451E+04  -0.3199603932564E+00   0.9472676365291E+00   0.1023847647303E-01   0.1430192753610E-01
   0.2160000000000E+01   0.3238450092966E+03   0.1586011799618E+01   0.1183624343728E+02   0.1975429573461E-01   0.1340570596848E+00  -0.6701533278892E-01   0.6941492705824E+03   0.3263067876511E+02  -0.1090028060689E+04  -0.3200581190967E+00   0.9472219976168E+00   0.1034410673971E-01   0.1504284171650E-01
   0.2170000000000E+01   0.3238587273073E+03   0.1604698561676E+01   0.1191029537878E+02   0.1883203783059E-01   0.1342865353024E+00  -0.6656689056531E-01   0.6973886982668E+03   0.3272185701747E+02  -0.1090015957935E+04  -0.3201513140642E+00   0.9471773077964E+00   0.1044717045072E-01   0.1578417968048E-01
   0.2180000000000E+01   0.3238728492712E+03   0.1621779055380E+01   0.1198458914049E+02   0.1792095809207E-01   0.1345103016050E+00  -0.6611660653534E-01   0.7006282921109E+03   0.3281244031612E+02  -0.1089999768328E+04  -0.3202400323208E+00   0.9471335506410E+00   0.1054766487944E-01   0.1652591040984E-01
   0.2190000000000E+01   0.3238873761969E+03   0.1637253718128E+01   0.1205910612146E+02   0.1702140392464E-01   0.1347283931501E+00  -0.6566470940537E-01   0.7038680511438E+03   0.3290242513383E+02  -0.1089979487019E+04  -0.3203243296653E+00   0.9470907091352E+00   0.1064558844721E-01   0.1726800338639E-01
   0.2200000000000E+01   0.3239023090667E+03   0.1651123737188E+01   0.1213382791537E+02   0.1613371604201E-01   0.1349408449903E+00  -0.6521142756057E-01   0.7071079743776E+03   0.3299180792248E+02  -0.1089955109177E+04  -0.3204042635005E+00   0.9470487656847E+00   0.1074094072409E-01   0.1801042859416E-01
   0.2210000000000E+01   0.3239176488364E+03   0.1663391047341E+01   0.1220873631207E+02   0.1525822832045E-01   0.1351476926764E+00  -0.6475698895953E-01   0.7103480608080E+03   0.3308058511387E+02  -0.1089926629989E+04  -0.3204798927986E+00   0.9470077021285E+00   0.1083372242916E-01   0.1875315652170E-01
   0.2220000000000E+01   0.3239333964350E+03   0.1674058328144E+01   0.1228381329929E+02   0.1439526765662E-01   0.1353489722604E+00  -0.6430162102924E-01   0.7135883094137E+03   0.3316875312045E+02  -0.1089894044658E+04  -0.3205512780660E+00   0.9469674997495E+00   0.1092393543009E-01   0.1949615816403E-01
   0.2230000000000E+01   0.3239495527648E+03   0.1683129000828E+01   0.1235904106435E+02   0.1354515382910E-01   0.1355447202979E+00  -0.6384555056048E-01   0.7168287191568E+03   0.3325630833615E+02  -0.1089857348407E+04  -0.3206184813088E+00   0.9469281392867E+00   0.1101158274223E-01   0.2023940502459E-01
   0.2240000000000E+01   0.3239661187012E+03   0.1690607224829E+01   0.1243440199600E+02   0.1270819936359E-01   0.1357349738501E+00  -0.6338900360357E-01   0.7200692889825E+03   0.3334324713716E+02  -0.1089816536480E+04  -0.3206815659957E+00   0.9468896009471E+00   0.1109666852696E-01   0.2098286911702E-01
   0.2250000000000E+01   0.3239830950925E+03   0.1696497893956E+01   0.1250987868627E+02   0.1188470940181E-01   0.1359197704853E+00  -0.6293220536462E-01   0.7233100178194E+03   0.3342956588266E+02  -0.1089771604140E+04  -0.3207405970219E+00   0.9468518644180E+00   0.1117919808956E-01   0.2172652296677E-01
   0.2260000000000E+01   0.3240004827602E+03   0.1700806632190E+01   0.1258545393242E+02   0.1107498157429E-01   0.1360991482800E+00  -0.6247538010234E-01   0.7265509045791E+03   0.3351526091566E+02  -0.1089722546671E+04  -0.3207956406717E+00   0.9468149088799E+00   0.1125917787638E-01   0.2247033961259E-01
   0.2270000000000E+01   0.3240182824986E+03   0.1703539789124E+01   0.1266111073892E+02   0.1027930587706E-01   0.1362731458200E+00  -0.6201875102543E-01   0.7297919481564E+03   0.3360032856373E+02  -0.1089669359382E+04  -0.3208467645809E+00   0.9467787130192E+00   0.1133661547147E-01   0.2321429260791E-01
   0.2280000000000E+01   0.3240364950754E+03   0.1704704435037E+01   0.1273683231948E+02   0.9497964552274E-02   0.1364418021996E+00  -0.6156254019056E-01   0.7330331474295E+03   0.3368476513977E+02  -0.1089612037601E+04  -0.3208940376983E+00   0.9467432550417E+00   0.1141151959256E-01   0.2395835602202E-01
   0.2290000000000E+01   0.3240551212313E+03   0.1704308355615E+01   0.1281260209912E+02   0.8731231972917E-02   0.1366051570224E+00  -0.6110696840111E-01   0.7362745012595E+03   0.3376856694281E+02  -0.1089550576683E+04  -0.3209375302469E+00   0.9467085126860E+00   0.1148390008647E-01   0.2470250444114E-01
   0.2300000000000E+01   0.3240741616804E+03   0.1702360046312E+01   0.1288840371630E+02   0.7979374531601E-02   0.1367632503993E+00  -0.6065225510666E-01   0.7395160084911E+03   0.3385173025870E+02  -0.1089484972005E+04  -0.3209773136847E+00   0.9466744632373E+00   0.1155376792394E-01   0.2544671296932E-01
   0.2310000000000E+01   0.3240936171106E+03   0.1698868706355E+01   0.1296422102501E+02   0.7242650533529E-02   0.1369161229475E+00  -0.6019861830322E-01   0.7427576679519E+03   0.3393425136094E+02  -0.1089415218972E+04  -0.3210134606648E+00   0.9466410835413E+00   0.1162113519378E-01   0.2619095722922E-01
   0.2320000000000E+01   0.3241134881832E+03   0.1693844232403E+01   0.1304003809696E+02   0.6521310093693E-02   0.1370638157886E+00  -0.5974627443435E-01   0.7459994784532E+03   0.3401612651139E+02  -0.1089341313011E+04  -0.3210460449953E+00   0.9466083500187E+00   0.1168601509655E-01   0.2693521336271E-01
   0.2330000000000E+01   0.3241337755340E+03   0.1687297211856E+01   0.1311583922376E+02   0.5815595038354E-02   0.1372063705457E+00  -0.5929543829323E-01   0.7492414387893E+03   0.3409735196102E+02  -0.1089263249579E+04  -0.3210751415988E+00   0.9465762386794E+00   0.1174842193752E-01   0.2767945803133E-01
   0.2340000000000E+01   0.3241544797727E+03   0.1679238915816E+01   0.1319160891908E+02   0.5125738810878E-02   0.1373438293402E+00  -0.5884632292561E-01   0.7524835477379E+03   0.3417792395067E+02  -0.1089181024158E+04  -0.3211008264708E+00   0.9465447251372E+00   0.1180837111918E-01   0.2842366841661E-01
   0.2350000000000E+01   0.3241756014842E+03   0.1669681291710E+01   0.1326733192084E+02   0.4451966381957E-02   0.1374762347880E+00  -0.5839913953386E-01   0.7557258040603E+03   0.3425783871176E+02  -0.1089094632257E+04  -0.3211231766387E+00   0.9465137846248E+00   0.1186587913305E-01   0.2916782222019E-01
   0.2360000000000E+01   0.3241971412281E+03   0.1658636955578E+01   0.1334299319339E+02   0.3794494164282E-02   0.1376036299952E+00  -0.5795409738199E-01   0.7589682065012E+03   0.3433709246705E+02  -0.1089004069416E+04  -0.3211422701202E+00   0.9464833920087E+00   0.1192096355100E-01   0.2991189766381E-01
   0.2370000000000E+01   0.3242190995396E+03   0.1646119184022E+01   0.1341857792973E+02   0.3153529931714E-02   0.1377260585531E+00  -0.5751140370185E-01   0.7622107537886E+03   0.3441568143134E+02  -0.1088909331203E+04  -0.3211581858802E+00   0.9464535218042E+00   0.1197364301592E-01   0.3065587348915E-01
   0.2380000000000E+01   0.3242414769299E+03   0.1632141905831E+01   0.1349407155358E+02   0.2529272742990E-02   0.1378435645321E+00  -0.5707126360050E-01   0.7654534446344E+03   0.3449360181220E+02  -0.1088810413214E+04  -0.3211710037895E+00   0.9464241481913E+00   0.1202393723191E-01   0.3139972895750E-01
   0.2390000000000E+01   0.3242642738865E+03   0.1616719693278E+01   0.1356945972162E+02   0.1921912870021E-02   0.1379561924760E+00  -0.5663387996875E-01   0.7686962777340E+03   0.3457084981071E+02  -0.1088707311075E+04  -0.3211808045810E+00   0.9463952450295E+00   0.1207186695383E-01   0.3214344384925E-01
   0.2400000000000E+01   0.3242874908739E+03   0.1599867753100E+01   0.1364472832551E+02   0.1331631730798E-02   0.1380639873948E+00  -0.5619945339098E-01   0.7719392517665E+03   0.3464742162212E+02  -0.1088600020446E+04  -0.3211876698072E+00   0.9463667858738E+00   0.1211745397635E-01   0.3288699846322E-01
   0.2410000000000E+01   0.3243111283340E+03   0.1581601917165E+01   0.1371986349403E+02   0.7586018269770E-03   0.1381669947574E+00  -0.5576818205630E-01   0.7751823653950E+03   0.3472331343661E+02  -0.1088488537015E+04  -0.3211916817967E+00   0.9463387439901E+00   0.1216072112242E-01   0.3363037361584E-01
   0.2420000000000E+01   0.3243351866868E+03   0.1561938632823E+01   0.1379485159507E+02   0.2029866861383E-03   0.1382652604833E+00  -0.5534026167105E-01   0.7784256172662E+03   0.3479852143992E+02  -0.1088372856502E+04  -0.3211929236106E+00   0.9463110923716E+00   0.1220169223124E-01   0.3437355064014E-01
   0.2430000000000E+01   0.3243596663307E+03   0.1540894952958E+01   0.1386967923764E+02  -0.3350591912167E-03   0.1383588309339E+00  -0.5491588537270E-01   0.7816690060109E+03   0.3487304181412E+02  -0.1088252974660E+04  -0.3211914789986E+00   0.9462838037539E+00   0.1224039214560E-01   0.3511651138460E-01
   0.2440000000000E+01   0.3243845676435E+03   0.1518488525743E+01   0.1394433327382E+02  -0.8553903799233E-03   0.1384477529033E+00  -0.5449524364520E-01   0.7849125302440E+03   0.3494687073820E+02  -0.1088128887274E+04  -0.3211874323553E+00   0.9462568506315E+00   0.1227684669884E-01   0.3585923821177E-01
   0.2450000000000E+01   0.3244098909828E+03   0.1494737584099E+01   0.1401880080060E+02  -0.1357870573631E-02   0.1385320736083E+00  -0.5407852423586E-01   0.7881561885646E+03   0.3502000438886E+02  -0.1088000590163E+04  -0.3211808686757E+00   0.9462302052735E+00   0.1231108270112E-01   0.3660171399682E-01
   0.2460000000000E+01   0.3244356366867E+03   0.1469660934870E+01   0.1409306916173E+02  -0.1842372623486E-02   0.1386118406779E+00  -0.5366591207376E-01   0.7913999795559E+03   0.3509243894106E+02  -0.1087868079177E+04  -0.3211718735112E+00   0.9462038397399E+00   0.1234312792533E-01   0.3734392212577E-01
   0.2470000000000E+01   0.3244618050745E+03   0.1443277947715E+01   0.1416712594943E+02  -0.2308778571987E-02   0.1386871021422E+00  -0.5325758918972E-01   0.7946439017855E+03   0.3516417056878E+02  -0.1087731350203E+04  -0.3211605329249E+00   0.9461777258976E+00   0.1237301109243E-01   0.3808584649370E-01
   0.2480000000000E+01   0.3244883964474E+03   0.1415608543730E+01   0.1424095900611E+02  -0.2756979682022E-02   0.1387579064209E+00  -0.5285373463793E-01   0.7978879538056E+03   0.3523519544562E+02  -0.1087590399160E+04  -0.3211469334471E+00   0.9461518354364E+00   0.1240076185625E-01   0.3882747150266E-01
   0.2490000000000E+01   0.3245154110892E+03   0.1386673183801E+01   0.1431455642591E+02  -0.3186876461044E-02   0.1388243023108E+00  -0.5245452441928E-01   0.8011321341528E+03   0.3530550974547E+02  -0.1087445222002E+04  -0.3211311620308E+00   0.9461261398852E+00   0.1242641078787E-01   0.3956878205951E-01
   0.2500000000000E+01   0.3245428492672E+03   0.1356492856699E+01   0.1438790655623E+02  -0.3598378680402E-02   0.1388863389733E+00  -0.5206013140631E-01   0.8043764413484E+03   0.3537510964317E+02  -0.1087295814720E+04  -0.3211133060070E+00   0.9461006106281E+00   0.1244998935954E-01   0.4030976357347E-01
   0.2510000000000E+01   0.3245707112325E+03   0.1325089066921E+01   0.1446099799913E+02  -0.3991405389804E-02   0.1389440659210E+00  -0.5167072527001E-01   0.8076208738986E+03   0.3544399131508E+02  -0.1087142173339E+04  -0.3210934530398E+00   0.9460752189206E+00   0.1247152992804E-01   0.4105040195358E-01
   0.2520000000000E+01   0.3245989972213E+03   0.1292483822282E+01   0.1453381961268E+02  -0.4365884926918E-02   0.1389975330040E+00  -0.5128647240838E-01   0.8108654302945E+03   0.3551215093980E+02  -0.1086984293918E+04  -0.3210716910819E+00   0.9460499359055E+00   0.1249106571768E-01   0.4179068360595E-01
   0.2530000000000E+01   0.3246277074554E+03   0.1258699621275E+01   0.1460636051212E+02  -0.4721754922106E-02   0.1390467903956E+00  -0.5090753587678E-01   0.8141101090123E+03   0.3557958469869E+02  -0.1086822172554E+04  -0.3210481083297E+00   0.9460247326289E+00   0.1250863080278E-01   0.4253059543084E-01
   0.2540000000000E+01   0.3246568421430E+03   0.1223759440197E+01   0.1467861007105E+02  -0.5058962298300E-02   0.1390918885777E+00  -0.5053407532019E-01   0.8173549085132E+03   0.3564628877656E+02  -0.1086655805381E+04  -0.3210227931786E+00   0.9459995800565E+00   0.1252426008977E-01   0.4327012481954E-01
   0.2550000000000E+01   0.3246864014794E+03   0.1187686720050E+01   0.1475055792238E+02  -0.5377463266019E-02   0.1391328783252E+00  -0.5016624690738E-01   0.8205998272439E+03   0.3571225936224E+02  -0.1086485188567E+04  -0.3209958341786E+00   0.9459744490890E+00   0.1253798929881E-01   0.4400925965109E-01
   0.2560000000000E+01   0.3247163856481E+03   0.1150505353233E+01   0.1482219395922E+02  -0.5677223313540E-02   0.1391698106909E+00  -0.4980420326695E-01   0.8238448636365E+03   0.3577749264917E+02  -0.1086310318319E+04  -0.3209673199895E+00   0.9459493105784E+00   0.1254985494505E-01   0.4474798828884E-01
   0.2570000000000E+01   0.3247467948212E+03   0.1112239670021E+01   0.1489350833571E+02  -0.5958217192242E-02   0.1392027369889E+00  -0.4944809342542E-01   0.8270900161085E+03   0.3584198483600E+02  -0.1086131190881E+04  -0.3209373393364E+00   0.9459241353434E+00   0.1255989431943E-01   0.4548629957677E-01
   0.2580000000000E+01   0.3247776291605E+03   0.1072914424847E+01   0.1496449146762E+02  -0.6220428897124E-02   0.1392317087789E+00  -0.4909806274725E-01   0.8303352830634E+03   0.3590573212716E+02  -0.1085947802533E+04  -0.3209059809656E+00   0.9458988941854E+00   0.1256814546912E-01   0.4622418283570E-01
   0.2590000000000E+01   0.3248088888181E+03   0.1032554782398E+01   0.1503513403293E+02  -0.6463851642531E-02   0.1392567778486E+00  -0.4875425287693E-01   0.8335806628904E+03   0.3596873073343E+02  -0.1085760149594E+04  -0.3208733336005E+00   0.9458735579036E+00   0.1257464717758E-01   0.4696162785929E-01
   0.2600000000000E+01   0.3248405739374E+03   0.9911863035204E+00   0.1510542697221E+02  -0.6688487833103E-02   0.1392779961973E+00  -0.4841680168311E-01   0.8368261539648E+03   0.3603097687253E+02  -0.1085568228419E+04  -0.3208394858970E+00   0.9458480973111E+00   0.1257943894423E-01   0.4769862490986E-01
   0.2610000000000E+01   0.3248726846537E+03   0.9488349309608E+00   0.1517536148890E+02  -0.6894349029976E-02   0.1392954160180E+00  -0.4808584320483E-01   0.8400717546479E+03   0.3609246676962E+02  -0.1085372035402E+04  -0.3208045264003E+00   0.9458224832493E+00   0.1258256096376E-01   0.4843516471406E-01
   0.2620000000000E+01   0.3249052210952E+03   0.9055269749361E+00   0.1524492904947E+02  -0.7081455912253E-02   0.1393090896798E+00  -0.4776150759984E-01   0.8433174632874E+03   0.3615319665789E+02  -0.1085171566975E+04  -0.3207685435012E+00   0.9457966866039E+00   0.1258405410515E-01   0.4917123845834E-01
   0.2630000000000E+01   0.3249381833835E+03   0.8612890985499E+00   0.1531412138344E+02  -0.7249838233792E-02   0.1393190697100E+00  -0.4744392109509E-01   0.8465632782176E+03   0.3621316277910E+02  -0.1084966819608E+04  -0.3207316253923E+00   0.9457706783196E+00   0.1258395989025E-01   0.4990683778424E-01
   0.2640000000000E+01   0.3249715716347E+03   0.8161483030618E+00   0.1538293048323E+02  -0.7399534775337E-02   0.1393254087759E+00  -0.4713320593932E-01   0.8498091977591E+03   0.3627236138408E+02  -0.1084757789809E+04  -0.3206938600255E+00   0.9457444294148E+00   0.1258232047214E-01   0.5064195478356E-01
   0.2650000000000E+01   0.3250053859598E+03   0.7701319130182E+00   0.1545134860391E+02  -0.7530593292026E-02   0.1393281596661E+00  -0.4682948035792E-01   0.8530552202196E+03   0.3633078873326E+02  -0.1084544474126E+04  -0.3206553350687E+00   0.9457179109968E+00   0.1257917861315E-01   0.5137658199329E-01
   0.2660000000000E+01   0.3250396264658E+03   0.7232675612537E+00   0.1551936826284E+02  -0.7643070456323E-02   0.1393273752722E+00  -0.4653285850992E-01   0.8563013438935E+03   0.3638844109719E+02  -0.1084326869144E+04  -0.3206161378635E+00   0.9456910942756E+00   0.1257457766255E-01   0.5211071239043E-01
   0.2670000000000E+01   0.3250742932563E+03   0.6755831737733E+00   0.1558698223905E+02  -0.7737031796418E-02   0.1393231085700E+00  -0.4624345044722E-01   0.8595475670623E+03   0.3644531475703E+02  -0.1084104971486E+04  -0.3205763553831E+00   0.9456639505792E+00   0.1256856153398E-01   0.5284433938663E-01
   0.2680000000000E+01   0.3251093864322E+03   0.6271069545231E+00   0.1565418357265E+02  -0.7812551630134E-02   0.1393154126002E+00  -0.4596136207610E-01   0.8627938879948E+03   0.3650140600509E+02  -0.1083878777815E+04  -0.3205360741900E+00   0.9456364513669E+00   0.1256117468265E-01   0.5357745682264E-01
   0.2690000000000E+01   0.3251449060924E+03   0.5778673700593E+00   0.1572096556392E+02  -0.7869712994397E-02   0.1393043404502E+00  -0.4568669512089E-01   0.8660403049473E+03   0.3655671114522E+02  -0.1083648284833E+04  -0.3204953803953E+00   0.9456085682440E+00   0.1255246208221E-01   0.5431005896261E-01
   0.2700000000000E+01   0.3251808523347E+03   0.5278931341255E+00   0.1578732177242E+02  -0.7908607570316E-02   0.1392899452343E+00  -0.4541954709006E-01   0.8692868161636E+03   0.3661122649341E+02  -0.1083413489279E+04  -0.3204543596168E+00   0.9455802729749E+00   0.1254246920145E-01   0.5504214048829E-01
   0.2710000000000E+01   0.3252172252560E+03   0.4772131921463E+00   0.1585324601582E+02  -0.7929335603934E-02   0.1392722800751E+00  -0.4516001124445E-01   0.8725334198751E+03   0.3666494837814E+02  -0.1083174387933E+04  -0.3204130969389E+00   0.9455515374975E+00   0.1253124198070E-01   0.5577369649295E-01
   0.2720000000000E+01   0.3252540249536E+03   0.4258567056475E+00   0.1591873236868E+02  -0.7932005822700E-02   0.1392513980841E+00  -0.4490817656785E-01   0.8757801143013E+03   0.3671787314094E+02  -0.1082930977612E+04  -0.3203716768721E+00   0.9455223339359E+00   0.1251882680808E-01   0.5650472247531E-01
   0.2730000000000E+01   0.3252912515253E+03   0.3738530366116E+00   0.1598377516104E+02  -0.7916735347724E-02   0.1392273523430E+00  -0.4466412773994E-01   0.8790268976497E+03   0.3676999713676E+02  -0.1082683255173E+04  -0.3203301833131E+00   0.9454926346136E+00   0.1250527049549E-01   0.5723521433315E-01
   0.2740000000000E+01   0.3253289050703E+03   0.3212317317791E+00   0.1604836897691E+02  -0.7883649601884E-02   0.1392001958842E+00  -0.4442794511146E-01   0.8822737681162E+03   0.3682131673449E+02  -0.1082431217510E+04  -0.3202886995061E+00   0.9454624120671E+00   0.1249062025447E-01   0.5796516835690E-01
   0.2750000000000E+01   0.3253669856897E+03   0.2680225069031E+00   0.1611250865254E+02  -0.7832882213838E-02   0.1391699816721E+00  -0.4419970468175E-01   0.8855207238847E+03   0.3687182831732E+02  -0.1082174861559E+04  -0.3202473080030E+00   0.9454316390577E+00   0.1247492367184E-01   0.5869458122306E-01
   0.2760000000000E+01   0.3254054934871E+03   0.2142552309682E+00   0.1617618927466E+02  -0.7764574918021E-02   0.1391367625846E+00  -0.4397947807861E-01   0.8887677631282E+03   0.3692152828322E+02  -0.1081914184291E+04  -0.3202060906259E+00   0.9454002885845E+00   0.1245822868520E-01   0.5942344998743E-01
   0.2770000000000E+01   0.3254444285689E+03   0.1599599103825E+00   0.1623940617849E+02  -0.7678877450689E-02   0.1391005913937E+00  -0.4376733254050E-01   0.8920148840080E+03   0.3697041304533E+02  -0.1081649182717E+04  -0.3201651284291E+00   0.9453683338967E+00   0.1244058355827E-01   0.6015177207825E-01
   0.2780000000000E+01   0.3254837910453E+03   0.1051666731522E+00   0.1630215494565E+02  -0.7575947442077E-02   0.1390615207475E+00  -0.4356333090105E-01   0.8952620846747E+03   0.3701847903238E+02  -0.1081379853888E+04  -0.3201245016617E+00   0.9453357485050E+00   0.1242203685614E-01   0.6087954528922E-01
   0.2790000000000E+01   0.3255235810304E+03   0.4990575304690E-01   0.1636443140193E+02  -0.7455950304768E-02   0.1390196031517E+00  -0.4336753157596E-01   0.8985093632678E+03   0.3706572268908E+02  -0.1081106194891E+04  -0.3200842897310E+00   0.9453025061942E+00   0.1240263742032E-01   0.6160676777236E-01
   0.2800000000000E+01   0.3255637986428E+03  -0.5792526232456E-02   0.1642623161496E+02  -0.7319059118318E-02   0.1389748909513E+00  -0.4317998855217E-01   0.9017567179161E+03   0.3711214047652E+02  -0.1080828202854E+04  -0.3200445711666E+00   0.9452685810339E+00   0.1238243434376E-01   0.6233343803076E-01
   0.2810000000000E+01   0.3256044440058E+03  -0.6189776687696E-01   0.1648755189168E+02  -0.7165454510239E-02   0.1389274363129E+00  -0.4300075137942E-01   0.9050041467378E+03   0.3715772887256E+02  -0.1080545874940E+04  -0.3200054235848E+00   0.9452339473900E+00   0.1236147694578E-01   0.6305955491120E-01
   0.2820000000000E+01   0.3256455172483E+03  -0.1183795127728E+00   0.1654838877571E+02  -0.6995324533415E-02   0.1388772912071E+00  -0.4282986516413E-01   0.9082516478409E+03   0.3720248437219E+02  -0.1080259208352E+04  -0.3199669236538E+00   0.9451985799358E+00   0.1233981474685E-01   0.6378511759671E-01
   0.2830000000000E+01   0.3256870185046E+03  -0.1752072652762E+00   0.1660873904469E+02  -0.6808864540028E-02   0.1388245073910E+00  -0.4266737056559E-01   0.9114992193229E+03   0.3724640348789E+02  -0.1079968200332E+04  -0.3199291470593E+00   0.9451624536628E+00   0.1231749744342E-01   0.6451012559896E-01
   0.2840000000000E+01   0.3257289479151E+03  -0.2323504989505E+00   0.1666859970729E+02  -0.6606277052081E-02   0.1387691363913E+00  -0.4251330379449E-01   0.9147468592717E+03   0.3728948275002E+02  -0.1079672848157E+04  -0.3198921684713E+00   0.9451255438906E+00   0.1229457488257E-01   0.6523457875054E-01
   0.2850000000000E+01   0.3257713056264E+03  -0.2897786772570E+00   0.1672796800035E+02  -0.6387771628612E-02   0.1387112294874E+00  -0.4236769661377E-01   0.9179945657648E+03   0.3733171870714E+02  -0.1079373149145E+04  -0.3198560615110E+00   0.9450878262775E+00   0.1227109703675E-01   0.6595847719723E-01
   0.2860000000000E+01   0.3258140917918E+03  -0.3474612681902E+00   0.1678684138567E+02  -0.6153564729671E-02   0.1386508376956E+00  -0.4223057634175E-01   0.9212423368704E+03   0.3737310792635E+02  -0.1079069100647E+04  -0.3198208987186E+00   0.9450492768307E+00   0.1224711397845E-01   0.6668182139007E-01
   0.2870000000000E+01   0.3258573065713E+03  -0.4053677598484E+00   0.1684521754690E+02  -0.5903879577171E-02   0.1385880117527E+00  -0.4210196585762E-01   0.9244901706472E+03   0.3741364699366E+02  -0.1078760700057E+04  -0.3197867515219E+00   0.9450098719150E+00   0.1222267585481E-01   0.6740461207740E-01
   0.2880000000000E+01   0.3259009501320E+03  -0.4634676759323E+00   0.1690309438613E+02  -0.5638946012679E-02   0.1385228021005E+00  -0.4198188360913E-01   0.9277380651442E+03   0.3745333251428E+02  -0.1078447944800E+04  -0.3197536902055E+00   0.9449695882631E+00   0.1219783286238E-01   0.6812685029683E-01
   0.2890000000000E+01   0.3259450226480E+03  -0.5217305911605E+00   0.1696047002054E+02  -0.5359000352261E-02   0.1384552588711E+00  -0.4187034362261E-01   0.9309860184015E+03   0.3749216111293E+02  -0.1078130832342E+04  -0.3197217838809E+00   0.9449284029842E+00   0.1217263522172E-01   0.6884853736708E-01
   0.2900000000000E+01   0.3259895243010E+03  -0.5801261465964E+00   0.1701734277883E+02  -0.5064285238470E-02   0.1383854318717E+00  -0.4176735551523E-01   0.9342340284503E+03   0.3753012943419E+02  -0.1077809360184E+04  -0.3196911004569E+00   0.9448862935729E+00   0.1214713315220E-01   0.6956967487978E-01
   0.2910000000000E+01   0.3260344552797E+03  -0.6386240648752E+00   0.1707371119764E+02  -0.4755049489555E-02   0.1383133705711E+00  -0.4167292450952E-01   0.9374820933127E+03   0.3756723414276E+02  -0.1077483525865E+04  -0.3196617066115E+00   0.9448432379179E+00   0.1212137684676E-01   0.7029026469126E-01
   0.2920000000000E+01   0.3260798157808E+03  -0.6971941653248E+00   0.1712957401780E+02  -0.4431547946018E-02   0.1382391240853E+00  -0.4158705145012E-01   0.9407302110022E+03   0.3760347192379E+02  -0.1077153326957E+04  -0.3196336677636E+00   0.9447992143101E+00   0.1209541644677E-01   0.7101030891414E-01
   0.2930000000000E+01   0.3261256060081E+03  -0.7558063789718E+00   0.1718493018059E+02  -0.4094041314589E-02   0.1381627411648E+00  -0.4150973282268E-01   0.9439783795240E+03   0.3763883948314E+02  -0.1076818761071E+04  -0.3196070480466E+00   0.9447542014504E+00   0.1206930201692E-01   0.7172980990901E-01
   0.2940000000000E+01   0.3261718261732E+03  -0.8144307634234E+00   0.1723977882381E+02  -0.3742796009736E-02   0.1380842701818E+00  -0.4144096077503E-01   0.9472265968747E+03   0.3767333354764E+02  -0.1076479825853E+04  -0.3195819102819E+00   0.9447081784580E+00   0.1204308352028E-01   0.7244877027599E-01
   0.2950000000000E+01   0.3262184764951E+03  -0.8730375176196E+00   0.1729411927788E+02  -0.3378083992795E-02   0.1380037591180E+00  -0.4138072314046E-01   0.9504748610430E+03   0.3770695086542E+02  -0.1076136518982E+04  -0.3195583159538E+00   0.9446611248771E+00   0.1201681079340E-01   0.7316719284624E-01
   0.2960000000000E+01   0.3262655572002E+03  -0.9315969964454E+00   0.1734795106179E+02  -0.3000182608837E-02   0.1379212555529E+00  -0.4132900346319E-01   0.9537231700093E+03   0.3773968820612E+02  -0.1075788838175E+04  -0.3195363251846E+00   0.9446130206848E+00   0.1199053352156E-01   0.7388508067348E-01
   0.2970000000000E+01   0.3263130685224E+03  -0.9900797251977E+00   0.1740127387901E+02  -0.2609374421358E-02   0.1378368066529E+00  -0.4128578102593E-01   0.9569715217464E+03   0.3777154236117E+02  -0.1075436781183E+04  -0.3195159967112E+00   0.9445638462973E+00   0.1196430121412E-01   0.7460243702548E-01
   0.2980000000000E+01   0.3263610107028E+03  -0.1048456413897E+01   0.1745408761336E+02  -0.2205947044905E-02   0.1377504591610E+00  -0.4125103087958E-01   0.9602199142195E+03   0.3780251014401E+02  -0.1075080345791E+04  -0.3194973878620E+00   0.9445135825771E+00   0.1193816318007E-01   0.7531926537544E-01
   0.2990000000000E+01   0.3264093839894E+03  -0.1106697971440E+01   0.1750639232480E+02  -0.1790192975735E-02   0.1376622593863E+00  -0.4122472387492E-01   0.9634683453860E+03   0.3783258839038E+02  -0.1074719529819E+04  -0.3194805545354E+00   0.9444622108387E+00   0.1191216850369E-01   0.7603556939346E-01
   0.3000000000000E+01   0.3264581886373E+03  -0.1164775519580E+01   0.1755818824516E+02  -0.1362409420610E-02   0.1375722531955E+00  -0.4120682669651E-01   0.9667168131962E+03   0.3786177395849E+02  -0.1074354331120E+04  -0.3194655511779E+00   0.9444097128554E+00   0.1188636602039E-01   0.7675135293797E-01
   0.3010000000000E+01   0.3265074249081E+03  -0.1222660406736E+01   0.1760947577386E+02  -0.9228981238387E-03   0.1374804860034E+00  -0.4119730189839E-01   0.9699653155930E+03   0.3789006372931E+02  -0.1073984747580E+04  -0.3194524307644E+00   0.9443560708646E+00   0.1186080429274E-01   0.7746662004711E-01
   0.3020000000000E+01   0.3265570930699E+03  -0.1280324221616E+01   0.1766025547357E+02  -0.4719651926606E-03   0.1373870027651E+00  -0.4119610794201E-01   0.9732138505126E+03   0.3791745460673E+02  -0.1073610777120E+04  -0.3194412447785E+00   0.9443012675732E+00   0.1183553158670E-01   0.7818137493015E-01
   0.3030000000000E+01   0.3266071933970E+03  -0.1337738806656E+01   0.1771052806581E+02  -0.9920921083129E-05   0.1372918479687E+00  -0.4120319923594E-01   0.9764624158839E+03   0.3794394351782E+02  -0.1073232417694E+04  -0.3194320431944E+00   0.9442452861635E+00   0.1181059584806E-01   0.7889562195894E-01
   0.3040000000000E+01   0.3266577261693E+03  -0.1394876271254E+01   0.1776029442660E+02   0.4629203877269E-03   0.1371950656279E+00  -0.4121852617759E-01   0.9797110096295E+03   0.3796952741298E+02  -0.1072849667287E+04  -0.3194248744586E+00   0.9441881102976E+00   0.1178604467908E-01   0.7960936565934E-01
   0.3050000000000E+01   0.3267086916724E+03  -0.1451709004815E+01   0.1780955558200E+02   0.9462406003896E-03   0.1370966992761E+00  -0.4124203519685E-01   0.9829596296650E+03   0.3799420326620E+02  -0.1072462523916E+04  -0.3194197854736E+00   0.9441297241220E+00   0.1176192531539E-01   0.8032261070263E-01
   0.3060000000000E+01   0.3267600901971E+03  -0.1508209689576E+01   0.1785831270365E+02   0.1439717933493E-02   0.1369967919605E+00  -0.4127366880157E-01   0.9862082739000E+03   0.3801796807521E+02  -0.1072070985633E+04  -0.3194168215823E+00   0.9440701122729E+00   0.1173828460310E-01   0.8103536189708E-01
   0.3070000000000E+01   0.3268119220387E+03  -0.1564351313224E+01   0.1790656710438E+02   0.1943027134902E-02   0.1368953862369E+00  -0.4131336562486E-01   0.9894569402375E+03   0.3804081886166E+02  -0.1071675050519E+04  -0.3194160265524E+00   0.9440092598796E+00   0.1171516897621E-01   0.8174762417942E-01
   0.3080000000000E+01   0.3268641874969E+03  -0.1620107181291E+01   0.1795432023370E+02   0.2455839666091E-02   0.1367925241655E+00  -0.4136106047426E-01   0.9927056265745E+03   0.3806275267131E+02  -0.1071274716686E+04  -0.3194174425631E+00   0.9439471525685E+00   0.1169262443424E-01   0.8245940260638E-01
   0.3090000000000E+01   0.3269168868755E+03  -0.1675450929323E+01   0.1800157367333E+02   0.2977823885394E-02   0.1366882473070E+00  -0.4141668438260E-01   0.9959543308021E+03   0.3808376657422E+02  -0.1070869982277E+04  -0.3194211101914E+00   0.9438837764672E+00   0.1167069652021E-01   0.8317070234637E-01
   0.3100000000000E+01   0.3269700204815E+03  -0.1730356534821E+01   0.1804832913281E+02   0.3508645232068E-02   0.1365825967190E+00  -0.4148016466063E-01   0.9992030508054E+03   0.3810385766486E+02  -0.1070460845468E+04  -0.3194270684005E+00   0.9438191182078E+00   0.1164943029881E-01   0.8388152867105E-01
   0.3110000000000E+01   0.3270235886249E+03  -0.1784798328939E+01   0.1809458844496E+02   0.4047966411065E-02   0.1364756129538E+00  -0.4155142495138E-01   0.1002451784464E+04   0.3812302306232E+02  -0.1070047304461E+04  -0.3194353545282E+00   0.9437531649297E+00   0.1162887033494E-01   0.8459188694714E-01
   0.3120000000000E+01   0.3270775916183E+03  -0.1838751007950E+01   0.1814035356155E+02   0.4595447578407E-02   0.1363673360560E+00  -0.4163038528610E-01   0.1005700529652E+04   0.3814125991042E+02  -0.1069629357491E+04  -0.3194460042766E+00   0.9436859042830E+00   0.1160906067259E-01   0.8530178262810E-01
   0.3130000000000E+01   0.3271320297761E+03  -0.1892189644454E+01   0.1818562654879E+02   0.5150746527063E-02   0.1362578055612E+00  -0.4171696214189E-01   0.1008949284237E+04   0.3815856537789E+02  -0.1069207002821E+04  -0.3194590517027E+00   0.9436173244309E+00   0.1159004481392E-01   0.8601122124606E-01
   0.3140000000000E+01   0.3271869034141E+03  -0.1945089698342E+01   0.1823040958303E+02   0.5713518873216E-02   0.1361470604949E+00  -0.4181106850091E-01   0.1012198046083E+04   0.3817493665846E+02  -0.1068780238743E+04  -0.3194745292102E+00   0.9435474140522E+00   0.1157186569883E-01   0.8672020840373E-01
   0.3150000000000E+01   0.3272422128489E+03  -0.1997427027505E+01   0.1827470494633E+02   0.6283418242831E-02   0.1360351393724E+00  -0.4191261391106E-01   0.1015446813048E+04   0.3819037097104E+02  -0.1068349063577E+04  -0.3194924675416E+00   0.9434761623434E+00   0.1155456568476E-01   0.8742874976637E-01
   0.3160000000000E+01   0.3272979583976E+03  -0.2049177898276E+01   0.1831851502222E+02   0.6860096458406E-02   0.1359220801991E+00  -0.4202150454827E-01   0.1018695582985E+04   0.3820486555982E+02  -0.1067913475673E+04  -0.3195128957719E+00   0.9434035590210E+00   0.1153818652687E-01   0.8813685105391E-01
   0.3170000000000E+01   0.3273541403767E+03  -0.2100318995614E+01   0.1836184229133E+02   0.7443203725811E-02   0.1358079204710E+00  -0.4213764328017E-01   0.1021944353742E+04   0.3821841769437E+02  -0.1067473473406E+04  -0.3195358413026E+00   0.9433295943226E+00   0.1152276935859E-01   0.8884451803318E-01
   0.3180000000000E+01   0.3274107591018E+03  -0.2150827433014E+01   0.1840468932725E+02   0.8032388821121E-02   0.1356926971762E+00  -0.4226092973122E-01   0.1025193123162E+04   0.3823102466980E+02  -0.1067029055182E+04  -0.3195613298572E+00   0.9432542590090E+00   0.1150835467259E-01   0.8955175651010E-01
   0.3190000000000E+01   0.3274678148872E+03  -0.2200680762151E+01   0.1844705879226E+02   0.8627299277324E-02   0.1355764467968E+00  -0.4239126034925E-01   0.1028441889085E+04   0.3824268380681E+02  -0.1066580219431E+04  -0.3195893854775E+00   0.9431775443650E+00   0.1149498230199E-01   0.9025857232215E-01
   0.3200000000000E+01   0.3275253080448E+03  -0.2249856982238E+01   0.1848895343325E+02   0.9227581570821E-02   0.1354592053112E+00  -0.4252852847325E-01   0.1031690649344E+04   0.3825339245183E+02  -0.1066126964610E+04  -0.3196200305202E+00   0.9430994422007E+00   0.1148269140215E-01   0.9096497133086E-01
   0.3210000000000E+01   0.3275832388839E+03  -0.2298334549117E+01   0.1853037607765E+02   0.9832881307609E-02   0.1353410081971E+00  -0.4267262440254E-01   0.1034939401768E+04   0.3826314797710E+02  -0.1065669289203E+04  -0.3196532856554E+00   0.9430199448520E+00   0.1147152043271E-01   0.9167095941435E-01
   0.3220000000000E+01   0.3276416077101E+03  -0.2346092384056E+01   0.1857132962938E+02   0.1044284340905E-01   0.1352218904347E+00  -0.4282343546717E-01   0.1038188144184E+04   0.3827194778075E+02  -0.1065207191720E+04  -0.3196891698653E+00   0.9429390451816E+00   0.1146150714007E-01   0.9237654246016E-01
   0.3230000000000E+01   0.3277004148252E+03  -0.2393109882267E+01   0.1861181706496E+02   0.1105711229716E-01   0.1351018865106E+00  -0.4298084609954E-01   0.1041436874413E+04   0.3827978928689E+02  -0.1064740670695E+04  -0.3197277004444E+00   0.9428567365788E+00   0.1145268854035E-01   0.9308172635801E-01
   0.3240000000000E+01   0.3277596605262E+03  -0.2439366921130E+01   0.1865184142959E+02   0.1167533207920E-01   0.1349810304222E+00  -0.4314473790713E-01   0.1044685590272E+04   0.3828666994567E+02  -0.1064269724690E+04  -0.3197688929995E+00   0.9427730129599E+00   0.1144510090271E-01   0.9378651699285E-01
   0.3250000000000E+01   0.3278193451046E+03  -0.2484843868130E+01   0.1869140583338E+02   0.1229714673172E-01   0.1348593556820E+00  -0.4331498974644E-01   0.1047934289574E+04   0.3829258723338E+02  -0.1063794352287E+04  -0.3198127614523E+00   0.9426878687684E+00   0.1143877973308E-01   0.9449092023792E-01
   0.3260000000000E+01   0.3278794688460E+03  -0.2529521588499E+01   0.1873051344763E+02   0.1292220028364E-01   0.1347368953236E+00  -0.4349147779796E-01   0.1051182970129E+04   0.3829753865250E+02  -0.1063314552095E+04  -0.3198593180415E+00   0.9426012989739E+00   0.1143375975844E-01   0.9519494194802E-01
   0.3270000000000E+01   0.3279400320292E+03  -0.2573381452557E+01   0.1876916750118E+02   0.1355013699857E-01   0.1346136819061E+00  -0.4367407564215E-01   0.1054431629741E+04   0.3830152173171E+02  -0.1062830322748E+04  -0.3199085733261E+00   0.9425132990726E+00   0.1143007491138E-01   0.9589858795291E-01
   0.3280000000000E+01   0.3280010349258E+03  -0.2616405342759E+01   0.1880737127684E+02   0.1418060155605E-01   0.1344897475209E+00  -0.4386265433647E-01   0.1057680266214E+04   0.3830453402604E+02  -0.1062341662901E+04  -0.3199605361902E+00   0.9424238650855E+00   0.1142775831529E-01   0.9660186405079E-01
   0.3290000000000E+01   0.3280624777993E+03  -0.2658575660440E+01   0.1884512810797E+02   0.1481323923181E-01   0.1343651237976E+00  -0.4405708249333E-01   0.1060928877346E+04   0.3830657311682E+02  -0.1061848571232E+04  -0.3200152138479E+00   0.9423329935585E+00   0.1142684226985E-01   0.9730477600205E-01
   0.3300000000000E+01   0.3281243609045E+03  -0.2699875332256E+01   0.1888244137506E+02   0.1544769607680E-01   0.1342398419107E+00  -0.4425722635888E-01   0.1064177460930E+04   0.3830763661177E+02  -0.1061351046442E+04  -0.3200726118496E+00   0.9422406815603E+00   0.1142735823710E-01   0.9800732952304E-01
   0.3310000000000E+01   0.3281866844869E+03  -0.2740287816325E+01   0.1891931450247E+02   0.1608361909499E-01   0.1341139325865E+00  -0.4446294989278E-01   0.1067426014760E+04   0.3830772214502E+02  -0.1060849087256E+04  -0.3201327340890E+00   0.9421469266820E+00   0.1142933682793E-01   0.9870953028009E-01
   0.3320000000000E+01   0.3282494487821E+03  -0.2779797108054E+01   0.1895575095523E+02   0.1672065641980E-01   0.1339874261102E+00  -0.4467411484862E-01   0.1070674536624E+04   0.3830682737716E+02  -0.1060342692418E+04  -0.3201955828108E+00   0.9420517270346E+00   0.1143280778907E-01   0.9941138388364E-01
   0.3330000000000E+01   0.3283126540151E+03  -0.2818387745669E+01   0.1899175423594E+02   0.1735845748920E-01   0.1338603523336E+00  -0.4489058085526E-01   0.1073923024305E+04   0.3830494999523E+02  -0.1059831860695E+04  -0.3202611586196E+00   0.9419550812481E+00   0.1143779999049E-01   0.1001128958825E+00
   0.3340000000000E+01   0.3283763003998E+03  -0.2856044815428E+01   0.1902732788179E+02   0.1799667321918E-01   0.1337327406827E+00  -0.4511220549873E-01   0.1077171475588E+04   0.3830208771275E+02  -0.1059316590874E+04  -0.3203294604891E+00   0.9418569884690E+00   0.1144434141344E-01   0.1008140717585E+00
   0.3350000000000E+01   0.3284403881380E+03  -0.2892753956530E+01   0.1906247546169E+02   0.1863495617568E-01   0.1336046201657E+00  -0.4533884440496E-01   0.1080419888250E+04   0.3829823826973E+02  -0.1058796881764E+04  -0.3204004857729E+00   0.9417574483585E+00   0.1145245913882E-01   0.1015149169208E+00
   0.3360000000000E+01   0.3285049174194E+03  -0.2928501365716E+01   0.1909720057344E+02   0.1927296074488E-01   0.1334760193814E+00  -0.4557035132295E-01   0.1083668260067E+04   0.3829339943269E+02  -0.1058272732191E+04  -0.3204742302155E+00   0.9416564610901E+00   0.1146217933615E-01   0.1022154367011E+00
   0.3370000000000E+01   0.3285698884204E+03  -0.2963273801549E+01   0.1913150684107E+02   0.1991034330166E-01   0.1333469665271E+00  -0.4580657820870E-01   0.1086916588813E+04   0.3828756899464E+02  -0.1057744141006E+04  -0.3205506879641E+00   0.9415540273469E+00   0.1147352725298E-01   0.1029156363481E+00
   0.3380000000000E+01   0.3286353013040E+03  -0.2997058588396E+01   0.1916539791225E+02   0.2054676237629E-01   0.1332174894076E+00  -0.4604737530954E-01   0.1090164872259E+04   0.3828074477509E+02  -0.1057211107074E+04  -0.3206298515819E+00   0.9414501483193E+00   0.1148652720492E-01   0.1036155210231E+00
   0.3390000000000E+01   0.3287011562190E+03  -0.3029843620090E+01   0.1919887745586E+02   0.2118187881917E-01   0.1330876154436E+00  -0.4629259124900E-01   0.1093413108171E+04   0.3827292462004E+02  -0.1056673629282E+04  -0.3207117120612E+00   0.9413448257018E+00   0.1150120256600E-01   0.1043150957952E+00
   0.3400000000000E+01   0.3287674532994E+03  -0.3061617363283E+01   0.1923194915955E+02   0.2181535596356E-01   0.1329573716805E+00  -0.4654207311210E-01   0.1096661294315E+04   0.3826410640192E+02  -0.1056131706535E+04  -0.3207962588380E+00   0.9412380616900E+00   0.1151757575971E-01   0.1050143656368E+00
   0.3410000000000E+01   0.3288341926640E+03  -0.3092368860491E+01   0.1926461672755E+02   0.2244685978632E-01   0.1328267847974E+00  -0.4679566653102E-01   0.1099909428454E+04   0.3825428801964E+02  -0.1055585337756E+04  -0.3208834798074E+00   0.9411298589776E+00   0.1153566825048E-01   0.1057133354190E+00
   0.3420000000000E+01   0.3289013744159E+03  -0.3122087732817E+01   0.1929688387851E+02   0.2307605906643E-01   0.1326958811161E+00  -0.4705321577117E-01   0.1103157508348E+04   0.3824346739851E+02  -0.1055034521886E+04  -0.3209733613389E+00   0.9410202207527E+00   0.1155550053568E-01   0.1064120099079E+00
   0.3430000000000E+01   0.3289689986419E+03  -0.3150764182377E+01   0.1932875434343E+02   0.2370262554137E-01   0.1325646866098E+00  -0.4731456381748E-01   0.1106405531753E+04   0.3823164249021E+02  -0.1054479257883E+04  -0.3210658882937E+00   0.9409091506943E+00   0.1157709213818E-01   0.1071103937604E+00
   0.3440000000000E+01   0.3290370654120E+03  -0.3178388994406E+01   0.1936023186375E+02   0.2432623406114E-01   0.1324332269124E+00  -0.4757955246101E-01   0.1109653496426E+04   0.3821881127278E+02  -0.1053919544724E+04  -0.3211610440415E+00   0.9407966529686E+00   0.1160046159941E-01   0.1078084915201E+00
   0.3450000000000E+01   0.3291055747792E+03  -0.3204953539056E+01   0.1939132018954E+02   0.2494656274003E-01   0.1323015273275E+00  -0.4784802238569E-01   0.1112901400119E+04   0.3820497175053E+02  -0.1053355381399E+04  -0.3212588104790E+00   0.9406827322252E+00   0.1162562647294E-01   0.1085063076146E+00
   0.3460000000000E+01   0.3291745267787E+03  -0.3230449772886E+01   0.1942202307775E+02   0.2556329310590E-01   0.1321696128372E+00  -0.4811981325534E-01   0.1116149240583E+04   0.3819012195405E+02  -0.1052786766918E+04  -0.3213591680485E+00   0.9405673935924E+00   0.1165260331864E-01   0.1092038463510E+00
   0.3470000000000E+01   0.3292439214279E+03  -0.3254870240046E+01   0.1945234429065E+02   0.2617611024700E-01   0.1320375081113E+00  -0.4839476380066E-01   0.1119397015566E+04   0.3817425994010E+02  -0.1052213700305E+04  -0.3214620957575E+00   0.9404506426738E+00   0.1168140769728E-01   0.1099011119135E+00
   0.3480000000000E+01   0.3293137587254E+03  -0.3278208073146E+01   0.1948228759427E+02   0.2678470295627E-01   0.1319052375162E+00  -0.4867271190644E-01   0.1122644722814E+04   0.3815738379154E+02  -0.1051636180600E+04  -0.3215675711985E+00   0.9403324855433E+00   0.1171205416579E-01   0.1105981083597E+00
   0.3490000000000E+01   0.3293840386515E+03  -0.3300456993830E+01   0.1951185675705E+02   0.2738876387300E-01   0.1317728251237E+00  -0.4895349469865E-01   0.1125892360072E+04   0.3813949161735E+02  -0.1051054206859E+04  -0.3216755705705E+00   0.9402129287403E+00   0.1174455627297E-01   0.1112948396183E+00
   0.3500000000000E+01   0.3294547611671E+03  -0.3321611313038E+01   0.1954105554855E+02   0.2798798962186E-01   0.1316402947194E+00  -0.4923694863160E-01   0.1129139925082E+04   0.3812058155243E+02  -0.1050467778152E+04  -0.3217860686995E+00   0.9400919792657E+00   0.1177892655571E-01   0.1119913094861E+00
   0.3510000000000E+01   0.3295259262136E+03  -0.3341665930964E+01   0.1956988773821E+02   0.2858208094916E-01   0.1315076698120E+00  -0.4952290957506E-01   0.1132387415583E+04   0.3810065175764E+02  -0.1049876893563E+04  -0.3218990390616E+00   0.9399696445761E+00   0.1181517653586E-01   0.1126875216253E+00
   0.3520000000000E+01   0.3295975337130E+03  -0.3360616336721E+01   0.1959835709433E+02   0.2917074285641E-01   0.1313749736412E+00  -0.4981121290114E-01   0.1135634829313E+04   0.3807970041963E+02  -0.1049281552193E+04  -0.3220144538049E+00   0.9398459325794E+00   0.1185331671751E-01   0.1133834795615E+00
   0.3530000000000E+01   0.3296695835670E+03  -0.3378458607697E+01   0.1962646738302E+02   0.2975368473094E-01   0.1312422291859E+00  -0.5010169357118E-01   0.1138882164010E+04   0.3805772575079E+02  -0.1048681753153E+04  -0.3221322837730E+00   0.9397208516290E+00   0.1189335658493E-01   0.1140791866817E+00
   0.3540000000000E+01   0.3297420756573E+03  -0.3395189408619E+01   0.1965422236736E+02   0.3033062047371E-01   0.1311094591731E+00  -0.5039418622233E-01   0.1142129417406E+04   0.3803472598917E+02  -0.1048077495570E+04  -0.3222524985292E+00   0.9395944105188E+00   0.1193530460092E-01   0.1147746462316E+00
   0.3550000000000E+01   0.3298150098450E+03  -0.3410805990322E+01   0.1968162580658E+02   0.3090126862415E-01   0.1309766860849E+00  -0.5068852525391E-01   0.1145376587235E+04   0.3801069939831E+02  -0.1047468778583E+04  -0.3223750663804E+00   0.9394666184774E+00   0.1197916820579E-01   0.1154698613145E+00
   0.3560000000000E+01   0.3298883859708E+03  -0.3425306188218E+01   0.1970868145535E+02   0.3146535248203E-01   0.1308439321669E+00  -0.5098454491356E-01   0.1148623671227E+04   0.3798564426722E+02  -0.1046855601346E+04  -0.3224999544026E+00   0.9393374851624E+00   0.1202495381689E-01   0.1161648348895E+00
   0.3570000000000E+01   0.3299622038544E+03  -0.3438688420484E+01   0.1973539306321E+02   0.3202260022628E-01   0.1307112194351E+00  -0.5128207938292E-01   0.1151870667110E+04   0.3795955891021E+02  -0.1046237963023E+04  -0.3226271284658E+00   0.9392070206546E+00   0.1207266682854E-01   0.1168595697698E+00
   0.3580000000000E+01   0.3300364632949E+03  -0.3450951685949E+01   0.1976176437400E+02   0.3257274503068E-01   0.1305785696838E+00  -0.5158096286309E-01   0.1155117572612E+04   0.3793244166678E+02  -0.1045615862792E+04  -0.3227565532606E+00   0.9390752354519E+00   0.1212231161269E-01   0.1175540686216E+00
   0.3590000000000E+01   0.3301111640703E+03  -0.3462095561711E+01   0.1978779912546E+02   0.3311552517656E-01   0.1304460044921E+00  -0.5188102965962E-01   0.1158364385458E+04   0.3790429090151E+02  -0.1044989299841E+04  -0.3228881923244E+00   0.9389421404632E+00   0.1217389151991E-01   0.1182483339633E+00
   0.3600000000000E+01   0.3301863059374E+03  -0.3472120200453E+01   0.1981350104888E+02   0.3365068416213E-01   0.1303135452307E+00  -0.5218211426697E-01   0.1161611103372E+04   0.3787510500393E+02  -0.1044358273371E+04  -0.3230220080684E+00   0.9388077470021E+00   0.1222740888109E-01   0.1189423681639E+00
   0.3610000000000E+01   0.3302618886321E+03  -0.3481026327494E+01   0.1983887386881E+02   0.3417797080883E-01   0.1301812130682E+00  -0.5248405145265E-01   0.1164857724074E+04   0.3784488238836E+02  -0.1043722782595E+04  -0.3231579618052E+00   0.9386720667800E+00   0.1228286500955E-01   0.1196361734427E+00
   0.3620000000000E+01   0.3303379118691E+03  -0.3488815237551E+01   0.1986392130289E+02   0.3469713936419E-01   0.1300490289776E+00  -0.5278667634066E-01   0.1168104245286E+04   0.3781362149380E+02  -0.1043082826735E+04  -0.3232960137764E+00   0.9385351119003E+00   0.1234026020371E-01   0.1203297518686E+00
   0.3630000000000E+01   0.3304143753421E+03  -0.3495488791233E+01   0.1988864706170E+02   0.3520794960163E-01   0.1299170137418E+00  -0.5308982449443E-01   0.1171350664726E+04   0.3778132078377E+02  -0.1042438405025E+04  -0.3234361231812E+00   0.9383968948507E+00   0.1239959375031E-01   0.1210231053596E+00
   0.3640000000000E+01   0.3304912787238E+03  -0.3501049411260E+01   0.1991305484878E+02   0.3571016691676E-01   0.1297851879589E+00  -0.5339333199916E-01   0.1174596980110E+04   0.3774797874615E+02  -0.1041789516709E+04  -0.3235782482052E+00   0.9382574284970E+00   0.1246086392811E-01   0.1217162356826E+00
   0.3650000000000E+01   0.3305686216657E+03  -0.3505500078421E+01   0.1993714836056E+02   0.3620356242046E-01   0.1296535720479E+00  -0.5369703554349E-01   0.1177843189154E+04   0.3771359389303E+02  -0.1041136161041E+04  -0.3237223460489E+00   0.9381167260759E+00   0.1252406801210E-01   0.1224091444531E+00
   0.3660000000000E+01   0.3306464037987E+03  -0.3508844327254E+01   0.1996093128656E+02   0.3668791302846E-01   0.1295221862528E+00  -0.5400077250043E-01   0.1181089289572E+04   0.3767816476055E+02  -0.1040478337285E+04  -0.3238683729579E+00   0.9379748011873E+00   0.1258920227832E-01   0.1231018331353E+00
   0.3670000000000E+01   0.3307246247327E+03  -0.3511086241481E+01   0.1998440730944E+02   0.3716300154762E-01   0.1293910506475E+00  -0.5430438100765E-01   0.1184335279075E+04   0.3764168990871E+02  -0.1039816044714E+04  -0.3240162842524E+00   0.9378316677877E+00   0.1265626200903E-01   0.1237943030423E+00
   0.3680000000000E+01   0.3308032840573E+03  -0.3512230449172E+01   0.2000758010527E+02   0.3762861675866E-01   0.1292601851398E+00  -0.5460770004696E-01   0.1187581155375E+04   0.3760416792124E+02  -0.1039149282612E+04  -0.3241660343572E+00   0.9376873401824E+00   0.1272524149857E-01   0.1244865553365E+00
   0.3690000000000E+01   0.3308823813415E+03  -0.3512282117661E+01   0.2003045334378E+02   0.3808455349550E-01   0.1291296094751E+00  -0.5491056952294E-01   0.1190826916179E+04   0.3756559740536E+02  -0.1038478050269E+04  -0.3243175768325E+00   0.9375418330178E+00   0.1279613405952E-01   0.1251785910299E+00
   0.3700000000000E+01   0.3309619161341E+03  -0.3511246948217E+01   0.2005303068866E+02   0.3853061272108E-01   0.1289993432397E+00  -0.5521283034081E-01   0.1194072559195E+04   0.3752597699162E+02  -0.1037802346987E+04  -0.3244708644045E+00   0.9373951612738E+00   0.1286893202955E-01   0.1258704109847E+00
   0.3710000000000E+01   0.3310418879641E+03  -0.3509131170457E+01   0.2007531579794E+02   0.3896660159966E-01   0.1288694058635E+00  -0.5551432448338E-01   0.1197318082129E+04   0.3748530533374E+02  -0.1037122172074E+04  -0.3246258489963E+00   0.9372473402560E+00   0.1294362677865E-01   0.1265620159140E+00
   0.3720000000000E+01   0.3311222963405E+03  -0.3505941536527E+01   0.2009731232442E+02   0.3939233356558E-01   0.1287398166232E+00  -0.5581489508708E-01   0.1200563482685E+04   0.3744358110835E+02  -0.1036437524848E+04  -0.3247824817595E+00   0.9370983855877E+00   0.1302020871683E-01   0.1272534063830E+00
   0.3730000000000E+01   0.3312031407532E+03  -0.3501685315042E+01   0.2011902391605E+02   0.3980762838855E-01   0.1286105946439E+00  -0.5611438651708E-01   0.1203808758566E+04   0.3740080301482E+02  -0.1035748404632E+04  -0.3249407131056E+00   0.9369483132015E+00   0.1309866730243E-01   0.1279445828095E+00
   0.3740000000000E+01   0.3312844206729E+03  -0.3496370284793E+01   0.2014045421650E+02   0.4021231223520E-01   0.1284817589012E+00  -0.5641264444139E-01   0.1207053907472E+04   0.3735696977508E+02  -0.1035054810761E+04  -0.3251004927374E+00   0.9367971393315E+00   0.1317899105076E-01   0.1286355454654E+00
   0.3750000000000E+01   0.3313661355514E+03  -0.3490004728220E+01   0.2016160686560E+02   0.4060621772724E-01   0.1283533282226E+00  -0.5670951590399E-01   0.1210298927103E+04   0.3731208013334E+02  -0.1034356742574E+04  -0.3252617696817E+00   0.9366448805046E+00   0.1326116754328E-01   0.1293262944778E+00
   0.3760000000000E+01   0.3314482848221E+03  -0.3482597424668E+01   0.2018248549996E+02   0.4098918399592E-01   0.1282253212882E+00  -0.5700484939683E-01   0.1213543815157E+04   0.3726613285591E+02  -0.1033654199418E+04  -0.3254244923208E+00   0.9364915535325E+00   0.1334518343729E-01   0.1300168298303E+00
   0.3770000000000E+01   0.3315308679006E+03  -0.3474157643416E+01   0.2020309375347E+02   0.4136105673287E-01   0.1280977566320E+00  -0.5729849493089E-01   0.1216788569331E+04   0.3721912673097E+02  -0.1032947180649E+04  -0.3255886084248E+00   0.9363371755023E+00   0.1343102447595E-01   0.1307071513648E+00
   0.3780000000000E+01   0.3316138841845E+03  -0.3464695136493E+01   0.2022343525797E+02   0.4172168823741E-01   0.1279706526414E+00  -0.5759030410601E-01   0.1220033187318E+04   0.3717106056834E+02  -0.1032235685627E+04  -0.3257540651847E+00   0.9361817637686E+00   0.1351867549892E-01   0.1313972587825E+00
   0.3790000000000E+01   0.3316973330544E+03  -0.3454220131283E+01   0.2024351364381E+02   0.4207093746015E-01   0.1278440275576E+00  -0.5788013017961E-01   0.1223277666812E+04   0.3712193319923E+02  -0.1031519713719E+04  -0.3259208092442E+00   0.9360253359441E+00   0.1360812045330E-01   0.1320871516462E+00
   0.3800000000000E+01   0.3317812138740E+03  -0.3442743322923E+01   0.2026333254050E+02   0.4240867004302E-01   0.1277178994749E+00  -0.5816782813427E-01   0.1226522005505E+04   0.3707174347600E+02  -0.1030799264301E+04  -0.3260887867326E+00   0.9358679098913E+00   0.1369934240507E-01   0.1327768293817E+00
   0.3810000000000E+01   0.3318655259909E+03  -0.3430275866498E+01   0.2028289557734E+02   0.4273475835566E-01   0.1275922863396E+00  -0.5845325474411E-01   0.1229766201086E+04   0.3702049027192E+02  -0.1030074336751E+04  -0.3262579432977E+00   0.9357095037127E+00   0.1379232355099E-01   0.1334662912800E+00
   0.3820000000000E+01   0.3319502687365E+03  -0.3416829369039E+01   0.2030220638409E+02   0.4304908152817E-01   0.1274672059491E+00  -0.5873626863989E-01   0.1233010251245E+04   0.3696817248093E+02  -0.1029344930456E+04  -0.3264282241386E+00   0.9355501357421E+00   0.1388704523090E-01   0.1341555364989E+00
   0.3830000000000E+01   0.3320354414272E+03  -0.3402415881337E+01   0.2032126859159E+02   0.4335152548024E-01   0.1273426759501E+00  -0.5901673037292E-01   0.1236254153666E+04   0.3691478901734E+02  -0.1028611044808E+04  -0.3265995740384E+00   0.9353898245357E+00   0.1398348794040E-01   0.1348445640656E+00
   0.3840000000000E+01   0.3321210433643E+03  -0.3387047889553E+01   0.2034008583245E+02   0.4364198294663E-01   0.1272187138363E+00  -0.5929450247766E-01   0.1239497906037E+04   0.3686033881560E+02  -0.1027872679204E+04  -0.3267719373973E+00   0.9352285888619E+00   0.1408163134397E-01   0.1355333728783E+00
   0.3850000000000E+01   0.3322070738350E+03  -0.3370738306667E+01   0.2035866174167E+02   0.4392035349909E-01   0.1270953369467E+00  -0.5956944953300E-01   0.1242741506039E+04   0.3680482083001E+02  -0.1027129833046E+04  -0.3269452582653E+00   0.9350664476925E+00   0.1418145428856E-01   0.1362219617089E+00
   0.3860000000000E+01   0.3322935321125E+03  -0.3353500463736E+01   0.2037699995728E+02   0.4418654356457E-01   0.1269725624622E+00  -0.5984143822223E-01   0.1245984951355E+04   0.3674823403447E+02  -0.1026382505742E+04  -0.3271194803752E+00   0.9349034201932E+00   0.1428293481742E-01   0.1369103292052E+00
   0.3870000000000E+01   0.3323804174569E+03  -0.3335348100984E+01   0.2039510412100E+02   0.4444046643990E-01   0.1268504074032E+00  -0.6011033739164E-01   0.1249228239664E+04   0.3669057742219E+02  -0.1025630696703E+04  -0.3272945471755E+00   0.9347395257137E+00   0.1438605018450E-01   0.1375984738932E+00
   0.3880000000000E+01   0.3324677291158E+03  -0.3316295358731E+01   0.2041297787886E+02   0.4468204230281E-01   0.1267288886255E+00  -0.6037601810776E-01   0.1252471368646E+04   0.3663185000536E+02  -0.1024874405349E+04  -0.3274704018633E+00   0.9345747837782E+00   0.1449077686903E-01   0.1382863941797E+00
   0.3890000000000E+01   0.3325554663245E+03  -0.3296356768153E+01   0.2043062488179E+02   0.4491119821945E-01   0.1266080228173E+00  -0.6063835371317E-01   0.1255714335975E+04   0.3657205081494E+02  -0.1024113631099E+04  -0.3276469874169E+00   0.9344092140753E+00   0.1459709059065E-01   0.1389740883549E+00
   0.3900000000000E+01   0.3326436283069E+03  -0.3275547241895E+01   0.2044804878620E+02   0.4512786814820E-01   0.1264878264949E+00  -0.6089721988088E-01   0.1258957139328E+04   0.3651117890031E+02  -0.1023348373380E+04  -0.3278242466287E+00   0.9342428364488E+00   0.1470496632481E-01   0.1396615545948E+00
   0.3910000000000E+01   0.3327322142761E+03  -0.3253882064528E+01   0.2046525325459E+02   0.4533199294007E-01   0.1263683159984E+00  -0.6115249466731E-01   0.1262199776377E+04   0.3644923332897E+02  -0.1022578631623E+04  -0.3280021221375E+00   0.9340756708872E+00   0.1481437831848E-01   0.1403487909639E+00
   0.3920000000000E+01   0.3328212234347E+03  -0.3231376882866E+01   0.2048224195602E+02   0.4552352033544E-01   0.1262495074873E+00  -0.6140405856374E-01   0.1265442244794E+04   0.3638621318627E+02  -0.1021804405261E+04  -0.3281805564613E+00   0.9339077375138E+00   0.1492530010629E-01   0.1410357954183E+00
   0.3930000000000E+01   0.3329106549759E+03  -0.3208047696140E+01   0.2049901856672E+02   0.4570240495733E-01   0.1261314169351E+00  -0.6165179454635E-01   0.1268684542248E+04   0.3632211757506E+02  -0.1021025693733E+04  -0.3283594920295E+00   0.9337390565771E+00   0.1503770452698E-01   0.1417225658079E+00
   0.3940000000000E+01   0.3330005080837E+03  -0.3183910846041E+01   0.2051558677048E+02   0.4586860830115E-01   0.1260140601252E+00  -0.6189558812466E-01   0.1271926666406E+04   0.3625694561540E+02  -0.1020242496481E+04  -0.3285388712152E+00   0.9335696484400E+00   0.1515156374011E-01   0.1424090998797E+00
   0.3950000000000E+01   0.3330907819338E+03  -0.3158983006639E+01   0.2053195025918E+02   0.4602209872099E-01   0.1258974526445E+00  -0.6213532738853E-01   0.1275168614934E+04   0.3619069644423E+02  -0.1019454812950E+04  -0.3287186363670E+00   0.9333995335700E+00   0.1526684924317E-01   0.1430953952802E+00
   0.3960000000000E+01   0.3331814756940E+03  -0.3133281174172E+01   0.2054811273314E+02   0.4616285141239E-01   0.1257816098785E+00  -0.6237090305359E-01   0.1278410385496E+04   0.3612336921504E+02  -0.1018662642589E+04  -0.3288987298413E+00   0.9332287325292E+00   0.1538353188892E-01   0.1437814495590E+00
   0.3970000000000E+01   0.3332725885249E+03  -0.3106822656726E+01   0.2056407790158E+02   0.4629084839177E-01   0.1256665470053E+00  -0.6260220850508E-01   0.1281651975754E+04   0.3605496309758E+02  -0.1017865984850E+04  -0.3290790940334E+00   0.9330572659635E+00   0.1550158190306E-01   0.1444672601710E+00
   0.3980000000000E+01   0.3333641195807E+03  -0.3079625063801E+01   0.2057984948288E+02   0.4640607847234E-01   0.1255522789894E+00  -0.6282913984021E-01   0.1284893383368E+04   0.3598547727746E+02  -0.1017064839188E+04  -0.3292596714094E+00   0.9328851545927E+00   0.1562096890220E-01   0.1451528244798E+00
   0.3990000000000E+01   0.3334560680098E+03  -0.3051706295771E+01   0.2059543120497E+02   0.4650853723674E-01   0.1254388205761E+00  -0.6305159590881E-01   0.1288134605995E+04   0.3591491095587E+02  -0.1016259205061E+04  -0.3294404045373E+00   0.9327124191999E+00   0.1574166191205E-01   0.1458381397605E+00
   0.4000000000000E+01   0.3335484329550E+03  -0.3023084533251E+01   0.2061082680549E+02   0.4659822700622E-01   0.1253261862842E+00  -0.6326947835251E-01   0.1291375641292E+04   0.3584326334922E+02  -0.1015449081930E+04  -0.3296212361177E+00   0.9325390806213E+00   0.1586362938591E-01   0.1465232032030E+00
   0.4010000000000E+01   0.3336412135548E+03  -0.2993778226363E+01   0.2062604003212E+02   0.4667515680661E-01   0.1252143904007E+00  -0.6348269164219E-01   0.1294616486913E+04   0.3577053368877E+02  -0.1014634469260E+04  -0.3298021090149E+00   0.9323651597357E+00   0.1598683922340E-01   0.1472080119148E+00
   0.4020000000000E+01   0.3337344089435E+03  -0.2963806083920E+01   0.2064107464263E+02   0.4673934233093E-01   0.1251034469729E+00  -0.6369114311393E-01   0.1297857140509E+04   0.3569672122033E+02  -0.1013815366516E+04  -0.3299829662873E+00   0.9321906774540E+00   0.1611125878942E-01   0.1478925629242E+00
   0.4030000000000E+01   0.3338280182522E+03  -0.2933187062528E+01   0.2065593440511E+02   0.4679080589874E-01   0.1249933698027E+00  -0.6389474300319E-01   0.1301097599730E+04   0.3562182520386E+02  -0.1012991773166E+04  -0.3301637512170E+00   0.9320156547088E+00   0.1623685493338E-01   0.1485768531832E+00
   0.4040000000000E+01   0.3339220406091E+03  -0.2901940355607E+01   0.2067062309797E+02   0.4682957641237E-01   0.1248841724390E+00  -0.6409340447748E-01   0.1304337862224E+04   0.3554584491314E+02  -0.1012163688683E+04  -0.3303444073404E+00   0.9318401124441E+00   0.1636359400861E-01   0.1492608795709E+00
   0.4050000000000E+01   0.3340164751403E+03  -0.2870085382351E+01   0.2068514451001E+02   0.4685568930984E-01   0.1247758681712E+00  -0.6428704366726E-01   0.1307577925637E+04   0.3546877963540E+02  -0.1011331112539E+04  -0.3305248784771E+00   0.9316640716042E+00   0.1649144189195E-01   0.1499446388965E+00
   0.4060000000000E+01   0.3341113209705E+03  -0.2837641776617E+01   0.2069950244035E+02   0.4686918651472E-01   0.1246684700220E+00  -0.6447557969529E-01   0.1310817787612E+04   0.3539062867094E+02  -0.1010494044210E+04  -0.3307051087595E+00   0.9314875531243E+00   0.1662036400362E-01   0.1506281279021E+00
   0.4070000000000E+01   0.3342065772232E+03  -0.2804629375755E+01   0.2071370069838E+02   0.4687011638290E-01   0.1245619907400E+00  -0.6465893470419E-01   0.1314057445789E+04   0.3531139133279E+02  -0.1009652483173E+04  -0.3308850426612E+00   0.9313105779188E+00   0.1675032532723E-01   0.1513113432664E+00
   0.4080000000000E+01   0.3343022430219E+03  -0.2771068209395E+01   0.2072774310364E+02   0.4685853364624E-01   0.1244564427934E+00  -0.6483703388246E-01   0.1317296897808E+04   0.3523106694633E+02  -0.1008806428908E+04  -0.3310646250259E+00   0.9311331668717E+00   0.1688129042993E-01   0.1519942816075E+00
   0.4090000000000E+01   0.3343983174900E+03  -0.2736978488176E+01   0.2074163348560E+02   0.4683449935327E-01   0.1243518383619E+00  -0.6500980548871E-01   0.1320536141306E+04   0.3514965484891E+02  -0.1007955880895E+04  -0.3312438010951E+00   0.9309553408258E+00   0.1701322348278E-01   0.1526769394857E+00
   0.4100000000000E+01   0.3344947997521E+03  -0.2702380592443E+01   0.2075537568345E+02   0.4679808080685E-01   0.1242481893304E+00  -0.6517718087425E-01   0.1323775173916E+04   0.3506715438945E+02  -0.1007100838617E+04  -0.3314225165361E+00   0.9307771205722E+00   0.1714608828126E-01   0.1533593134074E+00
   0.4110000000000E+01   0.3345916889338E+03  -0.2667295060904E+01   0.2076897354579E+02   0.4674935149900E-01   0.1241455072813E+00  -0.6533909450402E-01   0.1327013993271E+04   0.3498356492810E+02  -0.1006241301559E+04  -0.3316007174691E+00   0.9305985268402E+00   0.1727984826587E-01   0.1540413998276E+00
   0.4120000000000E+01   0.3346889841629E+03  -0.2631742579259E+01   0.2078243093031E+02   0.4668839104270E-01   0.1240438034876E+00  -0.6549548397573E-01   0.1330252597000E+04   0.3489888583585E+02  -0.1005377269207E+04  -0.3317783504941E+00   0.9304195802863E+00   0.1741446654294E-01   0.1547231951530E+00
   0.4130000000000E+01   0.3347866845695E+03  -0.2595743968811E+01   0.2079575170335E+02   0.4661528510102E-01   0.1239430889061E+00  -0.6564629003747E-01   0.1333490982731E+04   0.3481311649412E+02  -0.1004508741047E+04  -0.3319553627176E+00   0.9302403014845E+00   0.1754990590549E-01   0.1554046957455E+00
   0.4140000000000E+01   0.3348847892870E+03  -0.2559320175051E+01   0.2080893973949E+02   0.4653012531339E-01   0.1238433741701E+00  -0.6579145660344E-01   0.1336729148088E+04   0.3472625629436E+02  -0.1003635716569E+04  -0.3321317017781E+00   0.9300607109158E+00   0.1768612885424E-01   0.1560858979250E+00
   0.4150000000000E+01   0.3349832974518E+03  -0.2522492256240E+01   0.2082199892101E+02   0.4643300921908E-01   0.1237446695825E+00  -0.6593093076813E-01   0.1339967090693E+04   0.3463830463774E+02  -0.1002758195263E+04  -0.3323073158721E+00   0.9298808289575E+00   0.1782309761864E-01   0.1567667979724E+00
   0.4160000000000E+01   0.3350822082048E+03  -0.2485281371977E+01   0.2083493313735E+02   0.4632404017814E-01   0.1236469851094E+00  -0.6606466281875E-01   0.1343204808167E+04   0.3454926093464E+02  -0.1001876176619E+04  -0.3324821537790E+00   0.9297006758737E+00   0.1796077417812E-01   0.1574473921327E+00
   0.4170000000000E+01   0.3351815206910E+03  -0.2447708771775E+01   0.2084774628446E+02   0.4620332728954E-01   0.1235503303731E+00  -0.6619260624593E-01   0.1346442298126E+04   0.3445912460435E+02  -0.1000989660129E+04  -0.3326561648861E+00   0.9295202718045E+00   0.1809912028326E-01   0.1581276766184E+00
   0.4180000000000E+01   0.3352812340606E+03  -0.2409795783637E+01   0.2086044226421E+02   0.4607098530691E-01   0.1234547146456E+00  -0.6631471775281E-01   0.1349679558186E+04   0.3436789507463E+02  -0.1000098645288E+04  -0.3328292992119E+00   0.9293396367564E+00   0.1823809747709E-01   0.1588076476118E+00
   0.4190000000000E+01   0.3353813474690E+03  -0.2371563802647E+01   0.2087302498357E+02   0.4592713455159E-01   0.1233601468423E+00  -0.6643095726238E-01   0.1352916585958E+04   0.3427557178132E+02  -0.9992031315879E+03  -0.3330015074307E+00   0.9291587905920E+00   0.1837766711647E-01   0.1594873012685E+00
   0.4200000000000E+01   0.3354818600774E+03  -0.2333034279572E+01   0.2088549835394E+02   0.4577190082332E-01   0.1232666355157E+00  -0.6654128792316E-01   0.1356153379051E+04   0.3418215416794E+02  -0.9983031185251E+03  -0.3331727408953E+00   0.9289777530199E+00   0.1851779039342E-01   0.1601666337203E+00
   0.4210000000000E+01   0.3355827710535E+03  -0.2294228709497E+01   0.2089786629027E+02   0.4560541530851E-01   0.1231741888496E+00  -0.6664567611320E-01   0.1359389935073E+04   0.3408764168526E+02  -0.9973986055952E+03  -0.3333429516595E+00   0.9287965435855E+00   0.1865842835655E-01   0.1608456410778E+00
   0.4220000000000E+01   0.3356840795713E+03  -0.2255168620476E+01   0.2091013271020E+02   0.4542781448610E-01   0.1230828146527E+00  -0.6674409144240E-01   0.1362626251628E+04   0.3399203379097E+02  -0.9964895922947E+03  -0.3335120925006E+00   0.9286151816605E+00   0.1879954193245E-01   0.1615243194338E+00
   0.4230000000000E+01   0.3357857848119E+03  -0.2215875562225E+01   0.2092230153318E+02   0.4523924003117E-01   0.1229925203535E+00  -0.6683650675318E-01   0.1365862326317E+04   0.3389532994920E+02  -0.9955760781210E+03  -0.3336801169407E+00   0.9284336864336E+00   0.1894109194713E-01   0.1622026648658E+00
   0.4240000000000E+01   0.3358878859637E+03  -0.2176371094851E+01   0.2093437667950E+02   0.4503983871630E-01   0.1229033129948E+00  -0.6692289811947E-01   0.1369098156738E+04   0.3379752963015E+02  -0.9946580625721E+03  -0.3338469792680E+00   0.9282520769008E+00   0.1908303914736E-01   0.1628806734390E+00
   0.4250000000000E+01   0.3359903822229E+03  -0.2136676777628E+01   0.2094636206924E+02   0.4482976231075E-01   0.1228151992281E+00  -0.6700324484404E-01   0.1372333740488E+04   0.3369863230967E+02  -0.9937355451465E+03  -0.3340126345569E+00   0.9280703718560E+00   0.1922534422211E-01   0.1635583412089E+00
   0.4260000000000E+01   0.3360932727935E+03  -0.2096814157817E+01   0.2095826162131E+02   0.4460916747753E-01   0.1227281853092E+00  -0.6707752945423E-01   0.1375569075159E+04   0.3359863746888E+02  -0.9928085253434E+03  -0.3341770386884E+00   0.9278885898817E+00   0.1936796782386E-01   0.1642356642244E+00
   0.4270000000000E+01   0.3361965568880E+03  -0.2056804759548E+01   0.2097007925229E+02   0.4437821566839E-01   0.1226422770930E+00  -0.6714573769601E-01   0.1378804158342E+04   0.3349754459373E+02  -0.9918770026625E+03  -0.3343401483695E+00   0.9277067493395E+00   0.1951087058988E-01   0.1649126385305E+00
   0.4280000000000E+01   0.3363002337271E+03  -0.2016670072760E+01   0.2098181887533E+02   0.4413707301686E-01   0.1225574800295E+00  -0.6720785852640E-01   0.1382038987623E+04   0.3339535317463E+02  -0.9909409766038E+03  -0.3345019211515E+00   0.9275248683613E+00   0.1965401316349E-01   0.1655892601706E+00
   0.4290000000000E+01   0.3364043025407E+03  -0.1976431542204E+01   0.2099348439901E+02   0.4388591022928E-01   0.1224737991596E+00  -0.6726388410435E-01   0.1385273560588E+04   0.3329206270600E+02  -0.9900004466680E+03  -0.3346623154489E+00   0.9273429648402E+00   0.1979735621518E-01   0.1662655251897E+00
   0.4300000000000E+01   0.3365087625676E+03  -0.1936110556520E+01   0.2100507972609E+02   0.4362490247407E-01   0.1223912391110E+00  -0.6731380977990E-01   0.1388507874816E+04   0.3318767268589E+02  -0.9890554123559E+03  -0.3348212905566E+00   0.9271610564216E+00   0.1994086046377E-01   0.1669414296367E+00
   0.4310000000000E+01   0.3366136130557E+03  -0.1895728437392E+01   0.2101660875234E+02   0.4335422926908E-01   0.1223098040949E+00  -0.6735763408188E-01   0.1391741927888E+04   0.3308218261558E+02  -0.9881058731689E+03  -0.3349788066672E+00   0.9269791604944E+00   0.2008448669730E-01   0.1676169695674E+00
   0.4320000000000E+01   0.3367188532625E+03  -0.1855306428777E+01   0.2102807536522E+02   0.4307407436729E-01   0.1222294979028E+00  -0.6739535870396E-01   0.1394975717377E+04   0.3297559199915E+02  -0.9871518286086E+03  -0.3351348248877E+00   0.9267972941827E+00   0.2022819579402E-01   0.1682921410464E+00
   0.4330000000000E+01   0.3368244824551E+03  -0.1814865686226E+01   0.2103948344261E+02   0.4278462564074E-01   0.1221503239034E+00  -0.6742698848912E-01   0.1398209240857E+04   0.3286790034309E+02  -0.9861932781770E+03  -0.3352893072549E+00   0.9266154743372E+00   0.2037194874306E-01   0.1689669401502E+00
   0.4340000000000E+01   0.3369304999104E+03  -0.1774427266293E+01   0.2105083685152E+02   0.4248607496297E-01   0.1220722850402E+00  -0.6745253141267E-01   0.1401442495896E+04   0.3275910715589E+02  -0.9852302213761E+03  -0.3354422167512E+00   0.9264337175270E+00   0.2051570666515E-01   0.1696413629697E+00
   0.4350000000000E+01   0.3370369049149E+03  -0.1734012116044E+01   0.2106213944670E+02   0.4217861808979E-01   0.1219953838291E+00  -0.6747199856359E-01   0.1404675480061E+04   0.3264921194766E+02  -0.9842626577084E+03  -0.3355935173189E+00   0.9262520400314E+00   0.2065943083310E-01   0.1703154056121E+00
   0.4360000000000E+01   0.3371436967655E+03  -0.1693641062659E+01   0.2107339506929E+02   0.4186245453864E-01   0.1219196223568E+00  -0.6748540412449E-01   0.1407908190914E+04   0.3253821422968E+02  -0.9832905866765E+03  -0.3357431738747E+00   0.9260704578323E+00   0.2080308269212E-01   0.1709890642041E+00
   0.4370000000000E+01   0.3372508747688E+03  -0.1653334803145E+01   0.2108460754543E+02   0.4153778746650E-01   0.1218450022789E+00  -0.6749276535000E-01   0.1411140626016E+04   0.3242611351404E+02  -0.9823140077834E+03  -0.3358911523226E+00   0.9258889866060E+00   0.2094662388010E-01   0.1716623348935E+00
   0.4380000000000E+01   0.3373584382419E+03  -0.1613113894159E+01   0.2109578068489E+02   0.4120482354652E-01   0.1217715248189E+00  -0.6749410254369E-01   0.1414372782922E+04   0.3231290931322E+02  -0.9813329205320E+03  -0.3360374195676E+00   0.9257076417161E+00   0.2109001624756E-01   0.1723352138522E+00
   0.4390000000000E+01   0.3374663865119E+03  -0.1572998741942E+01   0.2110691827959E+02   0.4086377284325E-01   0.1216991907674E+00  -0.6748943903353E-01   0.1417604659187E+04   0.3219860113970E+02  -0.9803473244256E+03  -0.3361819435270E+00   0.9255264382057E+00   0.2123322187754E-01   0.1730076972779E+00
   0.4400000000000E+01   0.3375747189160E+03  -0.1533009592371E+01   0.2111802410222E+02   0.4051484868679E-01   0.1216280004815E+00  -0.6747880114586E-01   0.1420836252361E+04   0.3208318850557E+02  -0.9793572189675E+03  -0.3363246931427E+00   0.9253453907905E+00   0.2137620310524E-01   0.1736797813970E+00
   0.4410000000000E+01   0.3376834348019E+03  -0.1493166521141E+01   0.2112910190478E+02   0.4015826754569E-01   0.1215579538848E+00  -0.6746221817804E-01   0.1424067559990E+04   0.3196667092214E+02  -0.9783626036611E+03  -0.3364656383918E+00   0.9251645138516E+00   0.2151892253750E-01   0.1743514624664E+00
   0.4420000000000E+01   0.3377925335272E+03  -0.1453489424069E+01   0.2114015541712E+02   0.3979424889880E-01   0.1214890504676E+00  -0.6743972236956E-01   0.1427298579617E+04   0.3184904789950E+02  -0.9773634780103E+03  -0.3366047502974E+00   0.9249838214289E+00   0.2166134307200E-01   0.1750227367756E+00
   0.4430000000000E+01   0.3379020144601E+03  -0.1413998007530E+01   0.2115118834552E+02   0.3942301510618E-01   0.1214212892877E+00  -0.6741134887182E-01   0.1430529308784E+04   0.3173031894621E+02  -0.9763598415186E+03  -0.3367420009377E+00   0.9248033272142E+00   0.2180342791632E-01   0.1756936006491E+00
   0.4440000000000E+01   0.3380118769784E+03  -0.1374711779029E+01   0.2116220437118E+02   0.3904479127893E-01   0.1213546689712E+00  -0.6737713571659E-01   0.1433759745027E+04   0.3161048356885E+02  -0.9753516936901E+03  -0.3368773634558E+00   0.9246230445453E+00   0.2194514060672E-01   0.1763640504487E+00
   0.4450000000000E+01   0.3381221204704E+03  -0.1335650037919E+01   0.2117320714882E+02   0.3865980514830E-01   0.1212891877140E+00  -0.6733712378304E-01   0.1436989885879E+04   0.3148954127168E+02  -0.9743390340288E+03  -0.3370108120675E+00   0.9244429863991E+00   0.2208644502667E-01   0.1770340825750E+00
   0.4460000000000E+01   0.3382327443341E+03  -0.1296831866251E+01   0.2118420030519E+02   0.3826828693388E-01   0.1212248432835E+00  -0.6729135676347E-01   0.1440219728871E+04   0.3136749155621E+02  -0.9733218620389E+03  -0.3371423220699E+00   0.9242631653864E+00   0.2222730542518E-01   0.1777036934698E+00
   0.4470000000000E+01   0.3383437479775E+03  -0.1258276119788E+01   0.2119518743765E+02   0.3787046921107E-01   0.1211616330208E+00  -0.6723988112776E-01   0.1443449271529E+04   0.3124433392089E+02  -0.9723001772247E+03  -0.3372718698477E+00   0.9240835937455E+00   0.2236768643481E-01   0.1783728796182E+00
   0.4480000000000E+01   0.3384551308183E+03  -0.1220001419152E+01   0.2120617211268E+02   0.3746658677797E-01   0.1210995538434E+00  -0.6718274608655E-01   0.1446678511375E+04   0.3112006786066E+02  -0.9712739790905E+03  -0.3373994328808E+00   0.9239042833373E+00   0.2250755308942E-01   0.1790416375501E+00
   0.4490000000000E+01   0.3385668922838E+03  -0.1182026141147E+01   0.2121715786454E+02   0.3705687652153E-01   0.1210386022474E+00  -0.6712000355309E-01   0.1449907445931E+04   0.3099469286663E+02  -0.9702432671411E+03  -0.3375249897494E+00   0.9237252456393E+00   0.2264687084173E-01   0.1797099638426E+00
   0.4500000000000E+01   0.3386790318107E+03  -0.1144368410221E+01   0.2122814819374E+02   0.3664157728331E-01   0.1209787743117E+00  -0.6705170810393E-01   0.1453136072712E+04   0.3086820842573E+02  -0.9692080408812E+03  -0.3376485201398E+00   0.9235464917412E+00   0.2278560558042E-01   0.1803778551218E+00
   0.4510000000000E+01   0.3387915488452E+03  -0.1107046090108E+01   0.2123914656573E+02   0.3622092972465E-01   0.1209200657009E+00  -0.6697791693838E-01   0.1456364389231E+04   0.3074061402027E+02  -0.9681682998156E+03  -0.3377700048488E+00   0.9233680323395E+00   0.2292372364711E-01   0.1810453080642E+00
   0.4520000000000E+01   0.3389044428423E+03  -0.1070076775625E+01   0.2125015640949E+02   0.3579517619152E-01   0.1208624716694E+00  -0.6689868983676E-01   0.1459592392996E+04   0.3061190912766E+02  -0.9671240434495E+03  -0.3378894257881E+00   0.9231898777334E+00   0.2306119185291E-01   0.1817123193992E+00
   0.4530000000000E+01   0.3390177132662E+03  -0.1033477784643E+01   0.2126118111613E+02   0.3536456057907E-01   0.1208059870658E+00  -0.6681408911755E-01   0.1462820081514E+04   0.3048209322000E+02  -0.9660752712881E+03  -0.3380067659875E+00   0.9230120378202E+00   0.2319797749474E-01   0.1823788859104E+00
   0.4540000000000E+01   0.3391313595895E+03  -0.9972661502327E+00   0.2127222403763E+02   0.3492932819581E-01   0.1207506063379E+00  -0.6672417959330E-01   0.1466047452286E+04   0.3035116576378E+02  -0.9650219828370E+03  -0.3381220095976E+00   0.9228345220909E+00   0.2333404837125E-01   0.1830450044373E+00
   0.4550000000000E+01   0.3392453812935E+03  -0.9614586129801E+00   0.2128328848541E+02   0.3448972562770E-01   0.1206963235369E+00  -0.6662902852558E-01   0.1469274502810E+04   0.3021912621948E+02  -0.9639641776019E+03  -0.3382351418924E+00   0.9226573396271E+00   0.2346937279848E-01   0.1837106718774E+00
   0.4560000000000E+01   0.3393597778677E+03  -0.9260716134888E+00   0.2129437772917E+02   0.3404600060210E-01   0.1206431323237E+00  -0.6652870557869E-01   0.1472501230581E+04   0.3008597404126E+02  -0.9629018550886E+03  -0.3383461492705E+00   0.9224804990966E+00   0.2360391962512E-01   0.1843758851876E+00
   0.4570000000000E+01   0.3394745488096E+03  -0.8911212850594E+00   0.2130549499552E+02   0.3359840185161E-01   0.1205910259738E+00  -0.6642328277245E-01   0.1475727633091E+04   0.2995170867661E+02  -0.9618350148035E+03  -0.3384550192559E+00   0.9223040087503E+00   0.2373765824750E-01   0.1850406413858E+00
   0.4580000000000E+01   0.3395896936244E+03  -0.8566234465569E+00   0.2131664346683E+02   0.3314717897798E-01   0.1205399973838E+00  -0.6631283443385E-01   0.1478953707825E+04   0.2981632956605E+02  -0.9607636562531E+03  -0.3385617404992E+00   0.9221278764194E+00   0.2387055862413E-01   0.1857049375525E+00
   0.4590000000000E+01   0.3397052118248E+03  -0.8225935954642E+00   0.2132782627998E+02   0.3269258231609E-01   0.1204900390774E+00  -0.6619743714781E-01   0.1482179452269E+04   0.2967983614273E+02  -0.9596877789441E+03  -0.3386663027761E+00   0.9219521095120E+00   0.2400259128998E-01   0.1863687708326E+00
   0.4600000000000E+01   0.3398211029306E+03  -0.7890469011280E+00   0.2133904652526E+02   0.3223486279804E-01   0.1204411432125E+00  -0.6607716970688E-01   0.1485404863901E+04   0.2954222783220E+02  -0.9586073823839E+03  -0.3387686969874E+00   0.9217767150110E+00   0.2413372737030E-01   0.1870321384368E+00
   0.4610000000000E+01   0.3399373664688E+03  -0.7559981981974E+00   0.2135030724517E+02   0.3177427181748E-01   0.1203933015874E+00  -0.6595211306001E-01   0.1488629940199E+04   0.2940350405201E+02  -0.9575224660798E+03  -0.3388689151575E+00   0.9216016994711E+00   0.2426393859416E-01   0.1876950376429E+00
   0.4620000000000E+01   0.3400540019727E+03  -0.7234619802587E+00   0.2136161143344E+02   0.3131106109424E-01   0.1203465056488E+00  -0.6582235026045E-01   0.1491854678633E+04   0.2926366421144E+02  -0.9564330295398E+03  -0.3389669504316E+00   0.9214270690177E+00   0.2439319730749E-01   0.1883574657977E+00
   0.4630000000000E+01   0.3401710089821E+03  -0.6914523936683E+00   0.2137296203388E+02   0.3084548253923E-01   0.1203007464985E+00  -0.6568796641272E-01   0.1495079076674E+04   0.2912270771121E+02  -0.9553390722723E+03  -0.3390627970739E+00   0.9212528293439E+00   0.2452147648588E-01   0.1890194203178E+00
   0.4640000000000E+01   0.3402883870430E+03  -0.6599832315871E+00   0.2138436193947E+02   0.3037778811984E-01   0.1202560149020E+00  -0.6554904861875E-01   0.1498303131785E+04   0.2898063394314E+02  -0.9542405937860E+03  -0.3391564504635E+00   0.9210789857099E+00   0.2464874974684E-01   0.1896808986918E+00
   0.4650000000000E+01   0.3404061357067E+03  -0.6290679282174E+00   0.2139581399135E+02   0.2990822972577E-01   0.1202123012958E+00  -0.6540568592316E-01   0.1501526841427E+04   0.2883744228985E+02  -0.9531375935903E+03  -0.3392479070914E+00   0.9209055429412E+00   0.2477499136177E-01   0.1903418984812E+00
   0.4660000000000E+01   0.3405242545304E+03  -0.5987195532453E+00   0.2140732097795E+02   0.2943705903537E-01   0.1201695957961E+00  -0.6525796925776E-01   0.1504750203058E+04   0.2869313212453E+02  -0.9520300711949E+03  -0.3393371645552E+00   0.9207325054275E+00   0.2490017626748E-01   0.1910024173214E+00
   0.4670000000000E+01   0.3406427430761E+03  -0.5689508064906E+00   0.2141888563410E+02   0.2896452738264E-01   0.1201278882069E+00  -0.6510599138529E-01   0.1507973214131E+04   0.2854770281059E+02  -0.9509180261102E+03  -0.3394242215547E+00   0.9205598771225E+00   0.2502428007727E-01   0.1916624529240E+00
   0.4680000000000E+01   0.3407616009105E+03  -0.5397740127655E+00   0.2143051064023E+02   0.2849088562484E-01   0.1200871680293E+00  -0.6494984684240E-01   0.1511195872096E+04   0.2840115370142E+02  -0.9498014578471E+03  -0.3395090778863E+00   0.9203876615424E+00   0.2514727909168E-01   0.1923220030772E+00
   0.4690000000000E+01   0.3408808276051E+03  -0.5112011169449E+00   0.2144219862163E+02   0.2801638401092E-01   0.1200474244699E+00  -0.6478963188195E-01   0.1514418174397E+04   0.2825348414011E+02  -0.9486803659171E+03  -0.3395917344362E+00   0.9202158617667E+00   0.2526915030873E-01   0.1929810656472E+00
   0.4700000000000E+01   0.3410004227353E+03  -0.4832436792495E+00   0.2145395214768E+02   0.2754127205061E-01   0.1200086464501E+00  -0.6462544441463E-01   0.1517640118477E+04   0.2810469345919E+02  -0.9475547498326E+03  -0.3396721931746E+00   0.9200444804373E+00   0.2538987143378E-01   0.1936396385798E+00
   0.4710000000000E+01   0.3411203858803E+03  -0.4559128707437E+00   0.2146577373126E+02   0.2706579838450E-01   0.1199708226154E+00  -0.6445738394987E-01   0.1520861701773E+04   0.2795478098034E+02  -0.9464246091063E+03  -0.3397504571478E+00   0.9198735197596E+00   0.2550942088897E-01   0.1942977199013E+00
   0.4720000000000E+01   0.3412407166230E+03  -0.4292194690491E+00   0.2147766582809E+02   0.2659021065493E-01   0.1199339413450E+00  -0.6428555153623E-01   0.1524082921719E+04   0.2780374601420E+02  -0.9452899432520E+03  -0.3398265304706E+00   0.9197029815022E+00   0.2562777782219E-01   0.1949553077197E+00
   0.4730000000000E+01   0.3413614145492E+03  -0.4031738542763E+00   0.2148963083620E+02   0.2611475537793E-01   0.1198979907612E+00  -0.6411004970117E-01   0.1527303775745E+04   0.2765158786004E+02  -0.9441507517839E+03  -0.3399004183181E+00   0.9195328669984E+00   0.2574492211563E-01   0.1956124002258E+00
   0.4740000000000E+01   0.3414824792478E+03  -0.3777860051754E+00   0.2150167109544E+02   0.2563967781616E-01   0.1198629587395E+00  -0.6393098239022E-01   0.1530524261276E+04   0.2749830580562E+02  -0.9430070342174E+03  -0.3399721269167E+00   0.9193631771468E+00   0.2586083439390E-01   0.1962689956943E+00
   0.4750000000000E+01   0.3416039103101E+03  -0.3530654955072E+00   0.2151378888702E+02   0.2516522185295E-01   0.1198288329182E+00  -0.6374845490572E-01   0.1533744375735E+04   0.2734389912685E+02  -0.9418587900685E+03  -0.3400416635345E+00   0.9191939124126E+00   0.2597549603172E-01   0.1969250924849E+00
   0.4760000000000E+01   0.3417257073296E+03  -0.3290214906352E+00   0.2152598643311E+02   0.2469162986754E-01   0.1197956007087E+00  -0.6356257384499E-01   0.1536964116539E+04   0.2718836708765E+02  -0.9407060188542E+03  -0.3401090364718E+00   0.9190250728297E+00   0.2608888916109E-01   0.1975806890434E+00
   0.4770000000000E+01   0.3418478699019E+03  -0.3056627443407E+00   0.2153826589654E+02   0.2421914261143E-01   0.1197632493054E+00  -0.6337344703810E-01   0.1540183481103E+04   0.2703170893969E+02  -0.9395487200922E+03  -0.3401742550506E+00   0.9188566580019E+00   0.2620099667807E-01   0.1982357839026E+00
   0.4780000000000E+01   0.3419703976240E+03  -0.2829975958612E+00   0.2155062938051E+02   0.2374799908616E-01   0.1197317656961E+00  -0.6318118348517E-01   0.1543402466836E+04   0.2687392392218E+02  -0.9383868933015E+03  -0.3402373296034E+00   0.9186886671051E+00   0.2631180224913E-01   0.1988903756831E+00
   0.4790000000000E+01   0.3420932900943E+03  -0.2610339671534E+00   0.2156307892836E+02   0.2327843642227E-01   0.1197011366722E+00  -0.6298589329333E-01   0.1546621071143E+04   0.2671501126168E+02  -0.9372205380020E+03  -0.3402982714619E+00   0.9185210988901E+00   0.2642129031695E-01   0.1995444630947E+00
   0.4800000000000E+01   0.3422165469122E+03  -0.2397793603813E+00   0.2157561652341E+02   0.2281068975974E-01   0.1196713488394E+00  -0.6278768761327E-01   0.1549839291428E+04   0.2655497017188E+02  -0.9360496537145E+03  -0.3403570929456E+00   0.9183539516844E+00   0.2652944610587E-01   0.2001980449368E+00
   0.4810000000000E+01   0.3423401676777E+03  -0.2192408556296E+00   0.2158824408886E+02   0.2234499212985E-01   0.1196423886275E+00  -0.6258667857551E-01   0.1553057125087E+04   0.2639379985341E+02  -0.9348742399610E+03  -0.3404138073485E+00   0.9181872233958E+00   0.2663625562679E-01   0.2008511200997E+00
   0.4820000000000E+01   0.3424641519915E+03  -0.1994251088444E+00   0.2160096348775E+02   0.2188157433849E-01   0.1196142423015E+00  -0.6238297922633E-01   0.1556274569513E+04   0.2623149949367E+02  -0.9336942962647E+03  -0.3404684289273E+00   0.9180209115149E+00   0.2674170568167E-01   0.2015036875651E+00
   0.4830000000000E+01   0.3425884994543E+03  -0.1803383500001E+00   0.2161377652292E+02   0.2142066485113E-01   0.1195868959716E+00  -0.6217670346349E-01   0.1559491622098E+04   0.2606806826665E+02  -0.9325098221499E+03  -0.3405209728873E+00   0.9178550131187E+00   0.2684578386754E-01   0.2021557464071E+00
   0.4840000000000E+01   0.3427132096665E+03  -0.1619863814938E+00   0.2162668493712E+02   0.2096248967928E-01   0.1195603356041E+00  -0.6196796597166E-01   0.1562708280225E+04   0.2590350533273E+02  -0.9313208171422E+03  -0.3405714553690E+00   0.9176895248739E+00   0.2694847858004E-01   0.2028072957929E+00
   0.4850000000000E+01   0.3428382822285E+03  -0.1443745767668E+00   0.2163969041311E+02   0.2050727226867E-01   0.1195345470315E+00  -0.6175688215772E-01   0.1565924541277E+04   0.2573780983857E+02  -0.9301272807682E+03  -0.3406198934341E+00   0.9175244430410E+00   0.2704977901652E-01   0.2034583349838E+00
   0.4860000000000E+01   0.3429637167399E+03  -0.1275078791545E+00   0.2165279457382E+02   0.2005523338915E-01   0.1195095159633E+00  -0.6154356808584E-01   0.1569140402630E+04   0.2557098091690E+02  -0.9289292125561E+03  -0.3406663050504E+00   0.9173597634783E+00   0.2714967517863E-01   0.2041088633352E+00
   0.4870000000000E+01   0.3430895127993E+03  -0.1113908009627E+00   0.2166599898257E+02   0.1960659102630E-01   0.1194852279962E+00  -0.6132814041250E-01   0.1572355861657E+04   0.2540301768638E+02  -0.9277266120353E+03  -0.3407107090775E+00   0.9171954816457E+00   0.2724815787452E-01   0.2047588802983E+00
   0.4880000000000E+01   0.3432156700045E+03  -0.9602742277287E-01   0.2167930514338E+02   0.1916156027486E-01   0.1194616686247E+00  -0.6111071632131E-01   0.1575570915728E+04   0.2523391925150E+02  -0.9265194787367E+03  -0.3407531252505E+00   0.9170315926098E+00   0.2734521872049E-01   0.2054083854198E+00
   0.4890000000000E+01   0.3433421879517E+03  -0.8142139297410E-01   0.2169271450126E+02   0.1872035323412E-01   0.1194388232512E+00  -0.6089141345787E-01   0.1578785562207E+04   0.2506368470237E+02  -0.9253078121923E+03  -0.3407935741648E+00   0.9168680910479E+00   0.2744085014220E-01   0.2060573783431E+00
   0.4900000000000E+01   0.3434690662357E+03  -0.6757592752218E-01   0.2170622844263E+02   0.1828317890504E-01   0.1194166771964E+00  -0.6067034986453E-01   0.1581999798453E+04   0.2489231311466E+02  -0.9240916119360E+03  -0.3408320772598E+00   0.9167049712537E+00   0.2753504537547E-01   0.2067058588084E+00
   0.4910000000000E+01   0.3435963044497E+03  -0.5449380992594E-01   0.2171984829572E+02   0.1785024308948E-01   0.1193952157097E+00  -0.6044764391520E-01   0.1585213621825E+04   0.2471980354945E+02  -0.9228708775028E+03  -0.3408686568019E+00   0.9165422271418E+00   0.2762779846653E-01   0.2073538266538E+00
   0.4920000000000E+01   0.3437239021847E+03  -0.4217739145957E-01   0.2173357533106E+02   0.1742174829138E-01   0.1193744239789E+00  -0.6022341425017E-01   0.1588427029673E+04   0.2454615505311E+02  -0.9216456084295E+03  -0.3409033358680E+00   0.9163798522532E+00   0.2771910427187E-01   0.2080012818153E+00
   0.4930000000000E+01   0.3438518590298E+03  -0.3062859160096E-01   0.2174741076202E+02   0.1699789361992E-01   0.1193542871405E+00  -0.5999777971095E-01   0.1591640019345E+04   0.2437136665718E+02  -0.9204158042544E+03  -0.3409361383279E+00   0.9162178397611E+00   0.2780895845759E-01   0.2086482243275E+00
   0.4940000000000E+01   0.3439801745718E+03  -0.1984889869500E-01   0.2176135574539E+02   0.1657887469491E-01   0.1193347902892E+00  -0.5977085927536E-01   0.1594852588185E+04   0.2419543737832E+02  -0.9191814645173E+03  -0.3409670888266E+00   0.9160561824764E+00   0.2789735749833E-01   0.2092946543237E+00
   0.4950000000000E+01   0.3441088483950E+03  -0.9839370841221E-02   0.2177541138197E+02   0.1616488355418E-01   0.1193159184883E+00  -0.5954277199253E-01   0.1598064733533E+04   0.2401836621815E+02  -0.9179425887598E+03  -0.3409962127664E+00   0.9158948728536E+00   0.2798429867565E-01   0.2099405720368E+00
   0.4960000000000E+01   0.3442378800811E+03  -0.6006370049746E-03   0.2178957871729E+02   0.1575610856322E-01   0.1192976567785E+00  -0.5931363691830E-01   0.1601276452722E+04   0.2384015216323E+02  -0.9166991765250E+03  -0.3410235362884E+00   0.9157339029970E+00   0.2806978007610E-01   0.2105859777993E+00
   0.4970000000000E+01   0.3443672692094E+03   0.7867101649082E-02   0.2180385874227E+02   0.1535273432706E-01   0.1192799901883E+00  -0.5908357305064E-01   0.1604487743084E+04   0.2366079418492E+02  -0.9154512273579E+03  -0.3410490862541E+00   0.9155732646673E+00   0.2815380058869E-01   0.2112308720433E+00
   0.4980000000000E+01   0.3444970153560E+03   0.1556407020205E-01   0.2181825239400E+02   0.1495494160429E-01   0.1192629037423E+00  -0.5885269926538E-01   0.1607698601945E+04   0.2348029123934E+02  -0.9141987408051E+03  -0.3410728902261E+00   0.9154129492875E+00   0.2823635990199E-01   0.2118752553015E+00
   0.4990000000000E+01   0.3446271180943E+03   0.2249091820572E-01   0.2183276055650E+02   0.1456290722353E-01   0.1192463824710E+00  -0.5862113425222E-01   0.1610909026627E+04   0.2329864226732E+02  -0.9129417164151E+03  -0.3410949764489E+00   0.9152529479502E+00   0.2831745850075E-01   0.2125191282068E+00
   0.5000000000000E+01   0.3447575769946E+03   0.2864871768865E-01   0.2184738406161E+02   0.1417680400216E-01   0.1192304114197E+00  -0.5838899645094E-01   0.1614119014448E+04   0.2311584619428E+02  -0.9116801537380E+03  -0.3411153738296E+00   0.9150932514242E+00   0.2839709766211E-01   0.2131624914925E+00
   0.5010000000000E+01   0.3448883916241E+03   0.3403896094479E-01   0.2186212368977E+02   0.1379680066737E-01   0.1192149756571E+00  -0.5815640398810E-01   0.1617328562721E+04   0.2293190193025E+02  -0.9104140523261E+03  -0.3411341119177E+00   0.9149338501614E+00   0.2847527945128E-01   0.2138053459928E+00
   0.5020000000000E+01   0.3450195615470E+03   0.3866355810610E-01   0.2187698017098E+02   0.1342306177973E-01   0.1192000602838E+00  -0.5792347461389E-01   0.1620537668754E+04   0.2274680836978E+02  -0.9091434117331E+03  -0.3411512208852E+00   0.9147747343042E+00   0.2855200671691E-01   0.2144476926424E+00
   0.5030000000000E+01   0.3451510863240E+03   0.4252483450092E-01   0.2189195418573E+02   0.1305574765914E-01   0.1191856504411E+00  -0.5769032563957E-01   0.1623746329853E+04   0.2256056439191E+02  -0.9078682315149E+03  -0.3411667315065E+00   0.9146158936926E+00   0.2862728308588E-01   0.2150895324769E+00
   0.5040000000000E+01   0.3452829655128E+03   0.4562552779960E-01   0.2190704636593E+02   0.1269501431324E-01   0.1191717313187E+00  -0.5745707387520E-01   0.1626954543317E+04   0.2237316886014E+02  -0.9065885112293E+03  -0.3411806751373E+00   0.9144573178721E+00   0.2870111295778E-01   0.2157308666324E+00
   0.5050000000000E+01   0.3454151986675E+03   0.4796878494940E-01   0.2192225729590E+02   0.1234101336839E-01   0.1191582881629E+00  -0.5722383556786E-01   0.1630162306442E+04   0.2218462062241E+02  -0.9053042504359E+03  -0.3411930836943E+00   0.9142989961009E+00   0.2877350149888E-01   0.2163716963460E+00
   0.5060000000000E+01   0.3455477853392E+03   0.4955815890039E-01   0.2193758751345E+02   0.1199389200311E-01   0.1191453062845E+00  -0.5699072634039E-01   0.1633369616518E+04   0.2199491851108E+02  -0.9040154486963E+03  -0.3412039896338E+00   0.9141409173578E+00   0.2884445463574E-01   0.2170120229549E+00
   0.5070000000000E+01   0.3456807250754E+03   0.5039760512457E-01   0.2195303751083E+02   0.1165379288418E-01   0.1191327710657E+00  -0.5675786113057E-01   0.1636576470834E+04   0.2180406134291E+02  -0.9027221055742E+03  -0.3412134259306E+00   0.9139830703505E+00   0.2891397904831E-01   0.2176518478971E+00
   0.5080000000000E+01   0.3458140174205E+03   0.5049147793007E-01   0.2196860773588E+02   0.1132085410525E-01   0.1191206679682E+00  -0.5652535413091E-01   0.1639782866670E+04   0.2161204791906E+02  -0.9014242206352E+03  -0.3412214260571E+00   0.9138254435229E+00   0.2898208216273E-01   0.2182911727102E+00
   0.5090000000000E+01   0.3459476619155E+03   0.4984452657292E-01   0.2198429859306E+02   0.1099520912812E-01   0.1191089825396E+00  -0.5629331872903E-01   0.1642988801304E+04   0.2141887702507E+02  -0.9001217934468E+03  -0.3412280239607E+00   0.9136680250641E+00   0.2904877214363E-01   0.2189299990322E+00
   0.5100000000000E+01   0.3460816580982E+03   0.4846189116851E-01   0.2200011044458E+02   0.1067698672672E-01   0.1190977004205E+00  -0.5606186744853E-01   0.1646194272010E+04   0.2122454743092E+02  -0.8988148235789E+03  -0.3412332540429E+00   0.9135108029161E+00   0.2911405788607E-01   0.2195683286002E+00
   0.5110000000000E+01   0.3462160055029E+03   0.4634909840519E-01   0.2201604361153E+02   0.1036631093363E-01   0.1190868073509E+00  -0.5583111189062E-01   0.1649399276056E+04   0.2102905789099E+02  -0.8975033106030E+03  -0.3412371511372E+00   0.9133537647823E+00   0.2917794900707E-01   0.2202061632507E+00
   0.5120000000000E+01   0.3463507036611E+03   0.4351205706262E-01   0.2203209837498E+02   0.1006330098943E-01   0.1190762891767E+00  -0.5560116267637E-01   0.1652603810705E+04   0.2083240714409E+02  -0.8961872540929E+03  -0.3412397504868E+00   0.9131968981361E+00   0.2924045583674E-01   0.2208435049187E+00
   0.5130000000000E+01   0.3464857521009E+03   0.3995705333736E-01   0.2204827497718E+02   0.9768071294741E-02   0.1190661318554E+00  -0.5537212938963E-01   0.1655807873218E+04   0.2063459391349E+02  -0.8948666536245E+03  -0.3412410877227E+00   0.9130401902296E+00   0.2930158940905E-01   0.2214803556377E+00
   0.5140000000000E+01   0.3466211503475E+03   0.3569074597843E-01   0.2206457362267E+02   0.9480731364934E-02   0.1190563214623E+00  -0.5514412052070E-01   0.1659011460848E+04   0.2043561690698E+02  -0.8935415087757E+03  -0.3412411988414E+00   0.9128836281021E+00   0.2936136145216E-01   0.2221167175386E+00
   0.5150000000000E+01   0.3467568979231E+03   0.3072016123575E-01   0.2208099447950E+02   0.9201385787704E-02   0.1190468441959E+00  -0.5491724341071E-01   0.1662214570845E+04   0.2023547481686E+02  -0.8922118191265E+03  -0.3412401201821E+00   0.9127271985890E+00   0.2941978437848E-01   0.2227525928495E+00
   0.5160000000000E+01   0.3468929943469E+03   0.2505268762420E-01   0.2209753768035E+02   0.8930134183355E-02   0.1190376863828E+00  -0.5469160419687E-01   0.1665417200456E+04   0.2003416632000E+02  -0.8908775842589E+03  -0.3412378884048E+00   0.9125708883304E+00   0.2947687127424E-01   0.2233879838950E+00
   0.5170000000000E+01   0.3470294391356E+03   0.1869607050636E-01   0.2211420332377E+02   0.8667071167905E-02   0.1190288344833E+00  -0.5446730775838E-01   0.1668619346919E+04   0.1983169007790E+02  -0.8895388037572E+03  -0.3412345404676E+00   0.9124146837806E+00   0.2953263588879E-01   0.2240228930954E+00
   0.5180000000000E+01   0.3471662318030E+03   0.1165840649706E-01   0.2213099147530E+02   0.8412286318999E-02   0.1190202750960E+00  -0.5424445766333E-01   0.1671821007472E+04   0.1962804473673E+02  -0.8881954772075E+03  -0.3412301136036E+00   0.9122585712166E+00   0.2958709262352E-01   0.2246573229657E+00
   0.5190000000000E+01   0.3473033718604E+03   0.3948137692819E-02   0.2214790216869E+02   0.8165864144647E-02   0.1190119949618E+00  -0.5402315611632E-01   0.1675022179345E+04   0.1942322892740E+02  -0.8868476041984E+03  -0.3412246452987E+00   0.9121025367471E+00   0.2964025652038E-01   0.2252912761154E+00
   0.5200000000000E+01   0.3474408588167E+03  -0.4425954270475E-02   0.2216493540707E+02   0.7927884054797E-02   0.1190039809690E+00  -0.5380350390708E-01   0.1678222859765E+04   0.1921724126562E+02  -0.8854951843201E+03  -0.3412181732687E+00   0.9119465663223E+00   0.2969214325019E-01   0.2259247552469E+00
   0.5210000000000E+01   0.3475786921788E+03  -0.1345475432836E-01   0.2218209116413E+02   0.7698420335760E-02   0.1189962201565E+00  -0.5358560035991E-01   0.1681423045952E+04   0.1901008035196E+02  -0.8841382171653E+03  -0.3412107354367E+00   0.9117906457423E+00   0.2974276910045E-01   0.2265577631550E+00
   0.5220000000000E+01   0.3477168714510E+03  -0.2312882026360E-01   0.2219936938531E+02   0.7477542127489E-02   0.1189886997179E+00  -0.5336954328410E-01   0.1684622735123E+04   0.1880174477195E+02  -0.8827767023284E+03  -0.3412023699099E+00   0.9116347606669E+00   0.2979215096300E-01   0.2271903027259E+00
   0.5230000000000E+01   0.3478553961360E+03  -0.3343838914344E-01   0.2221676998890E+02   0.7265313403724E-02   0.1189814070050E+00  -0.5315542892531E-01   0.1687821924491E+04   0.1859223309614E+02  -0.8814106394063E+03  -0.3411931149574E+00   0.9114788966244E+00   0.2984030632121E-01   0.2278223769358E+00
   0.5240000000000E+01   0.3479942657345E+03  -0.4437338391474E-01   0.2223429286727E+02   0.7061792955016E-02   0.1189743295308E+00  -0.5294335191795E-01   0.1691020611261E+04   0.1838154388019E+02  -0.8800400279976E+03  -0.3411830089868E+00   0.9113230390213E+00   0.2988725323694E-01   0.2284539888502E+00
   0.5250000000000E+01   0.3481334797455E+03  -0.5592342015333E-01   0.2225193788797E+02   0.6867034374615E-02   0.1189674549728E+00  -0.5273340523852E-01   0.1694218792636E+04   0.1816967566496E+02  -0.8786648677031E+03  -0.3411720905221E+00   0.9111671731515E+00   0.2993301033724E-01   0.2290851416222E+00
   0.5260000000000E+01   0.3482730376667E+03  -0.6807781296364E-01   0.2226970489487E+02   0.6681086047256E-02   0.1189607711753E+00  -0.5252568016001E-01   0.1697416465812E+04   0.1795662697663E+02  -0.8772851581254E+03  -0.3411603981804E+00   0.9110112842053E+00   0.2997759680065E-01   0.2297158384919E+00
   0.5270000000000E+01   0.3484129389943E+03  -0.8082558402500E-01   0.2228759370928E+02   0.6503991140810E-02   0.1189542661522E+00  -0.5232026620739E-01   0.1700613627980E+04   0.1774239632674E+02  -0.8759008988695E+03  -0.3411479706494E+00   0.9108553572794E+00   0.3002103234331E-01   0.2303460827845E+00
   0.5280000000000E+01   0.3485531832236E+03  -0.9415546878049E-01   0.2230560413105E+02   0.6335787600837E-02   0.1189479280893E+00  -0.5211725111412E-01   0.1703810276329E+04   0.1752698221238E+02  -0.8745120895421E+03  -0.3411348466652E+00   0.9106993773858E+00   0.3006333720474E-01   0.2309758779093E+00
   0.5290000000000E+01   0.3486937698486E+03  -0.1080559237643E+00   0.2232373593964E+02   0.6176508148008E-02   0.1189417453458E+00  -0.5191672077980E-01   0.1707006408039E+04   0.1731038311622E+02  -0.8731187297519E+03  -0.3411210649889E+00   0.9105433294612E+00   0.3010453213342E-01   0.2316052273581E+00
   0.5300000000000E+01   0.3488346983628E+03  -0.1225151340638E+00   0.2234198889519E+02   0.6026180278414E-02   0.1189357064566E+00  -0.5171875922890E-01   0.1710202020287E+04   0.1709259750666E+02  -0.8717208191095E+03  -0.3411066643849E+00   0.9103871983766E+00   0.3014463837201E-01   0.2322341347038E+00
   0.5310000000000E+01   0.3489759682590E+03  -0.1375210209117E+00   0.2236036273957E+02   0.5884826266753E-02   0.1189298001339E+00  -0.5152344857069E-01   0.1713397110244E+04   0.1687362383796E+02  -0.8703183572276E+03  -0.3410916835982E+00   0.9102309689465E+00   0.3018367764243E-01   0.2328626035988E+00
   0.5320000000000E+01   0.3491175790297E+03  -0.1530612494045E+00   0.2237885719738E+02   0.5752463172386E-02   0.1189240152679E+00  -0.5133086896028E-01   0.1716591675077E+04   0.1665346055034E+02  -0.8689113437205E+03  -0.3410761613320E+00   0.9100746259383E+00   0.3022167213065E-01   0.2334906377734E+00
   0.5330000000000E+01   0.3492595301671E+03  -0.1691232363427E+00   0.2239747197697E+02   0.5629102848257E-02   0.1189183409286E+00  -0.5114109856087E-01   0.1719785711945E+04   0.1643210607011E+02  -0.8674997782046E+03  -0.3410601362259E+00   0.9099181540817E+00   0.3025864447122E-01   0.2341182410342E+00
   0.5340000000000E+01   0.3494018211636E+03  -0.1856941581884E+00   0.2241620677139E+02   0.5514751952673E-02   0.1189127663664E+00  -0.5095421350718E-01   0.1722979218006E+04   0.1620955880981E+02  -0.8660836602979E+03  -0.3410436468334E+00   0.9097615380777E+00   0.3029461773168E-01   0.2347454172622E+00
   0.5350000000000E+01   0.3495444515114E+03  -0.2027609591361E+00   0.2243506125932E+02   0.5409411963931E-02   0.1189072810128E+00  -0.5077028787011E-01   0.1726172190410E+04   0.1598581716834E+02  -0.8646629896204E+03  -0.3410267316005E+00   0.9096047626083E+00   0.3032961539665E-01   0.2353721704113E+00
   0.5360000000000E+01   0.3496874207036E+03  -0.2203103592919E+00   0.2245403510604E+02   0.5313079197772E-02   0.1189018744809E+00  -0.5058939362266E-01   0.1729364626300E+04   0.1576087953108E+02  -0.8632377657936E+03  -0.3410094288435E+00   0.9094478123455E+00   0.3036366135179E-01   0.2359985045061E+00
   0.5370000000000E+01   0.3498307282334E+03  -0.2383288629562E+00   0.2247312796426E+02   0.5225744827670E-02   0.1188965365659E+00  -0.5041160060702E-01   0.1732556522818E+04   0.1553474427007E+02  -0.8618079884410E+03  -0.3409917767280E+00   0.9092906719605E+00   0.3039677986755E-01   0.2366244236404E+00
   0.5380000000000E+01   0.3499743735950E+03  -0.2568027670070E+00   0.2249233947502E+02   0.5147394907919E-02   0.1188912572452E+00  -0.5023697650302E-01   0.1735747877096E+04   0.1530740974413E+02  -0.8603736571874E+03  -0.3409738132467E+00   0.9091333261331E+00   0.3042899558272E-01   0.2372499319747E+00
   0.5390000000000E+01   0.3501183562837E+03  -0.2757181693764E+00   0.2251166926849E+02   0.5078010399518E-02   0.1188860266782E+00  -0.5006558679786E-01   0.1738938686265E+04   0.1507887429901E+02  -0.8589347716595E+03  -0.3409555761990E+00   0.9089757595603E+00   0.3046033348787E-01   0.2378750337350E+00
   0.5400000000000E+01   0.3502626757957E+03  -0.2950609776182E+00   0.2253111696480E+02   0.5017567198827E-02   0.1188808352062E+00  -0.4989749475703E-01   0.1742128947447E+04   0.1484913626753E+02  -0.8574913314854E+03  -0.3409371031697E+00   0.9088179569658E+00   0.3049081890854E-01   0.2384997332097E+00
   0.5410000000000E+01   0.3504073316287E+03  -0.3148169175598E+00   0.2255068217476E+02   0.4966036168982E-02   0.1188756733521E+00  -0.4973276139669E-01   0.1745318657759E+04   0.1461819396977E+02  -0.8560433362948E+03  -0.3409184315078E+00   0.9086599031089E+00   0.3052047748838E-01   0.2391240347483E+00
   0.5420000000000E+01   0.3505523232819E+03  -0.3349715420354E+00   0.2257036450063E+02   0.4923383174045E-02   0.1188705318201E+00  -0.4957144545727E-01   0.1748507814314E+04   0.1438604571320E+02  -0.8545907857190E+03  -0.3408995983066E+00   0.9085015827932E+00   0.3054933517205E-01   0.2397479427591E+00
   0.5430000000000E+01   0.3506976502561E+03  -0.3555102396939E+00   0.2259016353681E+02   0.4889569115867E-02   0.1188654014944E+00  -0.4941360337848E-01   0.1751696414218E+04   0.1415268979286E+02  -0.8531336793903E+03  -0.3408806403829E+00   0.9083429808757E+00   0.3057741818807E-01   0.2403714617064E+00
   0.5440000000000E+01   0.3508433120543E+03  -0.3764182438779E+00   0.2261007887051E+02   0.4864549973641E-02   0.1188602734393E+00  -0.4925928927558E-01   0.1754884454572E+04   0.1391812449149E+02  -0.8516720169429E+03  -0.3408615942570E+00   0.9081840822756E+00   0.3060475303154E-01   0.2409945961089E+00
   0.5450000000000E+01   0.3509893081811E+03  -0.3976806415679E+00   0.2263011008237E+02   0.4848276846123E-02   0.1188551388974E+00  -0.4910855491717E-01   0.1758071932471E+04   0.1368234807974E+02  -0.8502057980119E+03  -0.3408424961330E+00   0.9080248719825E+00   0.3063136644670E-01   0.2416173505371E+00
   0.5460000000000E+01   0.3511356381439E+03  -0.4192823823874E+00   0.2265025674705E+02   0.4840695996494E-02   0.1188499892893E+00  -0.4896144970414E-01   0.1761258845004E+04   0.1344535881632E+02  -0.8487350222338E+03  -0.3408233818789E+00   0.9078653350658E+00   0.3065728540942E-01   0.2422397296107E+00
   0.5470000000000E+01   0.3512823014519E+03  -0.4412082876640E+00   0.2267051843383E+02   0.4841748899827E-02   0.1188448162123E+00  -0.4881802065021E-01   0.1764445189253E+04   0.1320715494816E+02  -0.8472596892464E+03  -0.3408042870078E+00   0.9077054566824E+00   0.3068253710965E-01   0.2428617379965E+00
   0.5480000000000E+01   0.3514292976174E+03  -0.4634430595402E+00   0.2269089470710E+02   0.4851372293144E-02   0.1188396114386E+00  -0.4867831236375E-01   0.1767630962298E+04   0.1296773471062E+02  -0.8457797986883E+03  -0.3407852466582E+00   0.9075452220857E+00   0.3070714893371E-01   0.2434833804059E+00
   0.5490000000000E+01   0.3515766261550E+03  -0.4859712901305E+00   0.2271138512686E+02   0.4869498228025E-02   0.1188343669147E+00  -0.4854236703099E-01   0.1770816161208E+04   0.1272709632763E+02  -0.8442953501996E+03  -0.3407662955761E+00   0.9073846166337E+00   0.3073114844659E-01   0.2441046615920E+00
   0.5500000000000E+01   0.3517242865825E+03  -0.5087774707181E+00   0.2273198924921E+02   0.4896054125731E-02   0.1188290747598E+00  -0.4841022440073E-01   0.1774000783050E+04   0.1248523801187E+02  -0.8428063434211E+03  -0.3407474680957E+00   0.9072236257973E+00   0.3075456337412E-01   0.2447255863476E+00
   0.5510000000000E+01   0.3518722784204E+03  -0.5318460009879E+00   0.2275270662672E+02   0.4930962834823E-02   0.1188237272639E+00  -0.4828192177033E-01   0.1777184824883E+04   0.1224215796500E+02  -0.8413127779947E+03  -0.3407287981220E+00   0.9070622351683E+00   0.3077742158516E-01   0.2453461595022E+00
   0.5520000000000E+01   0.3520206011925E+03  -0.5551611982882E+00   0.2277353680885E+02   0.4974142691229E-02   0.1188183168867E+00  -0.4815749397330E-01   0.1780368283761E+04   0.1199785437778E+02  -0.8398146535630E+03  -0.3407103191126E+00   0.9069004304673E+00   0.3079975107374E-01   0.2459663859193E+00
   0.5530000000000E+01   0.3521692544258E+03  -0.5787073069185E+00   0.2279447934230E+02   0.5025507580725E-02   0.1188128362557E+00  -0.4803697336813E-01   0.1783551156730E+04   0.1175232543028E+02  -0.8383119697695E+03  -0.3406920640606E+00   0.9067381975520E+00   0.3082157994114E-01   0.2465862704940E+00
   0.5540000000000E+01   0.3523182376508E+03  -0.6024685074360E+00   0.2281553377132E+02   0.5084967003802E-02   0.1188072781647E+00  -0.4792038982868E-01   0.1786733440832E+04   0.1150556929211E+02  -0.8368047262584E+03  -0.3406740654770E+00   0.9065755224247E+00   0.3084293637798E-01   0.2472058181503E+00
   0.5550000000000E+01   0.3524675504012E+03  -0.6264289259778E+00   0.2283669963803E+02   0.5152426142869E-02   0.1188016355719E+00  -0.4780777073597E-01   0.1789915133102E+04   0.1125758412253E+02  -0.8352929226747E+03  -0.3406563553746E+00   0.9064123912397E+00   0.3086384864633E-01   0.2478250338379E+00
   0.5560000000000E+01   0.3526171922146E+03  -0.6505726435907E+00   0.2285797648259E+02   0.5227785931757E-02   0.1187959015981E+00  -0.4769914097136E-01   0.1793096230568E+04   0.1100836807069E+02  -0.8337765586639E+03  -0.3406389652511E+00   0.9062487903114E+00   0.3088434506182E-01   0.2484439225298E+00
   0.5570000000000E+01   0.3527671626322E+03  -0.6748837055666E+00   0.2287936384351E+02   0.5310943127483E-02   0.1187900695253E+00  -0.4759452291128E-01   0.1796276730252E+04   0.1075791927583E+02  -0.8322556338718E+03  -0.3406219260732E+00   0.9060847061211E+00   0.3090445397569E-01   0.2490624892195E+00
   0.5580000000000E+01   0.3529174611988E+03  -0.6993461307758E+00   0.2290086125778E+02   0.5401790384229E-02   0.1187841327943E+00  -0.4749393642325E-01   0.1799456629170E+04   0.1050623586744E+02  -0.8307301479450E+03  -0.3406052682610E+00   0.9059201253247E+00   0.3092420375703E-01   0.2496807389178E+00
   0.5590000000000E+01   0.3530680874632E+03  -0.7239439209943E+00   0.2292246826104E+02   0.5500216329499E-02   0.1187780850031E+00  -0.4739739886352E-01   0.1802635924331E+04   0.1025331596546E+02  -0.8292001005301E+03  -0.3405890216731E+00   0.9057550347596E+00   0.3094362277488E-01   0.2502986766504E+00
   0.5600000000000E+01   0.3532190409781E+03  -0.7486610702190E+00   0.2294418438770E+02   0.5606105642398E-02   0.1187719199054E+00  -0.4730492507597E-01   0.1805814612738E+04   0.9999157680516E+01  -0.8276654912744E+03  -0.3405732155910E+00   0.9055894214518E+00   0.3096273938054E-01   0.2509163074547E+00
   0.5610000000000E+01   0.3533703213002E+03  -0.7734815739667E+00   0.2296600917103E+02   0.5719339133994E-02   0.1187656314081E+00  -0.4721652739260E-01   0.1808992691388E+04   0.9743759114062E+01  -0.8261263198250E+03  -0.3405578787053E+00   0.9054232726225E+00   0.3098158188981E-01   0.2515336363766E+00
   0.5620000000000E+01   0.3535219279900E+03  -0.7983894385501E+00   0.2298794214324E+02   0.5839793829717E-02   0.1187592135699E+00  -0.4713221563538E-01   0.1812170157270E+04   0.9487118358611E+01  -0.8245825858293E+03  -0.3405430391014E+00   0.9052565756952E+00   0.3100017856537E-01   0.2521506684684E+00
   0.5630000000000E+01   0.3536738606124E+03  -0.8233686903276E+00   0.2300998283549E+02   0.5967343053743E-02   0.1187526605994E+00  -0.4705199711954E-01   0.1815347007366E+04   0.9229233497925E+01  -0.8230342889349E+03  -0.3405287242457E+00   0.9050893183019E+00   0.3101855759926E-01   0.2527674087849E+00
   0.5640000000000E+01   0.3538261187362E+03  -0.8484033849196E+00   0.2303213077790E+02   0.6101856515309E-02   0.1187459668529E+00  -0.4697587665833E-01   0.1818523238653E+04   0.8970102607213E+01  -0.8214814287890E+03  -0.3405149609729E+00   0.9049214882895E+00   0.3103674709541E-01   0.2533838623812E+00
   0.5650000000000E+01   0.3539787019343E+03  -0.8734776163874E+00   0.2305438549956E+02   0.6243200396922E-02   0.1187391268333E+00  -0.4690385656917E-01   0.1821698848101E+04   0.8709723753334E+01  -0.8199240050390E+03  -0.3405017754727E+00   0.9047530737265E+00   0.3105477505224E-01   0.2540000343090E+00
   0.5660000000000E+01   0.3541316097837E+03  -0.8985755263702E+00   0.2307674652843E+02   0.6391237444395E-02   0.1187321351877E+00  -0.4683593668126E-01   0.1824873832671E+04   0.8448094994995E+01  -0.8183620173321E+03  -0.3404891932777E+00   0.9045840629082E+00   0.3107266934550E-01   0.2546159296141E+00
   0.5670000000000E+01   0.3542848418656E+03  -0.9236813131724E+00   0.2309921339133E+02   0.6545827058662E-02   0.1187249867057E+00  -0.4677211434457E-01   0.1828048189320E+04   0.8185214382955E+01  -0.8167954653149E+03  -0.3404772392516E+00   0.9044144443638E+00   0.3109045771107E-01   0.2552315533335E+00
   0.5680000000000E+01   0.3544383977654E+03  -0.9487792407995E+00   0.2312178561381E+02   0.6706825389328E-02   0.1187176763183E+00  -0.4671238444025E-01   0.1831221914996E+04   0.7921079960225E+01  -0.8152243486341E+03  -0.3404659375776E+00   0.9042442068611E+00   0.3110816772804E-01   0.2558469104917E+00
   0.5690000000000E+01   0.3545922770724E+03  -0.9738536479349E+00   0.2314446272003E+02   0.6874085429882E-02   0.1187101990955E+00  -0.4665673939249E-01   0.1834395006641E+04   0.7655689762267E+01  -0.8136486669355E+03  -0.3404553117476E+00   0.9040733394127E+00   0.3112582680182E-01   0.2564620060984E+00
   0.5700000000000E+01   0.3547464793800E+03  -0.9988889568538E+00   0.2316724423266E+02   0.7047457114529E-02   0.1187025502449E+00  -0.4660516918170E-01   0.1837567461189E+04   0.7389041817203E+01  -0.8120684198648E+03  -0.3404453845512E+00   0.9039018312812E+00   0.3114346214745E-01   0.2570768451451E+00
   0.5710000000000E+01   0.3549010042859E+03  -0.1023869682269E+01   0.2319012967268E+02   0.7226787416582E-02   0.1186947251104E+00  -0.4655766135915E-01   0.1840739275568E+04   0.7121134146008E+01  -0.8104836070667E+03  -0.3404361780665E+00   0.9037296719847E+00   0.3116110077311E-01   0.2576914326021E+00
   0.5720000000000E+01   0.3550558513915E+03  -0.1048780440102E+01   0.2321311855923E+02   0.7411920448352E-02   0.1186867191704E+00  -0.4651420106290E-01   0.1843910446697E+04   0.6851964762721E+01  -0.8088942281854E+03  -0.3404277136495E+00   0.9035568513016E+00   0.3117876946372E-01   0.2583057734159E+00
   0.5730000000000E+01   0.3552110203022E+03  -0.1073605956180E+01   0.2323621040943E+02   0.7602697562484E-02   0.1186785280365E+00  -0.4647477103521E-01   0.1847080971490E+04   0.6581531674641E+01  -0.8073002828645E+03  -0.3404200119259E+00   0.9033833592759E+00   0.3119649476481E-01   0.2589198725053E+00
   0.5740000000000E+01   0.3553665106275E+03  -0.1098331074846E+01   0.2325940473813E+02   0.7798957454677E-02   0.1186701474520E+00  -0.4643935164118E-01   0.1850250846853E+04   0.6309832882529E+01  -0.8057017707463E+03  -0.3404130927818E+00   0.9032091862214E+00   0.3121430296649E-01   0.2595337347595E+00
   0.5750000000000E+01   0.3555223219803E+03  -0.1122940767481E+01   0.2328270105776E+02   0.8000536267716E-02   0.1186615732906E+00  -0.4640792088885E-01   0.1853420069683E+04   0.6036866380814E+01  -0.8040986914726E+03  -0.3404069753560E+00   0.9030343227271E+00   0.3123222008769E-01   0.2601473650342E+00
   0.5760000000000E+01   0.3556784539777E+03  -0.1147420140936E+01   0.2330609887800E+02   0.8207267696784E-02   0.1186528015550E+00  -0.4638045445053E-01   0.1856588636871E+04   0.5762630157789E+01  -0.8024910446839E+03  -0.3404016780321E+00   0.9028587596606E+00   0.3125027186058E-01   0.2607607681493E+00
   0.5770000000000E+01   0.3558349062400E+03  -0.1171754445865E+01   0.2332959770564E+02   0.8418983095956E-02   0.1186438283761E+00  -0.4635692568550E-01   0.1859756545301E+04   0.5487122195814E+01  -0.8008788300198E+03  -0.3403972184312E+00   0.9026824881732E+00   0.3126848371525E-01   0.2613739488852E+00
   0.5780000000000E+01   0.3559916783913E+03  -0.1195929084956E+01   0.2335319704422E+02   0.8635511585843E-02   0.1186346500114E+00  -0.4633730566402E-01   0.1862923791849E+04   0.5210340471516E+01  -0.7992620471184E+03  -0.3403936134058E+00   0.9025054997036E+00   0.3128688076451E-01   0.2619869119809E+00
   0.5790000000000E+01   0.3561487700592E+03  -0.1219929621058E+01   0.2337689639386E+02   0.8856680162304E-02   0.1186252628442E+00  -0.4632156319259E-01   0.1866090373382E+04   0.4932282955989E+01  -0.7976406956169E+03  -0.3403908790329E+00   0.9023277859818E+00   0.3130548778909E-01   0.2625996621299E+00
   0.5800000000000E+01   0.3563061808744E+03  -0.1243741785190E+01   0.2340069525091E+02   0.9082313806168E-02   0.1186156633826E+00  -0.4630966484046E-01   0.1869256286762E+04   0.4652947614992E+01  -0.7960147751510E+03  -0.3403890306087E+00   0.9021493390325E+00   0.3132432922292E-01   0.2632122039783E+00
   0.5810000000000E+01   0.3564639104709E+03  -0.1267351484440E+01   0.2342459310774E+02   0.9312235593910E-02   0.1186058482584E+00  -0.4630157496752E-01   0.1872421528840E+04   0.4372332409144E+01  -0.7943842853548E+03  -0.3403880826436E+00   0.9019701511793E+00   0.3134342913878E-01   0.2638245421215E+00
   0.5820000000000E+01   0.3566219584859E+03  -0.1290744809745E+01   0.2344858945240E+02   0.9546266809194E-02   0.1185958142267E+00  -0.4629725575324E-01   0.1875586096463E+04   0.4090435294128E+01  -0.7927492258611E+03  -0.3403880488570E+00   0.9017902150472E+00   0.3136281123417E-01   0.2644366811013E+00
   0.5830000000000E+01   0.3567803245593E+03  -0.1313908043537E+01   0.2347268376836E+02   0.9784227055246E-02   0.1185855581644E+00  -0.4629666722697E-01   0.1878749986466E+04   0.3807254220878E+01  -0.7911095963011E+03  -0.3403889421738E+00   0.9016095235664E+00   0.3138249881744E-01   0.2650486254031E+00
   0.5840000000000E+01   0.3569390083342E+03  -0.1336827667274E+01   0.2349687553424E+02   0.1002593436797E-01   0.1185750770703E+00  -0.4629976729940E-01   0.1881913195680E+04   0.3522787135783E+01  -0.7894653963043E+03  -0.3403907747200E+00   0.9014280699749E+00   0.3140251479421E-01   0.2656603794536E+00
   0.5850000000000E+01   0.3570980094558E+03  -0.1359490368822E+01   0.2352116422349E+02   0.1027120532973E-01   0.1185643680639E+00  -0.4630651179517E-01   0.1885075720925E+04   0.3237031980874E+01  -0.7878166254984E+03  -0.3403935578201E+00   0.9012458478214E+00   0.3142288165408E-01   0.2662719476173E+00
   0.5860000000000E+01   0.3572573275724E+03  -0.1381883049714E+01   0.2354554930412E+02   0.1051985518380E-01   0.1185534283851E+00  -0.4631685448664E-01   0.1888237559015E+04   0.2949986694019E+01  -0.7861632835095E+03  -0.3403973019942E+00   0.9010628509676E+00   0.3144362145765E-01   0.2668833341945E+00
   0.5870000000000E+01   0.3574169623343E+03  -0.1403992832257E+01   0.2357003023842E+02   0.1077169794930E-01   0.1185422553936E+00  -0.4633074712890E-01   0.1891398706756E+04   0.2661649209113E+01  -0.7845053699615E+03  -0.3404020169561E+00   0.9008790735912E+00   0.3146475582379E-01   0.2674945434182E+00
   0.5880000000000E+01   0.3575769133941E+03  -0.1425807066503E+01   0.2359460648266E+02   0.1102654653664E-01   0.1185308465687E+00  -0.4634813949570E-01   0.1894559160943E+04   0.2372017456271E+01  -0.7828428844766E+03  -0.3404077116113E+00   0.9006945101875E+00   0.3148630591728E-01   0.2681055794519E+00
   0.5890000000000E+01   0.3577371804064E+03  -0.1447313337055E+01   0.2361927748685E+02   0.1128421286338E-01   0.1185191995087E+00  -0.4636897941671E-01   0.1897718918367E+04   0.2081089362012E+01  -0.7811758266748E+03  -0.3404143940563E+00   0.9005091555717E+00   0.3150829243671E-01   0.2687164463864E+00
   0.5900000000000E+01   0.3578977630277E+03  -0.1468499469742E+01   0.2364404269444E+02   0.1154450797045E-01   0.1185073119307E+00  -0.4639321281563E-01   0.1900877975808E+04   0.1788862849448E+01  -0.7795041961742E+03  -0.3404220715774E+00   0.9003230048806E+00   0.3153073560278E-01   0.2693271482381E+00
   0.5910000000000E+01   0.3580586609162E+03  -0.1489353538116E+01   0.2366890154206E+02   0.1180724213862E-01   0.1184951816703E+00  -0.4642078374951E-01   0.1904036330039E+04   0.1495335838468E+01  -0.7778279925906E+03  -0.3404307506514E+00   0.9001360535743E+00   0.3155365514680E-01   0.2699376889460E+00
   0.5920000000000E+01   0.3582198737315E+03  -0.1509863869800E+01   0.2369385345928E+02   0.1207222500516E-01   0.1184828066818E+00  -0.4645163444903E-01   0.1907193977823E+04   0.1200506245924E+01  -0.7761472155374E+03  -0.3404404369451E+00   0.8999482974378E+00   0.3157707029970E-01   0.2705480723692E+00
   0.5930000000000E+01   0.3583814011346E+03  -0.1530019052669E+01   0.2371889786838E+02   0.1233926568070E-01   0.1184701850374E+00  -0.4648570535975E-01   0.1910350915916E+04   0.9043719858065E+00  -0.7744618646261E+03  -0.3404511353171E+00   0.8997597325820E+00   0.3160099978121E-01   0.2711583022850E+00
   0.5940000000000E+01   0.3585432427878E+03  -0.1549807940862E+01   0.2374403418406E+02   0.1260817286611E-01   0.1184573149279E+00  -0.4652293518441E-01   0.1913507141066E+04   0.6069309694306E+00  -0.7727719394654E+03  -0.3404628498185E+00   0.8995703554449E+00   0.3162546178952E-01   0.2717683823863E+00
   0.5950000000000E+01   0.3587053983540E+03  -0.1569219660624E+01   0.2376926181330E+02   0.1287875496939E-01   0.1184441946622E+00  -0.4656326092611E-01   0.1916662650011E+04   0.3081811056100E+00  -0.7710774396620E+03  -0.3404755836950E+00   0.8993801627924E+00   0.3165047399122E-01   0.2723783162795E+00
   0.5960000000000E+01   0.3588678674972E+03  -0.1588243615975E+01   0.2379458015509E+02   0.1315082022251E-01   0.1184308226674E+00  -0.4660661793243E-01   0.1919817439481E+04   0.8120300833083E-02  -0.7693783648199E+03  -0.3404893393895E+00   0.8991891517192E+00   0.3167605351163E-01   0.2729881074821E+00
   0.5970000000000E+01   0.3590306498819E+03  -0.1606869494195E+01   0.2381998860025E+02   0.1342417679809E-01   0.1184171974891E+00  -0.4665293994049E-01   0.1922971506199E+04  -0.2932535405631E+00  -0.7676747145404E+03  -0.3405041185448E+00   0.8989973196489E+00   0.3170221692549E-01   0.2735977594208E+00
   0.5980000000000E+01   0.3591937451730E+03  -0.1625087271138E+01   0.2384548653129E+02   0.1369863292587E-01   0.1184033177913E+00  -0.4670215912278E-01   0.1926124846878E+04  -0.5959425162221E+00  -0.7659664884226E+03  -0.3405199220071E+00   0.8988046643350E+00   0.3172898024802E-01   0.2742072754294E+00
   0.5990000000000E+01   0.3593571530355E+03  -0.1642887216353E+01   0.2387107332219E+02   0.1397399700895E-01   0.1183891823565E+00  -0.4675420613397E-01   0.1929277458220E+04  -0.8999487255987E+00  -0.7642536860626E+03  -0.3405367498297E+00   0.8986111838601E+00   0.3175635892636E-01   0.2748166587467E+00
   0.6000000000000E+01   0.3595208731346E+03  -0.1660259898025E+01   0.2389674833829E+02   0.1425007773963E-01   0.1183747900862E+00  -0.4680901015837E-01   0.1932429336923E+04  -0.1205274269792E+01  -0.7625363070540E+03  -0.3405546012776E+00   0.8984168766367E+00   0.3178436783138E-01   0.2754259125149E+00
   0.6010000000000E+01   0.3596849051351E+03  -0.1677196187722E+01   0.2392251093615E+02   0.1452668421484E-01   0.1183601400007E+00  -0.4686649895828E-01   0.1935580479673E+04  -0.1511921251383E+01  -0.7608143509875E+03  -0.3405734748320E+00   0.8982217414063E+00   0.3181302124990E-01   0.2760350397772E+00
   0.6020000000000E+01   0.3598492487017E+03  -0.1693687264955E+01   0.2394836046343E+02   0.1480362605115E-01   0.1183452312398E+00  -0.4692659892309E-01   0.1938730883148E+04  -0.1819891774270E+01  -0.7590878174511E+03  -0.3405933681960E+00   0.8980257772396E+00   0.3184233287727E-01   0.2766440434765E+00
   0.6030000000000E+01   0.3600139034985E+03  -0.1709724621536E+01   0.2397429625884E+02   0.1508071349918E-01   0.1183300630624E+00  -0.4698923511901E-01   0.1941880544016E+04  -0.2129187943511E+01  -0.7573567060301E+03  -0.3406142783003E+00   0.8978289835352E+00   0.3187231581037E-01   0.2772529264535E+00
   0.6040000000000E+01   0.3601788691888E+03  -0.1725300065745E+01   0.2400031765200E+02   0.1535775755736E-01   0.1183146348473E+00  -0.4705433133964E-01   0.1945029458939E+04  -0.2439811865166E+01  -0.7556210163066E+03  -0.3406362013089E+00   0.8976313600193E+00   0.3190298254099E-01   0.2778616914452E+00
   0.6050000000000E+01   0.3603441454350E+03  -0.1740405726299E+01   0.2402642396344E+02   0.1563457008508E-01   0.1182989460932E+00  -0.4712181015703E-01   0.1948177624567E+04  -0.2751765646147E+01  -0.7538807478599E+03  -0.3406591326269E+00   0.8974329067444E+00   0.3193434494962E-01   0.2784703410830E+00
   0.6060000000000E+01   0.3605097318984E+03  -0.1755034056110E+01   0.2405261450454E+02   0.1591096391505E-01   0.1182829964190E+00  -0.4719159297350E-01   0.1951325037543E+04  -0.3065051394059E+01  -0.7521359002666E+03  -0.3406830669065E+00   0.8972336240884E+00   0.3196641429965E-01   0.2790788778916E+00
   0.6070000000000E+01   0.3606756282391E+03  -0.1769177835852E+01   0.2407888857754E+02   0.1618675296483E-01   0.1182667855640E+00  -0.4726360007403E-01   0.1954471694499E+04  -0.3379671217059E+01  -0.7503864730999E+03  -0.3407079980554E+00   0.8970335127531E+00   0.3199920123197E-01   0.2796873042874E+00
   0.6080000000000E+01   0.3608418341158E+03  -0.1782830177309E+01   0.2410524547553E+02   0.1646175234749E-01   0.1182503133882E+00  -0.4733775067913E-01   0.1957617592060E+04  -0.3695627223708E+01  -0.7486324659302E+03  -0.3407339192445E+00   0.8968325737625E+00   0.3203271575997E-01   0.2802956225771E+00
   0.6090000000000E+01   0.3610083491855E+03  -0.1795984526531E+01   0.2413168448247E+02   0.1673577848131E-01   0.1182335798725E+00  -0.4741396299839E-01   0.1960762726841E+04  -0.4012921522827E+01  -0.7468738783248E+03  -0.3407608229167E+00   0.8966308084614E+00   0.3206696726500E-01   0.2809038349566E+00
   0.6100000000000E+01   0.3611751731034E+03  -0.1808634666762E+01   0.2415820487328E+02   0.1700864919847E-01   0.1182165851189E+00  -0.4749215428439E-01   0.1963907095447E+04  -0.4331556223357E+01  -0.7451107098479E+03  -0.3407887007955E+00   0.8964282185134E+00   0.3210196449217E-01   0.2815119435099E+00
   0.6110000000000E+01   0.3613423055230E+03  -0.1820774721175E+01   0.2418480591388E+02   0.1728018385265E-01   0.1181993293505E+00  -0.4757224088717E-01   0.1967050694475E+04  -0.4651533434227E+01  -0.7433429600607E+03  -0.3408175438944E+00   0.8962248058987E+00   0.3213771554666E-01   0.2821199502076E+00
   0.6120000000000E+01   0.3615097460955E+03  -0.1832399155384E+01   0.2421148686127E+02   0.1755020342547E-01   0.1181818129119E+00  -0.4765413830909E-01   0.1970193520512E+04  -0.4972855264214E+01  -0.7415706285210E+03  -0.3408473425269E+00   0.8960205729118E+00   0.3217422789038E-01   0.2827278569063E+00
   0.6130000000000E+01   0.3616774944699E+03  -0.1843502779744E+01   0.2423824696372E+02   0.1781853063177E-01   0.1181640362692E+00  -0.4773776126009E-01   0.1973335570135E+04  -0.5295523821818E+01  -0.7397937147836E+03  -0.3408780863166E+00   0.8958155221594E+00   0.3221150833906E-01   0.2833356653476E+00
   0.6140000000000E+01   0.3618455502927E+03  -0.1854080751439E+01   0.2426508546082E+02   0.1808499002355E-01   0.1181460000099E+00  -0.4782302371336E-01   0.1976476839915E+04  -0.5619541215131E+01  -0.7380122184003E+03  -0.3409097642074E+00   0.8956096565576E+00   0.3224956305980E-01   0.2839433771568E+00
   0.6150000000000E+01   0.3620139132082E+03  -0.1864128576351E+01   0.2429200158368E+02   0.1834940809262E-01   0.1181277048431E+00  -0.4790983896127E-01   0.1979617326410E+04  -0.5944909551716E+01  -0.7362261389194E+03  -0.3409423644752E+00   0.8954029793291E+00   0.3228839756902E-01   0.2845509938430E+00
   0.6160000000000E+01   0.3621825828578E+03  -0.1873642110713E+01   0.2431899455514E+02   0.1861161337185E-01   0.1181091515995E+00  -0.4799811967166E-01   0.1982757026169E+04  -0.6271630938487E+01  -0.7344354758862E+03  -0.3409758747386E+00   0.8951954940002E+00   0.3232801673083E-01   0.2851585167976E+00
   0.6170000000000E+01   0.3623515588802E+03  -0.1882617562545E+01   0.2434606358990E+02   0.1887143653490E-01   0.1180903412310E+00  -0.4808777794438E-01   0.1985895935735E+04  -0.6599707481587E+01  -0.7326402288428E+03  -0.3410102819709E+00   0.8949872043980E+00   0.3236842475584E-01   0.2857659472938E+00
   0.6180000000000E+01   0.3625208409110E+03  -0.1891051492871E+01   0.2437320789482E+02   0.1912871049455E-01   0.1180712748108E+00  -0.4817872536801E-01   0.1989034051636E+04  -0.6929141286279E+01  -0.7308403973280E+03  -0.3410455725121E+00   0.8947781146469E+00   0.3240962520038E-01   0.2863732864868E+00
   0.6190000000000E+01   0.3626904285830E+03  -0.1898940816714E+01   0.2440042666911E+02   0.1938327049933E-01   0.1180519535332E+00  -0.4827087307685E-01   0.1992171370396E+04  -0.7259934456834E+01  -0.7290359808773E+03  -0.3410817320818E+00   0.8945682291649E+00   0.3245162096618E-01   0.2869805354124E+00
   0.6200000000000E+01   0.3628603215259E+03  -0.1906282803874E+01   0.2442771910462E+02   0.1963495422861E-01   0.1180323787130E+00  -0.4836413180800E-01   0.1995307888526E+04  -0.7592089096425E+01  -0.7272269790233E+03  -0.3411187457912E+00   0.8943575526606E+00   0.3249441430040E-01   0.2875876949871E+00
   0.6210000000000E+01   0.3630305193660E+03  -0.1913075079491E+01   0.2445508438611E+02   0.1988360188593E-01   0.1180125517854E+00  -0.4845841195862E-01   0.1998443602529E+04  -0.7925607307023E+01  -0.7254133912950E+03  -0.3411565981571E+00   0.8941460901291E+00   0.3253800679622E-01   0.2881947660081E+00
   0.6220000000000E+01   0.3632010217263E+03  -0.1919315624375E+01   0.2448252169157E+02   0.2012905629062E-01   0.1179924743056E+00  -0.4855362364324E-01   0.2001578508898E+04  -0.8260491189296E+01  -0.7235952172185E+03  -0.3411952731146E+00   0.8939338468480E+00   0.3258239939367E-01   0.2888017491526E+00
   0.6230000000000E+01   0.3633718282264E+03  -0.1925002775128E+01   0.2451003019252E+02   0.2037116296762E-01   0.1179721479477E+00  -0.4864967675111E-01   0.2004712604115E+04  -0.8596742842518E+01  -0.7217724563166E+03  -0.3412347540317E+00   0.8937208283734E+00   0.3262759238109E-01   0.2894086449778E+00
   0.6240000000000E+01   0.3635429384826E+03  -0.1930135224041E+01   0.2453760905437E+02   0.2060977023540E-01   0.1179515745049E+00  -0.4874648100363E-01   0.2007845884656E+04  -0.8934364364469E+01  -0.7199451081087E+03  -0.3412750237228E+00   0.8935070405359E+00   0.3267358539681E-01   0.2900154539211E+00
   0.6250000000000E+01   0.3637143521074E+03  -0.1934712018768E+01   0.2456525743677E+02   0.2084472929203E-01   0.1179307558882E+00  -0.4884394601168E-01   0.2010978346984E+04  -0.9273357851356E+01  -0.7181131721115E+03  -0.3413160644633E+00   0.8932924894360E+00   0.3272037743141E-01   0.2906221763000E+00
   0.6260000000000E+01   0.3638860687097E+03  -0.1938732561790E+01   0.2459297449397E+02   0.2107589429923E-01   0.1179096941256E+00  -0.4894198133297E-01   0.2014109987554E+04  -0.9613725397717E+01  -0.7162766478380E+03  -0.3413578580045E+00   0.8930771814393E+00   0.3276796683034E-01   0.2912288123123E+00
   0.6270000000000E+01   0.3640580878949E+03  -0.1942196609647E+01   0.2462075937523E+02   0.2130312246446E-01   0.1178883913616E+00  -0.4904049652926E-01   0.2017240802810E+04  -0.9955469096351E+01  -0.7144355347985E+03  -0.3414003855883E+00   0.8928611231725E+00   0.3281635129689E-01   0.2918353620362E+00
   0.6280000000000E+01   0.3642304092645E+03  -0.1945104271962E+01   0.2464861122522E+02   0.2152627412090E-01   0.1178668498556E+00  -0.4913940122346E-01   0.2020370789188E+04  -0.1029859103823E+02  -0.7125898324999E+03  -0.3414436279627E+00   0.8926443215181E+00   0.3286552789572E-01   0.2924418254307E+00
   0.6290000000000E+01   0.3644030324162E+03  -0.1947456010244E+01   0.2467652918442E+02   0.2174521280534E-01   0.1178450719814E+00  -0.4923860515655E-01   0.2023499943113E+04  -0.1064309331244E+02  -0.7107395404461E+03  -0.3414875653971E+00   0.8924267836095E+00   0.3291549305665E-01   0.2930482023360E+00
   0.6300000000000E+01   0.3645759569442E+03  -0.1949252636469E+01   0.2470451238959E+02   0.2195980533394E-01   0.1178230602253E+00  -0.4933801824438E-01   0.2026628261001E+04  -0.1098897800610E+02  -0.7088846581380E+03  -0.3415321776983E+00   0.8922085168260E+00   0.3296624257898E-01   0.2936544924738E+00
   0.6310000000000E+01   0.3647491824385E+03  -0.1950495311455E+01   0.2473255997416E+02   0.2216992187572E-01   0.1178008171856E+00  -0.4943755063413E-01   0.2029755739258E+04  -0.1133624720428E+02  -0.7070251850734E+03  -0.3415774442262E+00   0.8919895287875E+00   0.3301777163613E-01   0.2942606954479E+00
   0.6320000000000E+01   0.3649227084855E+03  -0.1951185543016E+01   0.2476067106876E+02   0.2237543602389E-01   0.1177783455702E+00  -0.4953711276062E-01   0.2032882374280E+04  -0.1168490299000E+02  -0.7051611207471E+03  -0.3416233439106E+00   0.8917698273492E+00   0.3307007478074E-01   0.2948668107450E+00
   0.6330000000000E+01   0.3650965346678E+03  -0.1951325183901E+01   0.2478884480161E+02   0.2257622486479E-01   0.1177556481959E+00  -0.4963661540220E-01   0.2036008162454E+04  -0.1203494744408E+02  -0.7032924646509E+03  -0.3416698552668E+00   0.8915494205960E+00   0.3312314595011E-01   0.2954728377352E+00
   0.6340000000000E+01   0.3652706605639E+03  -0.1950916429524E+01   0.2481708029906E+02   0.2277216904460E-01   0.1177327279863E+00  -0.4973596973641E-01   0.2039133100157E+04  -0.1238638264519E+02  -0.7014192162738E+03  -0.3417169564129E+00   0.8913283168371E+00   0.3317697847211E-01   0.2960787756725E+00
   0.6350000000000E+01   0.3654450857489E+03  -0.1949961815489E+01   0.2484537668604E+02   0.2296315283360E-01   0.1177095879698E+00  -0.4983508739522E-01   0.2042257183755E+04  -0.1273921066970E+02  -0.6995413751018E+03  -0.3417646250866E+00   0.8911065245999E+00   0.3323156507141E-01   0.2966846236963E+00
   0.6360000000000E+01   0.3656198097936E+03  -0.1948464214891E+01   0.2487373308655E+02   0.2314906418804E-01   0.1176862312784E+00  -0.4993388051985E-01   0.2045380409606E+04  -0.1309343359170E+02  -0.6976589406181E+03  -0.3418128386617E+00   0.8908840526246E+00   0.3328689787614E-01   0.2972903808316E+00
   0.6370000000000E+01   0.3657948322653E+03  -0.1946426835429E+01   0.2490214862417E+02   0.2332979480961E-01   0.1176626611450E+00  -0.5003226181519E-01   0.2048502774057E+04  -0.1344905348295E+02  -0.6957719123032E+03  -0.3418615741661E+00   0.8906609098577E+00   0.3334296842490E-01   0.2978960459905E+00
   0.6380000000000E+01   0.3659701527276E+03  -0.1943853216299E+01   0.2493062242259E+02   0.2350524020233E-01   0.1176388809018E+00  -0.5013014460375E-01   0.2051624273446E+04  -0.1380607241282E+02  -0.6938802896346E+03  -0.3419108082983E+00   0.8904371054463E+00   0.3339976767420E-01   0.2985016179730E+00
   0.6390000000000E+01   0.3661457707402E+03  -0.1940747224891E+01   0.2495915360607E+02   0.2367529972703E-01   0.1176148939776E+00  -0.5022744287904E-01   0.2054744904100E+04  -0.1416449244827E+02  -0.6919840720874E+03  -0.3419605174454E+00   0.8902126487319E+00   0.3345728600617E-01   0.2991070954681E+00
   0.6400000000000E+01   0.3663216858592E+03  -0.1937113053284E+01   0.2498774129998E+02   0.2383987665319E-01   0.1175907038957E+00  -0.5032407135849E-01   0.2057864662338E+04  -0.1452431565382E+02  -0.6900832591340E+03  -0.3420106777006E+00   0.8899875492437E+00   0.3351551323677E-01   0.2997124770551E+00
   0.6410000000000E+01   0.3664978976372E+03  -0.1932955214543E+01   0.2501638463131E+02   0.2399887820825E-01   0.1175663142717E+00  -0.5041994553576E-01   0.2060983544467E+04  -0.1488554409151E+02  -0.6881778502441E+03  -0.3420612648809E+00   0.8897618166926E+00   0.3357443862422E-01   0.3003177612046E+00
   0.6420000000000E+01   0.3666744056231E+03  -0.1928278538822E+01   0.2504508272920E+02   0.2415221562431E-01   0.1175417288102E+00  -0.5051498173245E-01   0.2064101546787E+04  -0.1524817982091E+02  -0.6862678448850E+03  -0.3421122545450E+00   0.8895354609647E+00   0.3363405087793E-01   0.3009229462803E+00
   0.6430000000000E+01   0.3668512093624E+03  -0.1923088169266E+01   0.2507383472541E+02   0.2429980418213E-01   0.1175169513028E+00  -0.5060909714918E-01   0.2067218665585E+04  -0.1561222489907E+02  -0.6843532425215E+03  -0.3421636220112E+00   0.8893084921141E+00   0.3369433816761E-01   0.3015280305399E+00
   0.6440000000000E+01   0.3670283083971E+03  -0.1917389557735E+01   0.2510263975489E+02   0.2444156325259E-01   0.1174919856249E+00  -0.5070220991596E-01   0.2070334897141E+04  -0.1597768138053E+02  -0.6824340426161E+03  -0.3422153423754E+00   0.8890809203572E+00   0.3375528813288E-01   0.3021330121368E+00
   0.6450000000000E+01   0.3672057022659E+03  -0.1911188460325E+01   0.2513149695625E+02   0.2457741633528E-01   0.1174668357330E+00  -0.5079423914195E-01   0.2073450237723E+04  -0.1634455131727E+02  -0.6805102446288E+03  -0.3422673905290E+00   0.8888527560648E+00   0.3381688789313E-01   0.3027378891214E+00
   0.6460000000000E+01   0.3673833905044E+03  -0.1904490932721E+01   0.2516040547229E+02   0.2470729109459E-01   0.1174415056618E+00  -0.5088510496438E-01   0.2076564683591E+04  -0.1671283675878E+02  -0.6785818480176E+03  -0.3423197411776E+00   0.8886240097563E+00   0.3387912405771E-01   0.3033426594428E+00
   0.6470000000000E+01   0.3675613726450E+03  -0.1897303325352E+01   0.2518936445048E+02   0.2483111939287E-01   0.1174159995204E+00  -0.5097472859682E-01   0.2079678230993E+04  -0.1708253975197E+02  -0.6766488522381E+03  -0.3423723688586E+00   0.8883946920919E+00   0.3394198273647E-01   0.3039473209506E+00
   0.6480000000000E+01   0.3677396482169E+03  -0.1889632278380E+01   0.2521837304349E+02   0.2494883732096E-01   0.1173903214901E+00  -0.5106303237654E-01   0.2082790876171E+04  -0.1745366234124E+02  -0.6747112567439E+03  -0.3424252479598E+00   0.8881648138660E+00   0.3400544955056E-01   0.3045518713961E+00
   0.6490000000000E+01   0.3679182167464E+03  -0.1881484716508E+01   0.2524743040965E+02   0.2506038522594E-01   0.1173644758204E+00  -0.5114993981115E-01   0.2085902615352E+04  -0.1782620656845E+02  -0.6727690609867E+03  -0.3424783527374E+00   0.8879343860002E+00   0.3406950964365E-01   0.3051563084343E+00
   0.6500000000000E+01   0.3680970777572E+03  -0.1872867843614E+01   0.2527653571345E+02   0.2516570773601E-01   0.1173384668256E+00  -0.5123537562433E-01   0.2089013444758E+04  -0.1820017447294E+02  -0.6708222644161E+03  -0.3425316573345E+00   0.8877034195359E+00   0.3413414769330E-01   0.3057606296260E+00
   0.6510000000000E+01   0.3682762307699E+03  -0.1863789137222E+01   0.2530568812602E+02   0.2526475378268E-01   0.1173122988817E+00  -0.5131926580072E-01   0.2092123360599E+04  -0.1857556809155E+02  -0.6688708664798E+03  -0.3425851357991E+00   0.8874719256269E+00   0.3419934792272E-01   0.3063648324389E+00
   0.6520000000000E+01   0.3684556753029E+03  -0.1854256342809E+01   0.2533488682557E+02   0.2535747662009E-01   0.1172859764225E+00  -0.5140153762985E-01   0.2095232359076E+04  -0.1895238945863E+02  -0.6669148666238E+03  -0.3426387621025E+00   0.8872399155327E+00   0.3426509411278E-01   0.3069689142500E+00
   0.6530000000000E+01   0.3686354108717E+03  -0.1844277467941E+01   0.2536413099785E+02   0.2544383384149E-01   0.1172595039361E+00  -0.5148211974919E-01   0.2098340436378E+04  -0.1933064060605E+02  -0.6649542642926E+03  -0.3426925101575E+00   0.8870074006108E+00   0.3433136961432E-01   0.3075728723474E+00
   0.6540000000000E+01   0.3688154369897E+03  -0.1833860776267E+01   0.2539341983661E+02   0.2552378739294E-01   0.1172328859610E+00  -0.5156094218621E-01   0.2101447588688E+04  -0.1971032356328E+02  -0.6629890589288E+03  -0.3427463538365E+00   0.8867743923092E+00   0.3439815736066E-01   0.3081767039323E+00
   0.6550000000000E+01   0.3689957531681E+03  -0.1823014781346E+01   0.2542275254403E+02   0.2559730358415E-01   0.1172061270825E+00  -0.5163793639948E-01   0.2104553812177E+04  -0.2009144035733E+02  -0.6610192499736E+03  -0.3428002669897E+00   0.8865409021593E+00   0.3446543988047E-01   0.3087804061210E+00
   0.6560000000000E+01   0.3691763589159E+03  -0.1811748240336E+01   0.2545212833110E+02   0.2566435309645E-01   0.1171792319287E+00  -0.5171303531871E-01   0.2107659103006E+04  -0.2047399301286E+02  -0.6590448368669E+03  -0.3428542234630E+00   0.8863069417681E+00   0.3453319931077E-01   0.3093839759468E+00
   0.6570000000000E+01   0.3693572537401E+03  -0.1800070147529E+01   0.2548154641804E+02   0.2572491098795E-01   0.1171522051664E+00  -0.5178617338375E-01   0.2110763457328E+04  -0.2085798355218E+02  -0.6570658190472E+03  -0.3429081971161E+00   0.8860725228110E+00   0.3460141741024E-01   0.3099874103623E+00
   0.6580000000000E+01   0.3695384371459E+03  -0.1787989727754E+01   0.2551100603472E+02   0.2577895669586E-01   0.1171250514975E+00  -0.5185728658264E-01   0.2113866871285E+04  -0.2124341399532E+02  -0.6550821959517E+03  -0.3429621618404E+00   0.8858376570242E+00   0.3467007557280E-01   0.3105907062414E+00
   0.6590000000000E+01   0.3697199086369E+03  -0.1775516429637E+01   0.2554050642098E+02   0.2582647403592E-01   0.1170977756545E+00  -0.5192631248842E-01   0.2116969341011E+04  -0.2163028636002E+02  -0.6530939670165E+03  -0.3430160915767E+00   0.8856023561967E+00   0.3473915484128E-01   0.3111938603815E+00
   0.6600000000000E+01   0.3699016677150E+03  -0.1762659918733E+01   0.2557004682699E+02   0.2586745119902E-01   0.1170703823969E+00  -0.5199319029489E-01   0.2120070862627E+04  -0.2201860266184E+02  -0.6511011316768E+03  -0.3430699603328E+00   0.8853666321637E+00   0.3480863592143E-01   0.3117968695059E+00
   0.6610000000000E+01   0.3700837138808E+03  -0.1749430070528E+01   0.2559962651362E+02   0.2590188074497E-01   0.1170428765066E+00  -0.5205786085133E-01   0.2123171432248E+04  -0.2240836491416E+02  -0.6491036893668E+03  -0.3431237422014E+00   0.8851304967977E+00   0.3487849919606E-01   0.3123997302657E+00
   0.6620000000000E+01   0.3702660466337E+03  -0.1735836963324E+01   0.2562924475272E+02   0.2592975959345E-01   0.1170152627838E+00  -0.5212026669588E-01   0.2126271045979E+04  -0.2279957512827E+02  -0.6471016395199E+03  -0.3431774113771E+00   0.8848939620022E+00   0.3494872473939E-01   0.3130024392422E+00
   0.6630000000000E+01   0.3704486654718E+03  -0.1721890870997E+01   0.2565890082746E+02   0.2595108901210E-01   0.1169875460432E+00  -0.5218035208794E-01   0.2129369699912E+04  -0.2319223531343E+02  -0.6450949815687E+03  -0.3432309421737E+00   0.8846570397032E+00   0.3501929233158E-01   0.3136049929494E+00
   0.6640000000000E+01   0.3706315698923E+03  -0.1707602255654E+01   0.2568859403256E+02   0.2596587460183E-01   0.1169597311093E+00  -0.5223806303925E-01   0.2132467390135E+04  -0.2358634747688E+02  -0.6430837149453E+03  -0.3432843090418E+00   0.8844197418416E+00   0.3509018147344E-01   0.3142073878358E+00
   0.6650000000000E+01   0.3708147593916E+03  -0.1692981760168E+01   0.2571832367458E+02   0.2597412627932E-01   0.1169318228123E+00  -0.5229334734377E-01   0.2135564112722E+04  -0.2398191362397E+02  -0.6410678390812E+03  -0.3433374865850E+00   0.8841820803664E+00   0.3516137140131E-01   0.3148096202876E+00
   0.6660000000000E+01   0.3709982334654E+03  -0.1678040200620E+01   0.2574808907216E+02   0.2597585825671E-01   0.1169038259839E+00  -0.5234615460642E-01   0.2138659863740E+04  -0.2437893575819E+02  -0.6390473534078E+03  -0.3433904495773E+00   0.8839440672261E+00   0.3523284110203E-01   0.3154116866301E+00
   0.6670000000000E+01   0.3711819916087E+03  -0.1662788558642E+01   0.2577788955624E+02   0.2597108901853E-01   0.1168757454533E+00  -0.5239643627046E-01   0.2141754639244E+04  -0.2477741588126E+02  -0.6370222573558E+03  -0.3434431729791E+00   0.8837057143616E+00   0.3530456932814E-01   0.3160135831309E+00
   0.6680000000000E+01   0.3713660333164E+03  -0.1647237973659E+01   0.2580772447025E+02   0.2595984129584E-01   0.1168475860424E+00  -0.5244414564364E-01   0.2144848435284E+04  -0.2517735599318E+02  -0.6349925503561E+03  -0.3434956319543E+00   0.8834670336988E+00   0.3537653461312E-01   0.3166153060017E+00
   0.6690000000000E+01   0.3715503580829E+03  -0.1631399735053E+01   0.2583759317029E+02   0.2594214203773E-01   0.1168193525618E+00  -0.5248923792312E-01   0.2147941247896E+04  -0.2557875809232E+02  -0.6329582318394E+03  -0.3435478018857E+00   0.8832280371405E+00   0.3544871528684E-01   0.3172168514014E+00
   0.6700000000000E+01   0.3717349654024E+03  -0.1615285274236E+01   0.2586749502530E+02   0.2591802237996E-01   0.1167910498068E+00  -0.5253167021903E-01   0.2151033073109E+04  -0.2598162417553E+02  -0.6309193012363E+03  -0.3435996583913E+00   0.8829887365594E+00   0.3552108949106E-01   0.3178182154378E+00
   0.6710000000000E+01   0.3719198547693E+03  -0.1598906156652E+01   0.2589742941716E+02   0.2588751761102E-01   0.1167626825528E+00  -0.5257140157673E-01   0.2154123906943E+04  -0.2638595623817E+02  -0.6288757579780E+03  -0.3436511773400E+00   0.8827491437902E+00   0.3559363519502E-01   0.3184193941707E+00
   0.6720000000000E+01   0.3721050256781E+03  -0.1582274073701E+01   0.2592739574086E+02   0.2585066713545E-01   0.1167342555516E+00  -0.5260839299780E-01   0.2157213745409E+04  -0.2679175627422E+02  -0.6268276014957E+03  -0.3437023348669E+00   0.8825092706227E+00   0.3566633021115E-01   0.3190203836141E+00
   0.6730000000000E+01   0.3722904776234E+03  -0.1565400834598E+01   0.2595739340453E+02   0.2580751443456E-01   0.1167057735267E+00  -0.5264260745957E-01   0.2160302584506E+04  -0.2719902627639E+02  -0.6247748312210E+03  -0.3437531073889E+00   0.8822691287936E+00   0.3573915221086E-01   0.3196211797386E+00
   0.6740000000000E+01   0.3724762101004E+03  -0.1548298358177E+01   0.2598742182955E+02   0.2575810702451E-01   0.1166772411695E+00  -0.5267400993347E-01   0.2163390420226E+04  -0.2760776823618E+02  -0.6227174465863E+03  -0.3438034716191E+00   0.8820287299798E+00   0.3581207874033E-01   0.3202217784742E+00
   0.6750000000000E+01   0.3726622226047E+03  -0.1530978664625E+01   0.2601748045059E+02   0.2570249641180E-01   0.1166486631354E+00  -0.5270256740187E-01   0.2166477248554E+04  -0.2801798414398E+02  -0.6206554470245E+03  -0.3438534045818E+00   0.8817880857907E+00   0.3588508723648E-01   0.3208221757127E+00
   0.6760000000000E+01   0.3728485146326E+03  -0.1513453867179E+01   0.2604756871563E+02   0.2564073804621E-01   0.1166200440393E+00  -0.5272824887364E-01   0.2169563065460E+04  -0.2842967598918E+02  -0.6185888319692E+03  -0.3439028836268E+00   0.8815472077614E+00   0.3595815504283E-01   0.3214223673100E+00
   0.6770000000000E+01   0.3730350856812E+03  -0.1495736163774E+01   0.2607768608596E+02   0.2557289127122E-01   0.1165913884523E+00  -0.5275102539831E-01   0.2172647866912E+04  -0.2884284576025E+02  -0.6165176008551E+03  -0.3439518864435E+00   0.8813061073449E+00   0.3603125942551E-01   0.3220223490889E+00
   0.6780000000000E+01   0.3732219352482E+03  -0.1477837828644E+01   0.2610783203617E+02   0.2549901927197E-01   0.1165627008972E+00  -0.5277087007879E-01   0.2175731648863E+04  -0.2925749544488E+02  -0.6144417531179E+03  -0.3440003910749E+00   0.8810647959054E+00   0.3610437758923E-01   0.3226221168417E+00
   0.6790000000000E+01   0.3734090628326E+03  -0.1459771203901E+01   0.2613800605413E+02   0.2541918902071E-01   0.1165339858452E+00  -0.5278775808282E-01   0.2178814407260E+04  -0.2967362703001E+02  -0.6123612881944E+03  -0.3440483759307E+00   0.8808232847111E+00   0.3617748669330E-01   0.3232216663325E+00
   0.6800000000000E+01   0.3735964679343E+03  -0.1441548691078E+01   0.2616820764089E+02   0.2533347121985E-01   0.1165052477119E+00  -0.5280166665286E-01   0.2181896138040E+04  -0.3009124250202E+02  -0.6102762055227E+03  -0.3440958198009E+00   0.8805815849273E+00   0.3625056386760E-01   0.3238209932998E+00
   0.6810000000000E+01   0.3737841500546E+03  -0.1423182742653E+01   0.2619843631064E+02   0.2524194024274E-01   0.1164764908535E+00  -0.5281257511473E-01   0.2184976837134E+04  -0.3051034384678E+02  -0.6081865045423E+03  -0.3441427018684E+00   0.8803397076096E+00   0.3632358622857E-01   0.3244200934591E+00
   0.6820000000000E+01   0.3739721086957E+03  -0.1404685853552E+01   0.2622869159060E+02   0.2514467407193E-01   0.1164477195638E+00  -0.5282046488472E-01   0.2188056500459E+04  -0.3093093304978E+02  -0.6060921846944E+03  -0.3441890017217E+00   0.8800976636967E+00   0.3639653089517E-01   0.3250189625056E+00
   0.6830000000000E+01   0.3741603433615E+03  -0.1386070552647E+01   0.2625897302087E+02   0.2504175423531E-01   0.1164189380702E+00  -0.5282531947538E-01   0.2191135123927E+04  -0.3135301209623E+02  -0.6039932454217E+03  -0.3442346993668E+00   0.8798554640042E+00   0.3646937500484E-01   0.3256175961164E+00
   0.6840000000000E+01   0.3743488535572E+03  -0.1367349394243E+01   0.2628928015435E+02   0.2493326573995E-01   0.1163901505305E+00  -0.5282712449980E-01   0.2194212703440E+04  -0.3177658297119E+02  -0.6018896861687E+03  -0.3442797752394E+00   0.8796131192175E+00   0.3654209572931E-01   0.3262159899534E+00
   0.6850000000000E+01   0.3745376387896E+03  -0.1348534949566E+01   0.2631961255653E+02   0.2481929700369E-01   0.1163613610299E+00  -0.5282586767456E-01   0.2197289234892E+04  -0.3220164765968E+02  -0.5997815063819E+03  -0.3443242102164E+00   0.8793706398858E+00   0.3661467029046E-01   0.3268141396654E+00
   0.6860000000000E+01   0.3747266985671E+03  -0.1329639798260E+01   0.2634996980535E+02   0.2469993978466E-01   0.1163325735775E+00  -0.5282153882122E-01   0.2200364714167E+04  -0.3262820814679E+02  -0.5976687055100E+03  -0.3443679856266E+00   0.8791280364153E+00   0.3668707597610E-01   0.3274120408910E+00
   0.6870000000000E+01   0.3749160323996E+03  -0.1310676519895E+01   0.2638035149097E+02   0.2457528910865E-01   0.1163037921034E+00  -0.5281412986640E-01   0.2203439137142E+04  -0.3305626641779E+02  -0.5955512830035E+03  -0.3444110832621E+00   0.8788853190629E+00   0.3675929015558E-01   0.3280096892612E+00
   0.6880000000000E+01   0.3751056397991E+03  -0.1291657685485E+01   0.2641075721562E+02   0.2444544319445E-01   0.1162750204558E+00  -0.5280363484043E-01   0.2206512499684E+04  -0.3348582445826E+02  -0.5934292383157E+03  -0.3444534853881E+00   0.8786424979303E+00   0.3683129029543E-01   0.3286070804015E+00
   0.6890000000000E+01   0.3752955202789E+03  -0.1272595849040E+01   0.2644118659330E+02   0.2431050337719E-01   0.1162462623985E+00  -0.5279004987462E-01   0.2209584797652E+04  -0.3391688425422E+02  -0.5913025709019E+03  -0.3444951747533E+00   0.8783995829578E+00   0.3690305397480E-01   0.3292042099346E+00
   0.6900000000000E+01   0.3754856733546E+03  -0.1253503539141E+01   0.2647163924961E+02   0.2417057402972E-01   0.1162175216075E+00  -0.5277337319708E-01   0.2212656026897E+04  -0.3434944779223E+02  -0.5891712802203E+03  -0.3445361345996E+00   0.8781565839181E+00   0.3697455890086E-01   0.3298010734829E+00
   0.6910000000000E+01   0.3756760985435E+03  -0.1234393250545E+01   0.2650211482143E+02   0.2402576248209E-01   0.1161888016694E+00  -0.5275360512717E-01   0.2215726183261E+04  -0.3478351705952E+02  -0.5870353657317E+03  -0.3445763486710E+00   0.8779135104110E+00   0.3704578292402E-01   0.3303976666713E+00
   0.6920000000000E+01   0.3758667953647E+03  -0.1215277435837E+01   0.2653261295672E+02   0.2387617893928E-01   0.1161601060783E+00  -0.5273074806852E-01   0.2218795262577E+04  -0.3521909404413E+02  -0.5848948268996E+03  -0.3446158012229E+00   0.8776703718573E+00   0.3711670405307E-01   0.3309939851290E+00
   0.6930000000000E+01   0.3760577633395E+03  -0.1196168497127E+01   0.2656313331415E+02   0.2372193639700E-01   0.1161314382339E+00  -0.5270480650068E-01   0.2221863260672E+04  -0.3565618073501E+02  -0.5827496631908E+03  -0.3446544770302E+00   0.8774271774933E+00   0.3718730047012E-01   0.3315900244924E+00
   0.6940000000000E+01   0.3762490019911E+03  -0.1177078777791E+01   0.2659367556290E+02   0.2356315055592E-01   0.1161028014391E+00  -0.5267578696935E-01   0.2224930173361E+04  -0.3609477912214E+02  -0.5805998740749E+03  -0.3446923613955E+00   0.8771839363657E+00   0.3725755054546E-01   0.3321857804076E+00
   0.6950000000000E+01   0.3764405108446E+03  -0.1158020554276E+01   0.2662423938228E+02   0.2339993973415E-01   0.1160741988985E+00  -0.5264369807528E-01   0.2227995996454E+04  -0.3653489119670E+02  -0.5784454590249E+03  -0.3447294401569E+00   0.8769406573258E+00   0.3732743285216E-01   0.3327812485324E+00
   0.6960000000000E+01   0.3766322894272E+03  -0.1139006027964E+01   0.2665482446143E+02   0.2323242477816E-01   0.1160456337162E+00  -0.5260855046174E-01   0.2231060725753E+04  -0.3697651895113E+02  -0.5762864175171E+03  -0.3447656996950E+00   0.8766973490250E+00   0.3739692618055E-01   0.3333764245393E+00
   0.6970000000000E+01   0.3768243372681E+03  -0.1120047317103E+01   0.2668543049903E+02   0.2306072897213E-01   0.1160171088941E+00  -0.5257035680065E-01   0.2234124357048E+04  -0.3741966437932E+02  -0.5741227490313E+03  -0.3448011269400E+00   0.8764540199094E+00   0.3746600955255E-01   0.3339713041172E+00
   0.6980000000000E+01   0.3770166538987E+03  -0.1101156448813E+01   0.2671605720291E+02   0.2288497794588E-01   0.1159886273307E+00  -0.5252913177742E-01   0.2237186886126E+04  -0.3786432947669E+02  -0.5719544530510E+03  -0.3448357093778E+00   0.8762106782151E+00   0.3753466223573E-01   0.3345658829745E+00
   0.6990000000000E+01   0.3772092388523E+03  -0.1082345351167E+01   0.2674670428974E+02   0.2270529958132E-01   0.1159601918192E+00  -0.5248489207434E-01   0.2240248308761E+04  -0.3831051624035E+02  -0.5697815290632E+03  -0.3448694350565E+00   0.8759673319637E+00   0.3760286375720E-01   0.3351601568408E+00
   0.7000000000000E+01   0.3774020916642E+03  -0.1063625845361E+01   0.2677737148468E+02   0.2252182391758E-01   0.1159318050471E+00  -0.5243765635271E-01   0.2243308620724E+04  -0.3875822666920E+02  -0.5676039765592E+03  -0.3449022925913E+00   0.8757239889574E+00   0.3767059391728E-01   0.3357541214695E+00
   0.7010000000000E+01   0.3775952118717E+03  -0.1045009637965E+01   0.2680805852100E+02   0.2233468305494E-01   0.1159034695943E+00  -0.5238744523367E-01   0.2246367817775E+04  -0.3920746276407E+02  -0.5654217950339E+03  -0.3449342711702E+00   0.8754806567752E+00   0.3773783280298E-01   0.3363477726402E+00
   0.7020000000000E+01   0.3777885990142E+03  -0.1026508313278E+01   0.2683876513974E+02   0.2214401105740E-01   0.1158751879325E+00  -0.5233428127772E-01   0.2249425895665E+04  -0.3965822652784E+02  -0.5632349839866E+03  -0.3449653605586E+00   0.8752373427684E+00   0.3780456080117E-01   0.3369411061609E+00
   0.7030000000000E+01   0.3779822526331E+03  -0.1008133325772E+01   0.2686949108934E+02   0.2194994385420E-01   0.1158469624246E+00  -0.5227818896289E-01   0.2252482850141E+04  -0.4011051996557E+02  -0.5610435429208E+03  -0.3449955511034E+00   0.8749940540567E+00   0.3787075861159E-01   0.3375341178702E+00
   0.7040000000000E+01   0.3781761722715E+03  -0.9898959926504E+00   0.2690023612526E+02   0.2175261914026E-01   0.1158187953240E+00  -0.5221919466174E-01   0.2255538676940E+04  -0.4056434508465E+02  -0.5588474713444E+03  -0.3450248337372E+00   0.8747507975244E+00   0.3793640725953E-01   0.3381268036393E+00
   0.7050000000000E+01   0.3783703574746E+03  -0.9718074865052E+00   0.2693100000963E+02   0.2155217627559E-01   0.1157906887741E+00  -0.5215732661709E-01   0.2258593371790E+04  -0.4101970389486E+02  -0.5566467687698E+03  -0.3450531999812E+00   0.8745075798166E+00   0.3800148810835E-01   0.3387191593748E+00
   0.7060000000000E+01   0.3785648077896E+03  -0.9538788280985E+00   0.2696178251085E+02   0.2134875618374E-01   0.1157626448079E+00  -0.5209261491643E-01   0.2261646930415E+04  -0.4147659840857E+02  -0.5544414347141E+03  -0.3450806419489E+00   0.8742644073361E+00   0.3806598287159E-01   0.3393111810204E+00
   0.7070000000000E+01   0.3787595227651E+03  -0.9361208792569E+00   0.2699258340325E+02   0.2114250124945E-01   0.1157346653482E+00  -0.5202509146525E-01   0.2264699348528E+04  -0.4193503064081E+02  -0.5522314686991E+03  -0.3451071523481E+00   0.8740212862396E+00   0.3812987362493E-01   0.3399028645592E+00
   0.7080000000000E+01   0.3789545019520E+03  -0.9185443358915E+00   0.2702340246670E+02   0.2093355521543E-01   0.1157067522072E+00  -0.5195478995905E-01   0.2267750621837E+04  -0.4239500260943E+02  -0.5500168702516E+03  -0.3451327244835E+00   0.8737782224352E+00   0.3819314281781E-01   0.3404942060157E+00
   0.7090000000000E+01   0.3791497449025E+03  -0.9011597211470E+00   0.2705423948623E+02   0.2072206307844E-01   0.1156789070870E+00  -0.5188174585428E-01   0.2270800746039E+04  -0.4285651633520E+02  -0.5477976389033E+03  -0.3451573522578E+00   0.8735352215790E+00   0.3825577328476E-01   0.3410852014582E+00
   0.7100000000000E+01   0.3793452511706E+03  -0.8839773786840E+00   0.2708509425169E+02   0.2050817098477E-01   0.1156511315797E+00  -0.5180599633806E-01   0.2273849716829E+04  -0.4331957384193E+02  -0.5455737741911E+03  -0.3451810301737E+00   0.8732922890725E+00   0.3831774825638E-01   0.3416758470003E+00
   0.7110000000000E+01   0.3795410203121E+03  -0.8670074660983E+00   0.2711596655736E+02   0.2029202612502E-01   0.1156234271680E+00  -0.5172758029681E-01   0.2276897529889E+04  -0.4378417715660E+02  -0.5433452756572E+03  -0.3452037533341E+00   0.8730494300602E+00   0.3837905137013E-01   0.3422661388036E+00
   0.7120000000000E+01   0.3797370518840E+03  -0.8502599484831E+00   0.2714685620162E+02   0.2007377662852E-01   0.1155957952257E+00  -0.5164653828370E-01   0.2279944180898E+04  -0.4425032830948E+02  -0.5411121428493E+03  -0.3452255174430E+00   0.8728066494272E+00   0.3843966668066E-01   0.3428560730792E+00
   0.7130000000000E+01   0.3799333454450E+03  -0.8337445921378E+00   0.2717776298657E+02   0.1985357145720E-01   0.1155682370185E+00  -0.5156291248514E-01   0.2282989665525E+04  -0.4471802933425E+02  -0.5388743753203E+03  -0.3452463188051E+00   0.8725639517970E+00   0.3849957866994E-01   0.3434456460900E+00
   0.7140000000000E+01   0.3801299005552E+03  -0.8174709584271E+00   0.2720868671769E+02   0.1963156029913E-01   0.1155407537048E+00  -0.5147674668609E-01   0.2286033979433E+04  -0.4518728226810E+02  -0.5366319726291E+03  -0.3452661543255E+00   0.8723213415295E+00   0.3855877225694E-01   0.3440348541523E+00
   0.7150000000000E+01   0.3803267167760E+03  -0.8014483977955E+00   0.2723962720350E+02   0.1940789346184E-01   0.1155133463368E+00  -0.5138808623439E-01   0.2289077118278E+04  -0.4565808915186E+02  -0.5343849343400E+03  -0.3452850215090E+00   0.8720788227192E+00   0.3861723280709E-01   0.3446236936378E+00
   0.7160000000000E+01   0.3805237936699E+03  -0.7856860439403E+00   0.2727058425525E+02   0.1918272176533E-01   0.1154860158617E+00  -0.5129697800410E-01   0.2292119077709E+04  -0.4613045203012E+02  -0.5321332600233E+03  -0.3453029184586E+00   0.8718363991939E+00   0.3867494614130E-01   0.3452121609757E+00
   0.7170000000000E+01   0.3807211308007E+03  -0.7701928081475E+00   0.2730155768654E+02   0.1895619643500E-01   0.1154587631229E+00  -0.5120347035779E-01   0.2295159853368E+04  -0.4660437295131E+02  -0.5298769492554E+03  -0.3453198438736E+00   0.8715940745132E+00   0.3873189854468E-01   0.3458002526543E+00
   0.7180000000000E+01   0.3809187277335E+03  -0.7549773737949E+00   0.2733254731307E+02   0.1872846899453E-01   0.1154315888615E+00  -0.5110761310794E-01   0.2298199440888E+04  -0.4707985396785E+02  -0.5276160016188E+03  -0.3453357970480E+00   0.8713518519669E+00   0.3878807677487E-01   0.3463879652227E+00
   0.7190000000000E+01   0.3811165840340E+03  -0.7400481910250E+00   0.2736355295228E+02   0.1849969115869E-01   0.1154044937175E+00  -0.5100945747738E-01   0.2301237835898E+04  -0.4755689713623E+02  -0.5253504167018E+03  -0.3453507778675E+00   0.8711097345748E+00   0.3884346807007E-01   0.3469752952929E+00
   0.7200000000000E+01   0.3813146992691E+03  -0.7254134715918E+00   0.2739457442310E+02   0.1827001472639E-01   0.1153774782320E+00  -0.5090905605885E-01   0.2304275034018E+04  -0.4803550451713E+02  -0.5230801940996E+03  -0.3453647868066E+00   0.8708677250853E+00   0.3889806015660E-01   0.3475622395412E+00
   0.7210000000000E+01   0.3815130730064E+03  -0.7110811838852E+00   0.2742561154564E+02   0.1803959147371E-01   0.1153505428486E+00  -0.5080646277363E-01   0.2307311030864E+04  -0.4851567817550E+02  -0.5208053334134E+03  -0.3453778249253E+00   0.8706258259751E+00   0.3895184125618E-01   0.3481487947098E+00
   0.7220000000000E+01   0.3817117048144E+03  -0.6970590481362E+00   0.2745666414090E+02   0.1780857304730E-01   0.1153236879153E+00  -0.5070173282942E-01   0.2310345822041E+04  -0.4899742018072E+02  -0.5185258342511E+03  -0.3453898938653E+00   0.8703840394487E+00   0.3900480009277E-01   0.3487349576087E+00
   0.7230000000000E+01   0.3819105942621E+03  -0.6833545318060E+00   0.2748773203057E+02   0.1757711085806E-01   0.1152969136866E+00  -0.5059492267737E-01   0.2313379403151E+04  -0.4948073260663E+02  -0.5162416962273E+03  -0.3454009958458E+00   0.8701423674385E+00   0.3905692589910E-01   0.3493207251174E+00
   0.7240000000000E+01   0.3821097409192E+03  -0.6699748451613E+00   0.2751881503674E+02   0.1734535597515E-01   0.1152702203254E+00  -0.5048608996827E-01   0.2316411769788E+04  -0.4996561753166E+02  -0.5139529189631E+03  -0.3454111336590E+00   0.8699008116043E+00   0.3910820842268E-01   0.3499060941860E+00
   0.7250000000000E+01   0.3823091443558E+03  -0.6569269370411E+00   0.2754991298165E+02   0.1711345902053E-01   0.1152436079054E+00  -0.5037529350809E-01   0.2319442917540E+04  -0.5045207703894E+02  -0.5116595020867E+03  -0.3454203106650E+00   0.8696593733341E+00   0.3915863793159E-01   0.3504910618370E+00
   0.7260000000000E+01   0.3825088041424E+03  -0.6442174908147E+00   0.2758102568753E+02   0.1688157006401E-01   0.1152170764132E+00  -0.5026259321274E-01   0.2322472841986E+04  -0.5094011321638E+02  -0.5093614452332E+03  -0.3454285307864E+00   0.8694180537440E+00   0.3920820521973E-01   0.3510756251667E+00
   0.7270000000000E+01   0.3827087198498E+03  -0.6318529205362E+00   0.2761215297635E+02   0.1664983851889E-01   0.1151906257506E+00  -0.5014805006216E-01   0.2325501538703E+04  -0.5142972815673E+02  -0.5070587480447E+03  -0.3454357985028E+00   0.8691768536792E+00   0.3925690161175E-01   0.3516597813468E+00
   0.7280000000000E+01   0.3829088910491E+03  -0.6198393672964E+00   0.2764329466963E+02   0.1641841303829E-01   0.1151642557373E+00  -0.5003172605379E-01   0.2328529003257E+04  -0.5192092395773E+02  -0.5047514101705E+03  -0.3454421188444E+00   0.8689357737147E+00   0.3930471896757E-01   0.3522435276254E+00
   0.7290000000000E+01   0.3831093173114E+03  -0.6081826957754E+00   0.2767445058830E+02   0.1618744141224E-01   0.1151379661130E+00  -0.4991368415536E-01   0.2331555231211E+04  -0.5241370272213E+02  -0.5024394312671E+03  -0.3454474973857E+00   0.8686948141562E+00   0.3935164968643E-01   0.3528268613287E+00
   0.7300000000000E+01   0.3833099982079E+03  -0.5968884909980E+00   0.2770562055249E+02   0.1595707046559E-01   0.1151117565404E+00  -0.4979398825714E-01   0.2334580218119E+04  -0.5290806655783E+02  -0.5001228109984E+03  -0.3454519402386E+00   0.8684539750413E+00   0.3939768671066E-01   0.3534097798622E+00
   0.7310000000000E+01   0.3835109333097E+03  -0.5859620552937E+00   0.2773680438142E+02   0.1572744595681E-01   0.1150856266074E+00  -0.4967270312363E-01   0.2337603959531E+04  -0.5340401757792E+02  -0.4978015490356E+03  -0.3454554540452E+00   0.8682132561411E+00   0.3944282352889E-01   0.3539922807116E+00
   0.7320000000000E+01   0.3837121221880E+03  -0.5754084054630E+00   0.2776800189328E+02   0.1549871247779E-01   0.1150595758302E+00  -0.4954989434476E-01   0.2340626450990E+04  -0.5390155790077E+02  -0.4954756450576E+03  -0.3454580459699E+00   0.8679726569617E+00   0.3948705417899E-01   0.3545743614445E+00
   0.7330000000000E+01   0.3839135644134E+03  -0.5652322701537E+00   0.2779921290508E+02   0.1527101335459E-01   0.1150336036558E+00  -0.4942562828655E-01   0.2343647688033E+04  -0.5440068965012E+02  -0.4931450987508E+03  -0.3454597236921E+00   0.8677321767458E+00   0.3953037325049E-01   0.3551560197115E+00
   0.7340000000000E+01   0.3841152595565E+03  -0.5554380874462E+00   0.2783043723257E+02   0.1504449054942E-01   0.1150077094647E+00  -0.4929997204137E-01   0.2346667666189E+04  -0.5490141495511E+02  -0.4908099098094E+03  -0.3454604953975E+00   0.8674918144748E+00   0.3957277588662E-01   0.3557372532467E+00
   0.7350000000000E+01   0.3843172071873E+03  -0.5460300026509E+00   0.2786167469016E+02   0.1481928456368E-01   0.1149818925741E+00  -0.4917299337778E-01   0.2349686380984E+04  -0.5540373595040E+02  -0.4884700779353E+03  -0.3454603697696E+00   0.8672515688712E+00   0.3961425778600E-01   0.3563180598696E+00
   0.7360000000000E+01   0.3845194068757E+03  -0.5370118663199E+00   0.2789292509085E+02   0.1459553434235E-01   0.1149561522404E+00  -0.4904476069002E-01   0.2352703827936E+04  -0.5590765477620E+02  -0.4861256028384E+03  -0.3454593559809E+00   0.8670114384003E+00   0.3965481520376E-01   0.3568984374853E+00
   0.7370000000000E+01   0.3847218581906E+03  -0.5283872324717E+00   0.2792418824619E+02   0.1437337717957E-01   0.1149304876621E+00  -0.4891534294710E-01   0.2355720002557E+04  -0.5641317357834E+02  -0.4837764842363E+03  -0.3454574636836E+00   0.8667714212734E+00   0.3969444495244E-01   0.3574783840862E+00
   0.7380000000000E+01   0.3849245607007E+03  -0.5201593570326E+00   0.2795546396622E+02   0.1415294862573E-01   0.1149048979832E+00  -0.4878480964168E-01   0.2358734900354E+04  -0.5692029450834E+02  -0.4814227218549E+03  -0.3454547029998E+00   0.8665315154502E+00   0.3973314440229E-01   0.3580578977523E+00
   0.7390000000000E+01   0.3851275139738E+03  -0.5123311964943E+00   0.2798675205947E+02   0.1393438239590E-01   0.1148793822954E+00  -0.4865323073858E-01   0.2361748516827E+04  -0.5742901972345E+02  -0.4790643154281E+03  -0.3454510845124E+00   0.8662917186415E+00   0.3977091148130E-01   0.3586369766522E+00
   0.7400000000000E+01   0.3853307175770E+03  -0.5049054067885E+00   0.2801805233297E+02   0.1371781027980E-01   0.1148539396416E+00  -0.4852067662317E-01   0.2364760847472E+04  -0.5793935138673E+02  -0.4767012646980E+03  -0.3454466192540E+00   0.8660520283127E+00   0.3980774467470E-01   0.3592156190442E+00
   0.7410000000000E+01   0.3855341710767E+03  -0.4978843423802E+00   0.2804936459222E+02   0.1350336205337E-01   0.1148285690187E+00  -0.4838721804950E-01   0.2367771887777E+04  -0.5845129166705E+02  -0.4743335694148E+03  -0.3454413186973E+00   0.8658124416865E+00   0.3984364302413E-01   0.3597938232768E+00
   0.7420000000000E+01   0.3857378740383E+03  -0.4912700555785E+00   0.2808068864123E+02   0.1329116539193E-01   0.1148032693805E+00  -0.4825292608829E-01   0.2370781633225E+04  -0.5896484273920E+02  -0.4719612293373E+03  -0.3454351947439E+00   0.8655729557467E+00   0.3987860612633E-01   0.3603715877891E+00
   0.7430000000000E+01   0.3859418260264E+03  -0.4850642960670E+00   0.2811202428260E+02   0.1308134578504E-01   0.1147780396408E+00  -0.4811787207485E-01   0.2373790079294E+04  -0.5948000678388E+02  -0.4695842442324E+03  -0.3454282597135E+00   0.8653335672415E+00   0.3991263413149E-01   0.3609489111121E+00
   0.7440000000000E+01   0.3861460266046E+03  -0.4792685106526E+00   0.2814337131751E+02   0.1287402645315E-01   0.1147528786760E+00  -0.4798212755683E-01   0.2376797221456E+04  -0.5999678598777E+02  -0.4672026138758E+03  -0.3454205263328E+00   0.8650942726876E+00   0.3994572774112E-01   0.3615257918688E+00
   0.7450000000000E+01   0.3863504753354E+03  -0.4738838432332E+00   0.2817472954583E+02   0.1266932826601E-01   0.1147277853286E+00  -0.4784576424204E-01   0.2379803055177E+04  -0.6051518254357E+02  -0.4648163380515E+03  -0.3454120077238E+00   0.8648550683734E+00   0.3997788820554E-01   0.3621022287747E+00
   0.7460000000000E+01   0.3865551717803E+03  -0.4689111349844E+00   0.2820609876620E+02   0.1246736966300E-01   0.1147027584095E+00  -0.4770885394620E-01   0.2382807575917E+04  -0.6103519865000E+02  -0.4624254165519E+03  -0.3454027173924E+00   0.8646159503639E+00   0.4000911732099E-01   0.3626782206385E+00
   0.7470000000000E+01   0.3867601154998E+03  -0.4643509247645E+00   0.2823747877611E+02   0.1226826657534E-01   0.1146777967013E+00  -0.4757146854073E-01   0.2385810779130E+04  -0.6155683651187E+02  -0.4600298491785E+03  -0.3453926692159E+00   0.8643769145040E+00   0.4003941742627E-01   0.3632537663625E+00
   0.7480000000000E+01   0.3869653060530E+03  -0.4602034497372E+00   0.2826886937199E+02   0.1207213235029E-01   0.1146528989611E+00  -0.4743367990063E-01   0.2388812660268E+04  -0.6208009834008E+02  -0.4576296357411E+03  -0.3453818774316E+00   0.8641379564237E+00   0.4006879139908E-01   0.3638288649428E+00
   0.7490000000000E+01   0.3871707429980E+03  -0.4564686462126E+00   0.2830027034938E+02   0.1187907767745E-01   0.1146280639232E+00  -0.4729555985248E-01   0.2391813214773E+04  -0.6260498635165E+02  -0.4552247760584E+03  -0.3453703566237E+00   0.8638990715417E+00   0.4009724265185E-01   0.3644035154697E+00
   0.7500000000000E+01   0.3873764258917E+03  -0.4531461507031E+00   0.2833168150301E+02   0.1168921051702E-01   0.1146032903021E+00  -0.4715718012254E-01   0.2394812438083E+04  -0.6313150276976E+02  -0.4528152699579E+03  -0.3453581217112E+00   0.8636602550709E+00   0.4012477512728E-01   0.3649777171279E+00
   0.7510000000000E+01   0.3875823542898E+03  -0.4502353011965E+00   0.2836310262697E+02   0.1150263603032E-01   0.1145785767949E+00  -0.4701861228512E-01   0.2397810325633E+04  -0.6365964982372E+02  -0.4504011172759E+03  -0.3453451879350E+00   0.8634215020226E+00   0.4015139329339E-01   0.3655514691967E+00
   0.7520000000000E+01   0.3877885277465E+03  -0.4477351386427E+00   0.2839453351484E+02   0.1131945651239E-01   0.1145539220845E+00  -0.4687992771110E-01   0.2400806872848E+04  -0.6418942974905E+02  -0.4479823178577E+03  -0.3453315708446E+00   0.8631828072113E+00   0.4017710213830E-01   0.3661247710501E+00
   0.7530000000000E+01   0.3879949458149E+03  -0.4456444086541E+00   0.2842597395987E+02   0.1113977132693E-01   0.1145293248417E+00  -0.4674119751669E-01   0.2403802075152E+04  -0.6472084478743E+02  -0.4455588715574E+03  -0.3453172862857E+00   0.8629441652604E+00   0.4020190716452E-01   0.3666976221570E+00
   0.7540000000000E+01   0.3882016080469E+03  -0.4439615634169E+00   0.2845742375514E+02   0.1096367684341E-01   0.1145047837285E+00  -0.4660249251263E-01   0.2406795927960E+04  -0.6525389718673E+02  -0.4431307782382E+03  -0.3453023503863E+00   0.8627055706065E+00   0.4022581438295E-01   0.3672700220810E+00
   0.7550000000000E+01   0.3884085139929E+03  -0.4426847638143E+00   0.2848888269374E+02   0.1079126637658E-01   0.1144802974000E+00  -0.4646388315352E-01   0.2409788426685E+04  -0.6578858920101E+02  -0.4406980377722E+03  -0.3452867795432E+00   0.8624670175054E+00   0.4024883030642E-01   0.3678419704805E+00
   0.7560000000000E+01   0.3886156632022E+03  -0.4418118817565E+00   0.2852035056894E+02   0.1062263012831E-01   0.1144558645071E+00  -0.4632543948771E-01   0.2412779566733E+04  -0.6632492309054E+02  -0.4382606500405E+03  -0.3452705904091E+00   0.8622285000369E+00   0.4027096194298E-01   0.3684134671084E+00
   0.7570000000000E+01   0.3888230552226E+03  -0.4413405027184E+00   0.2855182717440E+02   0.1045785513181E-01   0.1144314836991E+00  -0.4618723110747E-01   0.2415769343504E+04  -0.6686290112176E+02  -0.4358186149335E+03  -0.3452537998780E+00   0.8619900121108E+00   0.4029221678873E-01   0.3689845118122E+00
   0.7580000000000E+01   0.3890306896007E+03  -0.4412679284817E+00   0.2858331230438E+02   0.1029702519839E-01   0.1144071536261E+00  -0.4604932709965E-01   0.2418757752394E+04  -0.6740252556731E+02  -0.4333719323506E+03  -0.3452364250722E+00   0.8617515474720E+00   0.4031260282035E-01   0.3695551045336E+00
   0.7590000000000E+01   0.3892385658817E+03  -0.4415911800790E+00   0.2861480575390E+02   0.1014022086655E-01   0.1143828729410E+00  -0.4591179599683E-01   0.2421744788792E+04  -0.6794379870597E+02  -0.4309206022003E+03  -0.3452184833277E+00   0.8615130997066E+00   0.4033212848727E-01   0.3701252453083E+00
   0.7600000000000E+01   0.3894466836098E+03  -0.4423070009387E+00   0.2864630731900E+02   0.9987519353740E-02   0.1143586403018E+00  -0.4577470572897E-01   0.2424730448085E+04  -0.6848672282272E+02  -0.4284646244003E+03  -0.3451999921805E+00   0.8612746622476E+00   0.4035080270348E-01   0.3706949342654E+00
   0.7610000000000E+01   0.3896550423275E+03  -0.4434118602268E+00   0.2867781679690E+02   0.9838994510559E-02   0.1143344543741E+00  -0.4563812357560E-01   0.2427714725652E+04  -0.6903130020866E+02  -0.4260039988774E+03  -0.3451809693524E+00   0.8610362283807E+00   0.4036863483903E-01   0.3712641716273E+00
   0.7620000000000E+01   0.3898636415764E+03  -0.4449019563843E+00   0.2870933398628E+02   0.9694716777590E-02   0.1143103138327E+00  -0.4550211611862E-01   0.2430697616868E+04  -0.6957753316100E+02  -0.4235387255679E+03  -0.3451614327366E+00   0.8607977912504E+00   0.4038563471122E-01   0.3718329577091E+00
   0.7630000000000E+01   0.3900724808966E+03  -0.4467732208561E+00   0.2874085868742E+02   0.9554753144826E-02   0.1142862173641E+00  -0.4536674919568E-01   0.2433679117101E+04  -0.7012542398308E+02  -0.4210688044169E+03  -0.3451414003837E+00   0.8605593438658E+00   0.4040181257542E-01   0.3724012929180E+00
   0.7640000000000E+01   0.3902815598271E+03  -0.4490213220103E+00   0.2877239070248E+02   0.9419167113746E-02   0.1142621636680E+00  -0.4523208785426E-01   0.2436659221717E+04  -0.7067497498427E+02  -0.4185942353791E+03  -0.3451208904874E+00   0.8603208791072E+00   0.4041717911561E-01   0.3729691777529E+00
   0.7650000000000E+01   0.3904908779058E+03  -0.4516416692421E+00   0.2880392983572E+02   0.9288018662041E-02   0.1142381514595E+00  -0.4509819630639E-01   0.2439637926074E+04  -0.7122618848002E+02  -0.4161150184182E+03  -0.3450999213698E+00   0.8600823897319E+00   0.4043174543463E-01   0.3735366128034E+00
   0.7660000000000E+01   0.3907004346693E+03  -0.4546294172625E+00   0.2883547589367E+02   0.9161364211043E-02   0.1142141794705E+00  -0.4496513788413E-01   0.2442615225526E+04  -0.7177906679176E+02  -0.4136311535074E+03  -0.3450785114672E+00   0.8598438683807E+00   0.4044552304408E-01   0.3741035987495E+00
   0.7670000000000E+01   0.3909102296532E+03  -0.4579794705651E+00   0.2886702868539E+02   0.9039256595855E-02   0.1141902464518E+00  -0.4483297499577E-01   0.2445591115422E+04  -0.7233361224692E+02  -0.4111426406290E+03  -0.3450566793156E+00   0.8596053075841E+00   0.4045852385400E-01   0.3746701363605E+00
   0.7680000000000E+01   0.3911202623918E+03  -0.4616864880705E+00   0.2889858802270E+02   0.8921745038213E-02   0.1141663511746E+00  -0.4470176908279E-01   0.2448565591106E+04  -0.7288982717884E+02  -0.4086494797746E+03  -0.3450344435363E+00   0.8593666997689E+00   0.4047076016223E-01   0.3752362264944E+00
   0.7690000000000E+01   0.3913305324185E+03  -0.4657448879419E+00   0.2893015372037E+02   0.8808875122103E-02   0.1141424924318E+00  -0.4457158057774E-01   0.2451538647916E+04  -0.7344771392675E+02  -0.4061516709452E+03  -0.3450118228215E+00   0.8591280372644E+00   0.4048224464347E-01   0.3758018700968E+00
   0.7700000000000E+01   0.3915410392658E+03  -0.4701488525710E+00   0.2896172559634E+02   0.8700688772130E-02   0.1141186690396E+00  -0.4444246886282E-01   0.2454510281186E+04  -0.7400727483574E+02  -0.4036492141508E+03  -0.3449888359197E+00   0.8588893123091E+00   0.4049299033816E-01   0.3763670682000E+00
   0.7710000000000E+01   0.3917517824650E+03  -0.4748923337277E+00   0.2899330347193E+02   0.8597224234677E-02   0.1140948798392E+00  -0.4431449222944E-01   0.2457480486244E+04  -0.7456851225669E+02  -0.4011421094110E+03  -0.3449655016213E+00   0.8586505170571E+00   0.4050301064103E-01   0.3769318219223E+00
   0.7720000000000E+01   0.3919627615466E+03  -0.4799690578713E+00   0.2902488717207E+02   0.8498516061843E-02   0.1140711236975E+00  -0.4418770783862E-01   0.2460449258412E+04  -0.7513142854624E+02  -0.3986303567544E+03  -0.3449418387445E+00   0.8584116435850E+00   0.4051231928946E-01   0.3774961324664E+00
   0.7730000000000E+01   0.3921739760402E+03  -0.4853725316190E+00   0.2905647652547E+02   0.8404595098190E-02   0.1140473995088E+00  -0.4406217168241E-01   0.2463416593010E+04  -0.7569602606669E+02  -0.3961139562190E+03  -0.3449178661205E+00   0.8581726838978E+00   0.4052093035155E-01   0.3780600011187E+00
   0.7740000000000E+01   0.3923854254746E+03  -0.4910960473662E+00   0.2908807136485E+02   0.8315488470287E-02   0.1140237061956E+00  -0.4393793854613E-01   0.2466382485349E+04  -0.7626230718600E+02  -0.3935929078521E+03  -0.3448936025798E+00   0.8579336299365E+00   0.4052885821401E-01   0.3786234292478E+00
   0.7750000000000E+01   0.3925971093779E+03  -0.4971326890556E+00   0.2911967152711E+02   0.8231219579075E-02   0.1140000427099E+00  -0.4381506197175E-01   0.2469346930737E+04  -0.7683027427770E+02  -0.3910672117101E+03  -0.3448690669371E+00   0.8576944735839E+00   0.4053611756983E-01   0.3791864183035E+00
   0.7760000000000E+01   0.3928090272772E+03  -0.5034753380902E+00   0.2915127685350E+02   0.8151808095043E-02   0.1139764080341E+00  -0.4369359422215E-01   0.2472309924478E+04  -0.7739992972083E+02  -0.3885368678588E+03  -0.3448442779781E+00   0.8574552066718E+00   0.4054272340572E-01   0.3797489698156E+00
   0.7770000000000E+01   0.3930211786994E+03  -0.5101166793854E+00   0.2918288718984E+02   0.8077269956221E-02   0.1139528011817E+00  -0.4357358624656E-01   0.2475271461868E+04  -0.7797127589988E+02  -0.3860018763729E+03  -0.3448192544449E+00   0.8572158209873E+00   0.4054869098939E-01   0.3803110853921E+00
   0.7780000000000E+01   0.3932335631703E+03  -0.5170492075557E+00   0.2921450238666E+02   0.8007617368986E-02   0.1139292211986E+00  -0.4345508764689E-01   0.2478231538200E+04  -0.7854431520472E+02  -0.3834622373365E+03  -0.3447940150220E+00   0.8569763082800E+00   0.4055403585658E-01   0.3808727667183E+00
   0.7790000000000E+01   0.3934461802154E+03  -0.5242652332311E+00   0.2924612229939E+02   0.7942858811691E-02   0.1139056671632E+00  -0.4333814664534E-01   0.2481190148760E+04  -0.7911905003051E+02  -0.3809179508430E+03  -0.3447685783226E+00   0.8567366602680E+00   0.4055877379801E-01   0.3814340155549E+00
   0.7800000000000E+01   0.3936590293596E+03  -0.5317568894987E+00   0.2927774678845E+02   0.7882999041086E-02   0.1138821381877E+00  -0.4322281005299E-01   0.2484147288831E+04  -0.7969548277767E+02  -0.3783690169946E+03  -0.3447429628749E+00   0.8564968686452E+00   0.4056292084609E-01   0.3819948337368E+00
   0.7810000000000E+01   0.3938721101276E+03  -0.5395161384639E+00   0.2930937571949E+02   0.7828039101554E-02   0.1138586334183E+00  -0.4310912323954E-01   0.2487102953689E+04  -0.8027361585177E+02  -0.3758154359028E+03  -0.3447171871082E+00   0.8562569250878E+00   0.4056649326151E-01   0.3825552231715E+00
   0.7820000000000E+01   0.3940854220434E+03  -0.5475347779266E+00   0.2934100896344E+02   0.7777976337127E-02   0.1138351520359E+00  -0.4299713010428E-01   0.2490057138606E+04  -0.8085345166347E+02  -0.3732572076883E+03  -0.3446912693399E+00   0.8560168212607E+00   0.4056950751968E-01   0.3831151858375E+00
   0.7830000000000E+01   0.3942989646308E+03  -0.5558044481671E+00   0.2937264639668E+02   0.7732804406286E-02   0.1138116932566E+00  -0.4288687304818E-01   0.2493009838847E+04  -0.8143499262841E+02  -0.3706943324806E+03  -0.3446652277615E+00   0.8557765488242E+00   0.4057198029703E-01   0.3836747237823E+00
   0.7840000000000E+01   0.3945127374133E+03  -0.5643166388363E+00   0.2940428790114E+02   0.7692513299530E-02   0.1137882563320E+00  -0.4277839294716E-01   0.2495961049674E+04  -0.8201824116716E+02  -0.3681268104183E+03  -0.3446390804261E+00   0.8555360994411E+00   0.4057392845718E-01   0.3842338391212E+00
   0.7850000000000E+01   0.3947267399142E+03  -0.5730626959451E+00   0.2943593336442E+02   0.7657089359682E-02   0.1137648405495E+00  -0.4267172912665E-01   0.2498910766343E+04  -0.8260319970515E+02  -0.3655546416491E+03  -0.3446128452346E+00   0.8552954647825E+00   0.4057536903706E-01   0.3847925340352E+00
   0.7860000000000E+01   0.3949409716567E+03  -0.5820338289476E+00   0.2946758267986E+02   0.7626515304943E-02   0.1137414452329E+00  -0.4256691933728E-01   0.2501858984103E+04  -0.8318987067251E+02  -0.3629778263295E+03  -0.3445865399238E+00   0.8550546365351E+00   0.4057631923286E-01   0.3853508107693E+00
   0.7870000000000E+01   0.3951554321638E+03  -0.5912211179120E+00   0.2949923574664E+02   0.7600770254645E-02   0.1137180697421E+00  -0.4246399973198E-01   0.2504805698200E+04  -0.8377825650406E+02  -0.3603963646250E+03  -0.3445601820530E+00   0.8548136064071E+00   0.4057679638592E-01   0.3859086716309E+00
   0.7880000000000E+01   0.3953701209584E+03  -0.6006155207750E+00   0.2953089246984E+02   0.7579829757696E-02   0.1136947134738E+00  -0.4236300484416E-01   0.2507750903874E+04  -0.8436835963919E+02  -0.3578102567100E+03  -0.3445337889917E+00   0.8545723661350E+00   0.4057681796853E-01   0.3864661189872E+00
   0.7890000000000E+01   0.3955850375636E+03  -0.6102078806720E+00   0.2956255276053E+02   0.7563665823700E-02   0.1136713758614E+00  -0.4226396756731E-01   0.2510694596358E+04  -0.8496018252173E+02  -0.3552195027675E+03  -0.3445073779076E+00   0.8543309074898E+00   0.4057640156972E-01   0.3870231552641E+00
   0.7900000000000E+01   0.3958001815024E+03  -0.6199889333401E+00   0.2959421653575E+02   0.7552246956699E-02   0.1136480563750E+00  -0.4216691913586E-01   0.2513636770882E+04  -0.8555372759993E+02  -0.3526241029895E+03  -0.3444809657542E+00   0.8540892222835E+00   0.4057556488091E-01   0.3875797829438E+00
   0.7910000000000E+01   0.3960155522978E+03  -0.6299493145855E+00   0.2962588371863E+02   0.7545538191541E-02   0.1136247545213E+00  -0.4207188910734E-01   0.2516577422669E+04  -0.8614899732629E+02  -0.3500240575766E+03  -0.3444545692593E+00   0.8538473023755E+00   0.4057432568160E-01   0.3881360045628E+00
   0.7920000000000E+01   0.3962311494732E+03  -0.6400795678110E+00   0.2965755423835E+02   0.7543501132820E-02   0.1136014698440E+00  -0.4197890534588E-01   0.2519516546938E+04  -0.8674599415750E+02  -0.3474193667382E+03  -0.3444282049133E+00   0.8536051396784E+00   0.4057270182494E-01   0.3886918227098E+00
   0.7930000000000E+01   0.3964469725521E+03  -0.6503701515981E+00   0.2968922803019E+02   0.7546093996366E-02   0.1135782019235E+00  -0.4188799400701E-01   0.2522454138900E+04  -0.8734472055436E+02  -0.3448100306923E+03  -0.3444018889574E+00   0.8533627261647E+00   0.4057071122341E-01   0.3892472400239E+00
   0.7940000000000E+01   0.3966630210581E+03  -0.6608114473363E+00   0.2972090503551E+02   0.7553271653252E-02   0.1135549503766E+00  -0.4179917952388E-01   0.2525390193762E+04  -0.8794517898161E+02  -0.3421960496654E+03  -0.3443756373734E+00   0.8531200538723E+00   0.4056837183433E-01   0.3898022591922E+00
   0.7950000000000E+01   0.3968792945152E+03  -0.6713937668951E+00   0.2975258520175E+02   0.7564985676272E-02   0.1135317148567E+00  -0.4171248459476E-01   0.2528324706727E+04  -0.8854737190789E+02  -0.3395774238926E+03  -0.3443494658719E+00   0.8528771149111E+00   0.4056570164551E-01   0.3903568829478E+00
   0.7960000000000E+01   0.3970957924478E+03  -0.6821073603321E+00   0.2978426848240E+02   0.7581184388864E-02   0.1135084950534E+00  -0.4162793017194E-01   0.2531257672989E+04  -0.8915130180561E+02  -0.3369541536174E+03  -0.3443233898824E+00   0.8526339014684E+00   0.4056271866085E-01   0.3909111140675E+00
   0.7970000000000E+01   0.3973125143806E+03  -0.6929424236311E+00   0.2981595483697E+02   0.7601812916432E-02   0.1134852906924E+00  -0.4154553545199E-01   0.2534189087740E+04  -0.8975697115085E+02  -0.3343262390919E+03  -0.3442974245425E+00   0.8523904058152E+00   0.4055944088597E-01   0.3914649553697E+00
   0.7980000000000E+01   0.3975294598385E+03  -0.7038891064649E+00   0.2984764423095E+02   0.7626813240019E-02   0.1134621015352E+00  -0.4146531786741E-01   0.2537118946163E+04  -0.9036438242323E+02  -0.3316936805762E+03  -0.3442715846881E+00   0.8521466203116E+00   0.4055588631391E-01   0.3920184097120E+00
   0.7990000000000E+01   0.3977466283473E+03  -0.7149375199758E+00   0.2987933663572E+02   0.7656124252303E-02   0.1134389273789E+00  -0.4138729307965E-01   0.2540047243437E+04  -0.9097353810584E+02  -0.3290564783390E+03  -0.3442458848437E+00   0.8519025374125E+00   0.4055207291082E-01   0.3925714799894E+00
   0.8000000000000E+01   0.3979640194327E+03  -0.7260777445683E+00   0.2991103202854E+02   0.7689681815851E-02   0.1134157680558E+00  -0.4131147497352E-01   0.2542973974736E+04  -0.9158444068511E+02  -0.3264146326573E+03  -0.3442203392126E+00   0.8516581496732E+00   0.4054801860177E-01   0.3931241691311E+00
   0.8010000000000E+01   0.3981816326213E+03  -0.7372998377083E+00   0.2994273039242E+02   0.7727418823603E-02   0.1133926234334E+00  -0.4123787565297E-01   0.2545899135226E+04  -0.9219709265068E+02  -0.3237681438160E+03  -0.3441949616682E+00   0.8514134497551E+00   0.4054374125662E-01   0.3936764800992E+00
   0.8020000000000E+01   0.3983994674401E+03  -0.7485938417215E+00   0.2997443171604E+02   0.7769265261520E-02   0.1133694934136E+00  -0.4116650543831E-01   0.2548822720070E+04  -0.9281149649532E+02  -0.3211170121082E+03  -0.3441697657445E+00   0.8511684304305E+00   0.4053925867593E-01   0.3942284158858E+00
   0.8030000000000E+01   0.3986175234166E+03  -0.7599497915867E+00   0.3000613599366E+02   0.7815148273352E-02   0.1133463779329E+00  -0.4109737286477E-01   0.2551744724421E+04  -0.9342765471481E+02  -0.3184612378352E+03  -0.3441447646282E+00   0.8509230845884E+00   0.4053458857700E-01   0.3947799795107E+00
   0.8040000000000E+01   0.3988358000788E+03  -0.7713577227163E+00   0.3003784322502E+02   0.7864992227482E-02   0.1133232769615E+00  -0.4103048468246E-01   0.2554665143431E+04  -0.9404556980780E+02  -0.3158008213062E+03  -0.3441199711500E+00   0.8506774052391E+00   0.4052974858004E-01   0.3953311740192E+00
   0.8050000000000E+01   0.3990542969555E+03  -0.7828076787186E+00   0.3006955341519E+02   0.7918718785774E-02   0.1133001905035E+00  -0.4096584585777E-01   0.2557583972243E+04  -0.9466524427573E+02  -0.3131357628383E+03  -0.3440953977768E+00   0.8504313855197E+00   0.4052475619439E-01   0.3958820024796E+00
   0.8060000000000E+01   0.3992730135758E+03  -0.7942897191365E+00   0.3010126657446E+02   0.7976246974382E-02   0.1132771185960E+00  -0.4090345957605E-01   0.2560501205994E+04  -0.9528668062270E+02  -0.3104660627564E+03  -0.3440710566042E+00   0.8501850186985E+00   0.4051962880492E-01   0.3964324679808E+00
   0.8070000000000E+01   0.3994919494696E+03  -0.8057939271552E+00   0.3013298271819E+02   0.8037493256464E-02   0.1132540613092E+00  -0.4084332724583E-01   0.2563416839815E+04  -0.9590988135534E+02  -0.3077917213933E+03  -0.3440469593492E+00   0.8499382981802E+00   0.4051438365856E-01   0.3969825736300E+00
   0.8080000000000E+01   0.3997111041673E+03  -0.8173104172742E+00   0.3016470186669E+02   0.8102371606729E-02   0.1132310187458E+00  -0.4078544850424E-01   0.2566330868833E+04  -0.9653484898273E+02  -0.3051127390895E+03  -0.3440231173432E+00   0.8496912175100E+00   0.4050903785095E-01   0.3975323225502E+00
   0.8090000000000E+01   0.3999304772001E+03  -0.8288293429367E+00   0.3019642404504E+02   0.8170793587772E-02   0.1132079910404E+00  -0.4072982122397E-01   0.2569243288167E+04  -0.9716158601624E+02  -0.3024291161930E+03  -0.3439995415252E+00   0.8494437703788E+00   0.4050360831327E-01   0.3980817178779E+00
   0.8100000000000E+01   0.4001500680995E+03  -0.8403409041111E+00   0.3022814928291E+02   0.8242668428127E-02   0.1131849783595E+00  -0.4067644152146E-01   0.2572154092928E+04  -0.9779009496944E+02  -0.2997408530597E+03  -0.3439762424363E+00   0.8491959506269E+00   0.4049811179925E-01   0.3986307627605E+00
   0.8110000000000E+01   0.4003698763978E+03  -0.8518353548183E+00   0.3025987761445E+02   0.8317903101972E-02   0.1131619809010E+00  -0.4062530376653E-01   0.2575063278225E+04  -0.9842037835798E+02  -0.2970479500528E+03  -0.3439532302127E+00   0.8489477522485E+00   0.4049256487234E-01   0.3991794603541E+00
   0.8120000000000E+01   0.4005899016280E+03  -0.8633030105990E+00   0.3029160907805E+02   0.8396402410432E-02   0.1131389988938E+00  -0.4057640059337E-01   0.2577970839158E+04  -0.9905243869947E+02  -0.2943504075428E+03  -0.3439305145813E+00   0.8486991693957E+00   0.4048698389308E-01   0.3997278138209E+00
   0.8130000000000E+01   0.4008101433234E+03  -0.8747342559151E+00   0.3032334371621E+02   0.8478069064403E-02   0.1131160325972E+00  -0.4052972291275E-01   0.2580876770820E+04  -0.9968627851335E+02  -0.2916482259079E+03  -0.3439081048538E+00   0.8484501963828E+00   0.4048138500664E-01   0.4002758263270E+00
   0.8140000000000E+01   0.4010306010182E+03  -0.8861195514803E+00   0.3035508157532E+02   0.8562803768839E-02   0.1130930823010E+00  -0.4048525992574E-01   0.2583781068299E+04  -0.1003219003208E+03  -0.2889414055334E+03  -0.3438860099219E+00   0.8482008276896E+00   0.4047578413064E-01   0.4008235010397E+00
   0.8150000000000E+01   0.4012512742471E+03  -0.8974494415123E+00   0.3038682270548E+02   0.8650505308425E-02   0.1130701483248E+00  -0.4044299913860E-01   0.2586683726677E+04  -0.1009593066446E+03  -0.2862299468119E+03  -0.3438642382533E+00   0.8479510579652E+00   0.4047019694311E-01   0.4013708411252E+00
   0.8160000000000E+01   0.4014721625451E+03  -0.9087145609032E+00   0.3041856716029E+02   0.8741070634579E-02   0.1130472310176E+00  -0.4040292637901E-01   0.2589584741028E+04  -0.1015985000089E+03  -0.2835138501432E+03  -0.3438427978871E+00   0.8477008820317E+00   0.4046463887073E-01   0.4019178497465E+00
   0.8170000000000E+01   0.4016932654480E+03  -0.9199056423004E+00   0.3045031499668E+02   0.8834394953695E-02   0.1130243307579E+00  -0.4036502581363E-01   0.2592484106419E+04  -0.1022394829395E+03  -0.2807931159341E+03  -0.3438216964304E+00   0.8474502948874E+00   0.4045912507726E-01   0.4024645300607E+00
   0.8180000000000E+01   0.4019145824921E+03  -0.9310135230945E+00   0.3048206627467E+02   0.8930371816577E-02   0.1130014479527E+00  -0.4032927996691E-01   0.2595381817914E+04  -0.1028822579632E+03  -0.2780677445985E+03  -0.3438009410548E+00   0.8471992917099E+00   0.4045367045229E-01   0.4030108852165E+00
   0.8190000000000E+01   0.4021361132141E+03  -0.9420291523070E+00   0.3051382105719E+02   0.9028893208973E-02   0.1129785830378E+00  -0.4029566974110E-01   0.2598277870565E+04  -0.1035268276081E+03  -0.2753377365571E+03  -0.3437805384934E+00   0.8469478678594E+00   0.4044828960018E-01   0.4035569183524E+00
   0.8200000000000E+01   0.4023578571512E+03  -0.9529435973734E+00   0.3054557940987E+02   0.9129849643145E-02   0.1129557364770E+00  -0.4026417443762E-01   0.2601172259422E+04  -0.1041731944031E+03  -0.2726030922378E+03  -0.3437604950384E+00   0.8466960188812E+00   0.4044299682925E-01   0.4041026325937E+00
   0.8210000000000E+01   0.4025798138411E+03  -0.9637480508162E+00   0.3057734140081E+02   0.9233130250399E-02   0.1129329087623E+00  -0.4023477177951E-01   0.2604064979525E+04  -0.1048213608782E+03  -0.2698638120749E+03  -0.3437408165384E+00   0.8464437405089E+00   0.4043780614134E-01   0.4046480310508E+00
   0.8220000000000E+01   0.4028019828217E+03  -0.9744338368026E+00   0.3060910710040E+02   0.9338622874504E-02   0.1129101004129E+00  -0.4020743793521E-01   0.2606956025908E+04  -0.1054713295642E+03  -0.2671198965099E+03  -0.3437215083972E+00   0.8461910286665E+00   0.4043273122157E-01   0.4051931168165E+00
   0.8230000000000E+01   0.4030243636316E+03  -0.9849924175822E+00   0.3064087658106E+02   0.9446214165917E-02   0.1128873119758E+00  -0.4018214754344E-01   0.2609845393600E+04  -0.1061231029924E+03  -0.2643713459905E+03  -0.3437025755716E+00   0.8459378794712E+00   0.4042778542835E-01   0.4057378929637E+00
   0.8240000000000E+01   0.4032469558094E+03  -0.9954153997982E+00   0.3067264991710E+02   0.9555789676740E-02   0.1128645440247E+00  -0.4015887373925E-01   0.2612733077620E+04  -0.1067766836948E+03  -0.2616181609715E+03  -0.3436840225708E+00   0.8456842892352E+00   0.4042298178382E-01   0.4062823625436E+00
   0.8250000000000E+01   0.4034697588942E+03  -0.1005694540669E+01   0.3070442718444E+02   0.9667233956339E-02   0.1128417971602E+00  -0.4013758818126E-01   0.2615619072981E+04  -0.1074320742038E+03  -0.2588603419137E+03  -0.3436658534554E+00   0.8454302544683E+00   0.4041833296449E-01   0.4068265285829E+00
   0.8260000000000E+01   0.4036927724254E+03  -0.1015821754036E+01   0.3073620846045E+02   0.9780430647537E-02   0.1128190720098E+00  -0.4011826107994E-01   0.2618503374691E+04  -0.1080892770521E+03  -0.2560978892848E+03  -0.3436480718372E+00   0.8451757718792E+00   0.4041385129217E-01   0.4073703940822E+00
   0.8270000000000E+01   0.4039159959423E+03  -0.1025789116268E+01   0.3076799382371E+02   0.9895262583314E-02   0.1127963692267E+00  -0.4010086122705E-01   0.2621385977748E+04  -0.1087482947728E+03  -0.2533308035588E+03  -0.3436306808789E+00   0.8449208383779E+00   0.4040954872533E-01   0.4079139620133E+00
   0.8280000000000E+01   0.4041394289847E+03  -0.1035588872023E+01   0.3079978335385E+02   0.1001161188392E-01   0.1127736894908E+00  -0.4008535602610E-01   0.2624266877144E+04  -0.1094091298990E+03  -0.2505590852158E+03  -0.3436136832948E+00   0.8446654510766E+00   0.4040543685068E-01   0.4084572353174E+00
   0.8290000000000E+01   0.4043630710925E+03  -0.1045213439867E+01   0.3083157713128E+02   0.1012936005435E-01   0.1127510335075E+00  -0.4007171152384E-01   0.2627146067863E+04  -0.1100717849636E+03  -0.2477827347426E+03  -0.3435970813514E+00   0.8444096072916E+00   0.4040152687513E-01   0.4090002169030E+00
   0.8300000000000E+01   0.4045869218055E+03  -0.1054655417725E+01   0.3086337523707E+02   0.1024838808206E-01   0.1127284020079E+00  -0.4005989244287E-01   0.2630023544884E+04  -0.1107362624997E+03  -0.2450017526318E+03  -0.3435808768686E+00   0.8441533045443E+00   0.4039782961807E-01   0.4095429096437E+00
   0.8310000000000E+01   0.4048109806637E+03  -0.1063907588190E+01   0.3089517775268E+02   0.1036857653490E-01   0.1127057957488E+00  -0.4004986221506E-01   0.2632899303177E+04  -0.1114025650400E+03  -0.2422161393823E+03  -0.3435650712209E+00   0.8438965405622E+00   0.4039435550401E-01   0.4100853163763E+00
   0.8320000000000E+01   0.4050352472070E+03  -0.1072962923665E+01   0.3092698475984E+02   0.1048980565910E-01   0.1126832155120E+00  -0.4004158301608E-01   0.2635773337703E+04  -0.1120706951171E+03  -0.2394258954992E+03  -0.3435496653396E+00   0.8436393132803E+00   0.4039111455553E-01   0.4106274398990E+00
   0.8330000000000E+01   0.4052597209753E+03  -0.1081814591330E+01   0.3095879634030E+02   0.1061195547737E-01   0.1126606621046E+00  -0.4003501580082E-01   0.2638645643418E+04  -0.1127406552629E+03  -0.2366310214934E+03  -0.3435346597148E+00   0.8433816208408E+00   0.4038811638663E-01   0.4111692829691E+00
   0.8340000000000E+01   0.4054844015084E+03  -0.1090455957958E+01   0.3099061257572E+02   0.1073490588686E-01   0.1126381363584E+00  -0.4003012033963E-01   0.2641516215270E+04  -0.1134124480090E+03  -0.2338315178820E+03  -0.3435200543979E+00   0.8431234615949E+00   0.4038537019642E-01   0.4117108483012E+00
   0.8350000000000E+01   0.4057092883459E+03  -0.1098880594542E+01   0.3102243354744E+02   0.1085853675703E-01   0.1126156391300E+00  -0.4002685525557E-01   0.2644385048199E+04  -0.1140860758863E+03  -0.2310273851878E+03  -0.3435058490048E+00   0.8428648341020E+00   0.4038288476315E-01   0.4122521385656E+00
   0.8360000000000E+01   0.4059343810273E+03  -0.1107082280751E+01   0.3105425933631E+02   0.1098272802733E-01   0.1125931713005E+00  -0.4002517806236E-01   0.2647252137138E+04  -0.1147615414249E+03  -0.2282186239395E+03  -0.3434920427187E+00   0.8426057371309E+00   0.4038066843864E-01   0.4127931563865E+00
   0.8370000000000E+01   0.4061596790917E+03  -0.1115055009210E+01   0.3108609002259E+02   0.1110735980451E-01   0.1125707337754E+00  -0.4002504520325E-01   0.2650117477010E+04  -0.1154388471543E+03  -0.2254052346717E+03  -0.3434786342942E+00   0.8423461696590E+00   0.4037872914308E-01   0.4133339043399E+00
   0.8380000000000E+01   0.4063851820781E+03  -0.1122792989588E+01   0.3111792568571E+02   0.1123231245969E-01   0.1125483274842E+00  -0.4002641209056E-01   0.2652981062733E+04  -0.1161179956029E+03  -0.2225872179246E+03  -0.3434656220610E+00   0.8420861308731E+00   0.4037707436018E-01   0.4138743849523E+00
   0.8390000000000E+01   0.4066108895249E+03  -0.1130290652510E+01   0.3114976640421E+02   0.1135746672482E-01   0.1125259533807E+00  -0.4002923314605E-01   0.2655842889217E+04  -0.1167989892981E+03  -0.2197645742440E+03  -0.3434530039280E+00   0.8418256201679E+00   0.4037571113269E-01   0.4144146006987E+00
   0.8400000000000E+01   0.4068368009703E+03  -0.1137542653268E+01   0.3118161225553E+02   0.1148270378877E-01   0.1125036124422E+00  -0.4003346184196E-01   0.2658702951362E+04  -0.1174818307663E+03  -0.2169373041816E+03  -0.3434407773883E+00   0.8415646371469E+00   0.4037464605837E-01   0.4149545540014E+00
   0.8410000000000E+01   0.4070629159521E+03  -0.1144543875349E+01   0.3121346331590E+02   0.1160790539271E-01   0.1124813056696E+00  -0.4003905074270E-01   0.2661561244063E+04  -0.1181665225327E+03  -0.2141054082945E+03  -0.3434289395240E+00   0.8413031816204E+00   0.4037388528628E-01   0.4154942472281E+00
   0.8420000000000E+01   0.4072892340074E+03  -0.1151289433763E+01   0.3124531966022E+02   0.1173295392482E-01   0.1124590340874E+00  -0.4004595154723E-01   0.2664417762204E+04  -0.1188530671211E+03  -0.2112688871453E+03  -0.3434174870115E+00   0.8410412536059E+00   0.4037343451345E-01   0.4160336826908E+00
   0.8430000000000E+01   0.4075157546731E+03  -0.1157774678179E+01   0.3127718136196E+02   0.1185773251434E-01   0.1124367987431E+00  -0.4005411513197E-01   0.2667272500664E+04  -0.1195414670540E+03  -0.2084277413022E+03  -0.3434064161268E+00   0.8407788533264E+00   0.4037329898201E-01   0.4165728626440E+00
   0.8440000000000E+01   0.4077424774851E+03  -0.1163995195852E+01   0.3130904849302E+02   0.1198212512462E-01   0.1124146007071E+00  -0.4006349159436E-01   0.2670125454311E+04  -0.1202317248527E+03  -0.2055819713387E+03  -0.3433957227520E+00   0.8405159812093E+00   0.4037348347660E-01   0.4171117892835E+00
   0.8450000000000E+01   0.4079694019790E+03  -0.1169946814357E+01   0.3134092112362E+02   0.1210601664539E-01   0.1123924410729E+00  -0.4007403029688E-01   0.2672976618008E+04  -0.1209238430365E+03  -0.2027315778338E+03  -0.3433854023808E+00   0.8402526378857E+00   0.4037399232231E-01   0.4176504647452E+00
   0.8460000000000E+01   0.4081965276897E+03  -0.1175625604117E+01   0.3137279932227E+02   0.1222929298401E-01   0.1123703209560E+00  -0.4008567991163E-01   0.2675825986608E+04  -0.1216178241235E+03  -0.1998765613718E+03  -0.3433754501257E+00   0.8399888241881E+00   0.4037482938290E-01   0.4181888911036E+00
   0.8470000000000E+01   0.4084238541513E+03  -0.1181027880718E+01   0.3140468315561E+02   0.1235184115563E-01   0.1123482414944E+00  -0.4009838846526E-01   0.2678673554956E+04  -0.1223136706300E+03  -0.1970169225423E+03  -0.3433658607242E+00   0.8397245411494E+00   0.4037599805945E-01   0.4187270703708E+00
   0.8480000000000E+01   0.4086513808972E+03  -0.1186150207031E+01   0.3143657268839E+02   0.1247354937222E-01   0.1123262038480E+00  -0.4011210338446E-01   0.2681519317888E+04  -0.1230113850704E+03  -0.1941526619403E+03  -0.3433566285463E+00   0.8394597900009E+00   0.4037750128943E-01   0.4192650044954E+00
   0.8490000000000E+01   0.4088791074602E+03  -0.1190989395108E+01   0.3146846798338E+02   0.1259430713046E-01   0.1123042091982E+00  -0.4012677154170E-01   0.2684363270234E+04  -0.1237109699575E+03  -0.1912837801659E+03  -0.3433477476017E+00   0.8391945721706E+00   0.4037934154613E-01   0.4198026953611E+00
   0.8500000000000E+01   0.4091070333719E+03  -0.1195542507881E+01   0.3150036910132E+02   0.1271400529827E-01   0.1122822587480E+00  -0.4014233930140E-01   0.2687205406814E+04  -0.1244124278020E+03  -0.1884102778244E+03  -0.3433392115474E+00   0.8389288892807E+00   0.4038152083848E-01   0.4203401447863E+00
   0.8510000000000E+01   0.4093351581635E+03  -0.1199806860646E+01   0.3153227610086E+02   0.1283253620001E-01   0.1122603537210E+00  -0.4015875256635E-01   0.2690045722441E+04  -0.1251157611128E+03  -0.1855321555263E+03  -0.3433310136957E+00   0.8386627431457E+00   0.4038404071135E-01   0.4208773545225E+00
   0.8520000000000E+01   0.4095634813651E+03  -0.1203780022330E+01   0.3156418903855E+02   0.1294979370033E-01   0.1122384953617E+00  -0.4017595682443E-01   0.2692884211916E+04  -0.1258209723967E+03  -0.1826494138873E+03  -0.3433231470223E+00   0.8383961357697E+00   0.4038690224608E-01   0.4214143262540E+00
   0.8530000000000E+01   0.4097920025059E+03  -0.1207459816547E+01   0.3159610796874E+02   0.1306567328646E-01   0.1122166849346E+00  -0.4019389719554E-01   0.2695720870037E+04  -0.1265280641584E+03  -0.1797620535280E+03  -0.3433156041745E+00   0.8381290693445E+00   0.4039010606159E-01   0.4219510615965E+00
   0.8540000000000E+01   0.4100207211142E+03  -0.1210844322448E+01   0.3162803294366E+02   0.1318007214893E-01   0.1121949237242E+00  -0.4021251847869E-01   0.2698555691589E+04  -0.1272370389005E+03  -0.1768700750745E+03  -0.3433083774805E+00   0.8378615462461E+00   0.4039365231573E-01   0.4224875620968E+00
   0.8550000000000E+01   0.4102496367174E+03  -0.1213931875343E+01   0.3165996401331E+02   0.1329288926081E-01   0.1121732130342E+00  -0.4023176519929E-01   0.2701388671352E+04  -0.1279478991233E+03  -0.1739734791575E+03  -0.3433014589573E+00   0.8375935690324E+00   0.4039754070708E-01   0.4230238292321E+00
   0.8560000000000E+01   0.4104787488419E+03  -0.1216721067120E+01   0.3169190122549E+02   0.1340402545510E-01   0.1121515541873E+00  -0.4025158165652E-01   0.2704219804094E+04  -0.1286606473250E+03  -0.1710722664130E+03  -0.3432948403208E+00   0.8373251404402E+00   0.4040177047717E-01   0.4235598644090E+00
   0.8570000000000E+01   0.4107080570131E+03  -0.1219210746443E+01   0.3172384462581E+02   0.1351338350046E-01   0.1121299485244E+00  -0.4027191197076E-01   0.2707049084577E+04  -0.1293752860012E+03  -0.1681664374819E+03  -0.3432885129944E+00   0.8370562633820E+00   0.4040634041302E-01   0.4240956689635E+00
   0.8580000000000E+01   0.4109375607554E+03  -0.1221400018738E+01   0.3175579425769E+02   0.1362086817518E-01   0.1121083974045E+00  -0.4029270013103E-01   0.2709876507554E+04  -0.1300918176455E+03  -0.1652559930103E+03  -0.3432824681186E+00   0.8367869409426E+00   0.4041124885008E-01   0.4246312441598E+00
   0.8590000000000E+01   0.4111672595922E+03  -0.1223288245962E+01   0.3178775016238E+02   0.1372638633916E-01   0.1120869022035E+00  -0.4031389004250E-01   0.2712702067768E+04  -0.1308102447488E+03  -0.1623409336491E+03  -0.3432766965613E+00   0.8365171763761E+00   0.4041649367560E-01   0.4251665911907E+00
   0.8600000000000E+01   0.4113971530460E+03  -0.1224875046167E+01   0.3181971237895E+02   0.1382984700410E-01   0.1120654643144E+00  -0.4033542557384E-01   0.2715525759955E+04  -0.1315305697998E+03  -0.1594212600542E+03  -0.3432711889269E+00   0.8362469731021E+00   0.4042207233226E-01   0.4257017111766E+00
   0.8610000000000E+01   0.4116272406380E+03  -0.1226160292835E+01   0.3185168094437E+02   0.1393116140160E-01   0.1120440851459E+00  -0.4035725060455E-01   0.2718347578841E+04  -0.1322527952845E+03  -0.1564969728864E+03  -0.3432659355669E+00   0.8359763347023E+00   0.4042798182234E-01   0.4262366051653E+00
   0.8620000000000E+01   0.4118575218886E+03  -0.1227144114016E+01   0.3188365589352E+02   0.1403024304933E-01   0.1120227661222E+00  -0.4037930907214E-01   0.2721167519145E+04  -0.1329769236864E+03  -0.1535680728117E+03  -0.3432609265901E+00   0.8357052649165E+00   0.4043421871205E-01   0.4267712741322E+00
   0.8630000000000E+01   0.4120879963170E+03  -0.1227826891248E+01   0.3191563725923E+02   0.1412700781499E-01   0.1120015086822E+00  -0.4040154501913E-01   0.2723985575575E+04  -0.1337029574867E+03  -0.1506345605008E+03  -0.3432561518728E+00   0.8354337676390E+00   0.4044077913643E-01   0.4273057189797E+00
   0.8640000000000E+01   0.4123186634415E+03  -0.1228209258264E+01   0.3194762507233E+02   0.1422137397826E-01   0.1119803142787E+00  -0.4042390263987E-01   0.2726801742831E+04  -0.1344308991636E+03  -0.1476964366294E+03  -0.3432516010696E+00   0.8351618469145E+00   0.4044765880443E-01   0.4278399405370E+00
   0.8650000000000E+01   0.4125495227792E+03  -0.1228292099496E+01   0.3197961936171E+02   0.1431326229045E-01   0.1119591843776E+00  -0.4044632632704E-01   0.2729616015606E+04  -0.1351607511930E+03  -0.1447537018783E+03  -0.3432472636237E+00   0.8348895069340E+00   0.4045485300448E-01   0.4283739395608E+00
   0.8660000000000E+01   0.4127805738465E+03  -0.1228076548370E+01   0.3201162015439E+02   0.1440259603198E-01   0.1119381204571E+00  -0.4046876071797E-01   0.2732428388581E+04  -0.1358925160481E+03  -0.1418063569329E+03  -0.3432431287784E+00   0.8346167520304E+00   0.4046235661029E-01   0.4289077167342E+00
   0.8670000000000E+01   0.4130118161583E+03  -0.1227563985391E+01   0.3204362747555E+02   0.1448930106759E-01   0.1119171240071E+00  -0.4049115074056E-01   0.2735238856431E+04  -0.1366261961992E+03  -0.1388544024840E+03  -0.3432391855875E+00   0.8343435866747E+00   0.4047016408712E-01   0.4294412726681E+00
   0.8680000000000E+01   0.4132432492288E+03  -0.1226756036030E+01   0.3207564134864E+02   0.1457330589913E-01   0.1118961965278E+00  -0.4051344165880E-01   0.2738047413822E+04  -0.1373617941143E+03  -0.1358978392269E+03  -0.3432354229264E+00   0.8340700154712E+00   0.4047826949824E-01   0.4299746079001E+00
   0.8690000000000E+01   0.4134748725713E+03  -0.1225654568406E+01   0.3210766179542E+02   0.1465454171609E-01   0.1118753395294E+00  -0.4053557911802E-01   0.2740854055407E+04  -0.1380993122584E+03  -0.1329366678622E+03  -0.3432318295035E+00   0.8337960431530E+00   0.4048666651185E-01   0.4305077228956E+00
   0.8700000000000E+01   0.4137066856978E+03  -0.1224261690771E+01   0.3213968883604E+02   0.1473294244365E-01   0.1118545545306E+00  -0.4055750918953E-01   0.2743658775837E+04  -0.1388387530939E+03  -0.1299708890953E+03  -0.3432283938715E+00   0.8335216745776E+00   0.4049534840825E-01   0.4310406180477E+00
   0.8710000000000E+01   0.4139386881197E+03  -0.1222579748795E+01   0.3217172248915E+02   0.1480844478833E-01   0.1118338430580E+00  -0.4057917841494E-01   0.2746461569747E+04  -0.1395801190804E+03  -0.1270005036366E+03  -0.3432251044383E+00   0.8332469147221E+00   0.4050430808731E-01   0.4315732936778E+00
   0.8720000000000E+01   0.4141708793472E+03  -0.1220611322655E+01   0.3220376277195E+02   0.1488098828110E-01   0.1118132066448E+00  -0.4060053384983E-01   0.2749262431769E+04  -0.1403234126748E+03  -0.1240255122015E+03  -0.3432219494787E+00   0.8329717686782E+00   0.4051353807634E-01   0.4321057500354E+00
   0.8730000000000E+01   0.4144032588896E+03  -0.1218359223942E+01   0.3223580970028E+02   0.1495051531805E-01   0.1117926468299E+00  -0.4062152310698E-01   0.2752061356521E+04  -0.1410686363314E+03  -0.1210459155104E+03  -0.3432189171461E+00   0.8326962416479E+00   0.4052303053815E-01   0.4326379872995E+00
   0.8740000000000E+01   0.4146358262555E+03  -0.1215826492364E+01   0.3226786328872E+02   0.1501697119843E-01   0.1117721651568E+00  -0.4064209439894E-01   0.2754858338617E+04  -0.1418157925016E+03  -0.1180617142887E+03  -0.3432159954833E+00   0.8324203389381E+00   0.4053277727949E-01   0.4331700055783E+00
   0.8750000000000E+01   0.4148685809526E+03  -0.1213016392279E+01   0.3229992355066E+02   0.1508030416020E-01   0.1117517631724E+00  -0.4066219657997E-01   0.2757653372658E+04  -0.1425648836341E+03  -0.1150729092670E+03  -0.3432131724348E+00   0.8321440659556E+00   0.4054276975971E-01   0.4337018049101E+00
   0.8760000000000E+01   0.4151015224877E+03  -0.1209932409029E+01   0.3233199049842E+02   0.1514046541289E-01   0.1117314424260E+00  -0.4068177918739E-01   0.2760446453237E+04  -0.1433159121748E+03  -0.1120795011807E+03  -0.3432104358580E+00   0.8318674282025E+00   0.4055299909977E-01   0.4342333852642E+00
   0.8770000000000E+01   0.4153346503667E+03  -0.1206578245110E+01   0.3236406414329E+02   0.1519740916786E-01   0.1117112044680E+00  -0.4070079248219E-01   0.2763237574941E+04  -0.1440688805671E+03  -0.1090814907706E+03  -0.3432077735347E+00   0.8315904312703E+00   0.4056345609145E-01   0.4347647465411E+00
   0.8780000000000E+01   0.4155679640951E+03  -0.1202957816156E+01   0.3239614449567E+02   0.1525109266598E-01   0.1116910508484E+00  -0.4071918748889E-01   0.2766026732343E+04  -0.1448237912513E+03  -0.1060788787824E+03  -0.3432051731829E+00   0.8313130808356E+00   0.4057413120686E-01   0.4352958885735E+00
   0.8790000000000E+01   0.4158014631774E+03  -0.1199075246754E+01   0.3242823156513E+02   0.1530147620251E-01   0.1116709831163E+00  -0.4073691603468E-01   0.2768813920011E+04  -0.1455806466655E+03  -0.1030716659671E+03  -0.3432026224683E+00   0.8310353826539E+00   0.4058501460820E-01   0.4358268111273E+00
   0.8800000000000E+01   0.4160351471174E+03  -0.1194934866091E+01   0.3246032536052E+02   0.1534852314939E-01   0.1116510028179E+00  -0.4075393078779E-01   0.2771599132502E+04  -0.1463394492446E+03  -0.1000598530807E+03  -0.3432001090161E+00   0.8307573425551E+00   0.4059609615772E-01   0.4363575139021E+00
   0.8810000000000E+01   0.4162690154186E+03  -0.1190541203440E+01   0.3249242589004E+02   0.1539219997476E-01   0.1116311114957E+00  -0.4077018529493E-01   0.2774382364365E+04  -0.1471002014212E+03  -0.9704344088460E+02  -0.3431976204220E+00   0.8304789664378E+00   0.4060736542801E-01   0.4368879965323E+00
   0.8820000000000E+01   0.4165030675835E+03  -0.1185898983476E+01   0.3252453316133E+02   0.1543247625985E-01   0.1116113106868E+00  -0.4078563401801E-01   0.2777163610140E+04  -0.1478629056251E+03  -0.9402243014540E+02  -0.3431951442645E+00   0.8302002602638E+00   0.4061881171241E-01   0.4374182585881E+00
   0.8830000000000E+01   0.4167373031143E+03  -0.1181013121447E+01   0.3255664718156E+02   0.1546932471299E-01   0.1115916019219E+00  -0.4080023236985E-01   0.2779942864357E+04  -0.1486275642835E+03  -0.9099682163498E+02  -0.3431926681155E+00   0.8299212300530E+00   0.4063042403569E-01   0.4379482995763E+00
   0.8840000000000E+01   0.4169717215126E+03  -0.1175888718188E+01   0.3258876795753E+02   0.1550272118104E-01   0.1115719867238E+00  -0.4081393674910E-01   0.2782720121539E+04  -0.1493941798210E+03  -0.8796661613056E+02  -0.3431901795526E+00   0.8296418818775E+00   0.4064219116492E-01   0.4384781189418E+00
   0.8850000000000E+01   0.4172063222797E+03  -0.1170531054984E+01   0.3262089549570E+02   0.1553264465798E-01   0.1115524666061E+00  -0.4082670457405E-01   0.2785495376196E+04  -0.1501627546597E+03  -0.8493181441473E+02  -0.3431876661697E+00   0.8293622218566E+00   0.4065410162056E-01   0.4390077160683E+00
   0.8860000000000E+01   0.4174411049163E+03  -0.1164945588304E+01   0.3265302980233E+02   0.1555907729078E-01   0.1115330430718E+00  -0.4083849431567E-01   0.2788268622835E+04  -0.1509332912191E+03  -0.8189241727551E+02  -0.3431851155889E+00   0.8290822561510E+00   0.4066614368769E-01   0.4395370902796E+00
   0.8870000000000E+01   0.4176760689229E+03  -0.1159137944380E+01   0.3268517088352E+02   0.1558200438249E-01   0.1115137176118E+00  -0.4084926552944E-01   0.2791039855948E+04  -0.1517057919162E+03  -0.7884842550637E+02  -0.3431825154712E+00   0.8288019909573E+00   0.4067830542744E-01   0.4400662408407E+00
   0.8880000000000E+01   0.4179112137995E+03  -0.1153113913664E+01   0.3271731874528E+02   0.1560141439263E-01   0.1114944917038E+00  -0.4085897888632E-01   0.2793809070022E+04  -0.1524802591655E+03  -0.7579983990633E+02  -0.3431798535279E+00   0.8285214325025E+00   0.4069057468861E-01   0.4405951669594E+00
   0.8890000000000E+01   0.4181465390461E+03  -0.1146879445158E+01   0.3274947339359E+02   0.1561729893482E-01   0.1114753668104E+00  -0.4086759620260E-01   0.2796576259535E+04  -0.1532566953793E+03  -0.7274666127994E+02  -0.3431771175317E+00   0.8282405870387E+00   0.4070293911937E-01   0.4411238677872E+00
   0.8900000000000E+01   0.4183820441622E+03  -0.1140440640614E+01   0.3278163483451E+02   0.1562965277161E-01   0.1114563443783E+00  -0.4087508046862E-01   0.2799341418953E+04  -0.1540351029673E+03  -0.6968889043737E+02  -0.3431742953271E+00   0.8279594608369E+00   0.4071538617920E-01   0.4416523424208E+00
   0.8910000000000E+01   0.4186177286475E+03  -0.1133803748622E+01   0.3281380307418E+02   0.1563847380665E-01   0.1114374258364E+00  -0.4088139587652E-01   0.2802104542736E+04  -0.1548154843370E+03  -0.6662652819449E+02  -0.3431713748417E+00   0.8276780601821E+00   0.4072790315089E-01   0.4421805899034E+00
   0.8920000000000E+01   0.4188535920012E+03  -0.1126975158586E+01   0.3284597811891E+02   0.1564376307413E-01   0.1114186125948E+00  -0.4088650784674E-01   0.2804865625333E+04  -0.1555978418935E+03  -0.6355957537286E+02  -0.3431683440967E+00   0.8273963913677E+00   0.4074047715264E-01   0.4427086092263E+00
   0.8930000000000E+01   0.4190896337228E+03  -0.1119961394590E+01   0.3287815997520E+02   0.1564552472546E-01   0.1113999060429E+00  -0.4089038305342E-01   0.2807624661188E+04  -0.1563821780398E+03  -0.6048803279985E+02  -0.3431651912170E+00   0.8271144606894E+00   0.4075309515041E-01   0.4432363993301E+00
   0.8940000000000E+01   0.4193258533116E+03  -0.1112769109164E+01   0.3291034864984E+02   0.1564376601331E-01   0.1113813075487E+00  -0.4089298944871E-01   0.2810381644730E+04  -0.1571684951767E+03  -0.5741190130865E+02  -0.3431619044421E+00   0.8268322744405E+00   0.4076574397015E-01   0.4437639591064E+00
   0.8950000000000E+01   0.4195622502669E+03  -0.1105405076956E+01   0.3294254414987E+02   0.1563849727294E-01   0.1113628184565E+00  -0.4089429628575E-01   0.2813136570385E+04  -0.1579567957028E+03  -0.5433118173837E+02  -0.3431584721359E+00   0.8265498389057E+00   0.4077841031034E-01   0.4442912873992E+00
   0.8960000000000E+01   0.4197988240883E+03  -0.1097876188313E+01   0.3297474648268E+02   0.1562973190088E-01   0.1113444400864E+00  -0.4089427414056E-01   0.2815889432566E+04  -0.1587470820146E+03  -0.5124587493408E+02  -0.3431548827971E+00   0.8262671603561E+00   0.4079108075446E-01   0.4448183830065E+00
   0.8970000000000E+01   0.4200355742754E+03  -0.1090189442778E+01   0.3300695565601E+02   0.1561748633101E-01   0.1113261737326E+00  -0.4089289493268E-01   0.2818640225680E+04  -0.1595393565069E+03  -0.4815598174688E+02  -0.3431511250686E+00   0.8259842450435E+00   0.4080374178354E-01   0.4453452446817E+00
   0.8980000000000E+01   0.4202725003279E+03  -0.1082351942508E+01   0.3303917167798E+02   0.1560178000798E-01   0.1113080206617E+00  -0.4089013194455E-01   0.2821388944124E+04  -0.1603336215723E+03  -0.4506150303397E+02  -0.3431471877473E+00   0.8257010991951E+00   0.4081637978885E-01   0.4458718711356E+00
   0.8990000000000E+01   0.4205096017461E+03  -0.1074370885620E+01   0.3307139455710E+02   0.1558263535808E-01   0.1112899821121E+00  -0.4088595983965E-01   0.2824135582286E+04  -0.1611298796015E+03  -0.4196243965868E+02  -0.3431430597939E+00   0.8254177290084E+00   0.4082898108455E-01   0.4463982610376E+00
   0.9000000000000E+01   0.4207468780303E+03  -0.1066253559469E+01   0.3310362430227E+02   0.1556007775753E-01   0.1112720592921E+00  -0.4088035467939E-01   0.2826880134545E+04  -0.1619281329835E+03  -0.3885879249062E+02  -0.3431387303416E+00   0.8251341406454E+00   0.4084153192036E-01   0.4469244130178E+00
   0.9010000000000E+01   0.4209843286812E+03  -0.1058007333871E+01   0.3313586092283E+02   0.1553413549831E-01   0.1112542533788E+00  -0.4087329393872E-01   0.2829622595273E+04  -0.1627283841055E+03  -0.3575056240567E+02  -0.3431341887057E+00   0.8248503402275E+00   0.4085401849434E-01   0.4474503256683E+00
   0.9020000000000E+01   0.4212219531998E+03  -0.1049639654265E+01   0.3316810442850E+02   0.1550483975141E-01   0.1112365655171E+00  -0.4086475652039E-01   0.2832362958832E+04  -0.1635306353531E+03  -0.3263775028607E+02  -0.3431294243920E+00   0.8245663338307E+00   0.4086642696557E-01   0.4479759975451E+00
   0.9030000000000E+01   0.4214597510878E+03  -0.1041158034830E+01   0.3320035482943E+02   0.1547222452771E-01   0.1112189968181E+00  -0.4085472276801E-01   0.2835101219575E+04  -0.1643348891103E+03  -0.2952035702052E+02  -0.3431244271059E+00   0.8242821274797E+00   0.4087874346691E-01   0.4485014271699E+00
   0.9040000000000E+01   0.4216977218470E+03  -0.1032570051561E+01   0.3323261213615E+02   0.1543632663643E-01   0.1112015483582E+00  -0.4084317447769E-01   0.2837837371847E+04  -0.1651411477594E+03  -0.2639838350424E+02  -0.3431191867602E+00   0.8239977271434E+00   0.4089095411767E-01   0.4490266130318E+00
   0.9050000000000E+01   0.4219358649802E+03  -0.1023883335307E+01   0.3326487635955E+02   0.1539718564115E-01   0.1111842211778E+00  -0.4083009490845E-01   0.2840571409985E+04  -0.1659494136814E+03  -0.2327183063903E+02  -0.3431136934839E+00   0.8237131387300E+00   0.4090304503634E-01   0.4495515535889E+00
   0.9060000000000E+01   0.4221741799902E+03  -0.1015105564779E+01   0.3329714751089E+02   0.1535484381358E-01   0.1111670162803E+00  -0.4081546879122E-01   0.2843303328316E+04  -0.1667596892559E+03  -0.2014069933335E+02  -0.3431079376296E+00   0.8234283680813E+00   0.4091500235319E-01   0.4500762472704E+00
   0.9070000000000E+01   0.4224126663808E+03  -0.1006244459537E+01   0.3332942560175E+02   0.1530934608499E-01   0.1111499346310E+00  -0.4079928233661E-01   0.2846033121159E+04  -0.1675719768613E+03  -0.1700499050244E+02  -0.3431019097814E+00   0.8231434209685E+00   0.4092681222288E-01   0.4506006924783E+00
   0.9080000000000E+01   0.4226513236562E+03  -0.9973077729600E+00   0.3336171064399E+02   0.1526073999544E-01   0.1111329771560E+00  -0.4078152324121E-01   0.2848760782826E+04  -0.1683862788746E+03  -0.1386470506831E+02  -0.3430956007624E+00   0.8228583030872E+00   0.4093846083698E-01   0.4511248875891E+00
   0.9090000000000E+01   0.4228901513215E+03  -0.9883032852033E+00   0.3339400264972E+02   0.1520907564078E-01   0.1111161447414E+00  -0.4076218069269E-01   0.2851486307618E+04  -0.1692025976716E+03  -0.1071984395991E+02  -0.3430890016417E+00   0.8225730200527E+00   0.4094993443646E-01   0.4516488309556E+00
   0.9100000000000E+01   0.4231291488822E+03  -0.9792387961512E+00   0.3342630163127E+02   0.1515440561753E-01   0.1110994382321E+00  -0.4074124537341E-01   0.2854209689830E+04  -0.1700209356274E+03  -0.7570408113151E+01  -0.3430821037412E+00   0.8222875773953E+00   0.4096121932400E-01   0.4521725209092E+00
   0.9110000000000E+01   0.4233683158448E+03  -0.9701221183744E+00   0.3345860760110E+02   0.1509678496569E-01   0.1110828584311E+00  -0.4071870946281E-01   0.2856930923746E+04  -0.1708412951158E+03  -0.4416398471018E+01  -0.3430748986425E+00   0.8220019805560E+00   0.4097230187631E-01   0.4526959557611E+00
   0.9120000000000E+01   0.4236076517164E+03  -0.9609610700929E+00   0.3349092057179E+02   0.1503627110949E-01   0.1110664060989E+00  -0.4069456663839E-01   0.2859650003645E+04  -0.1716636785098E+03  -0.1257815983629E+01  -0.3430673781930E+00   0.8217162348817E+00   0.4098316855629E-01   0.4532191338047E+00
   0.9130000000000E+01   0.4238471556611E+03  -0.9517634859849E+00   0.3352324561346E+02   0.1497292528156E-01   0.1110500820517E+00  -0.4066881263499E-01   0.2862366923802E+04  -0.1724880881753E+03   0.1905338387544E+01  -0.3430595345132E+00   0.8214303456207E+00   0.4099380592619E-01   0.4537420533174E+00
