         t[s]                   u[ft/s]               v[ft/s]                 w[ft/s]                p[rad/s]             q[rad/s]            r[rad/s]                x[ft]                  y[ft]                  z[ft]                    e0                   ex                      ey                   ez
   0.0000000000000E+00   0.3269007713502E+03   0.0000000000000E+00   0.4512079000484E+02   0.0000000000000E+00   0.0000000000000E+00   0.0000000000000E+00   0.0000000000000E+00   0.0000000000000E+00  -0.1000000000000E+04   0.9976493366987E+00   0.0000000000000E+00   0.6852591469352E-01   0.0000000000000E+00
   0.1000000000000E-01   0.3269007713502E+03   0.2235420196109E-20   0.4512079000484E+02  -0.2203209374206E-21  -0.1654600779375E-15  -0.2099595173905E-20   0.3300000000000E+01  -0.4732151064264E-25  -0.1000000000000E+04   0.9976493366987E+00  -0.6047656097181E-24   0.6852591469352E-01  -0.3467218565018E-23
   0.2000000000000E-01   0.3269007713502E+03   0.1784121891145E-19   0.4512079000484E+02  -0.8934960410079E-21  -0.3303895515497E-15  -0.8378281568868E-20   0.6600000000000E+01  -0.8338403783244E-24  -0.1000000000000E+04   0.9976493366987E+00  -0.4866156881329E-23   0.6852591469352E-01  -0.2769106671997E-22
   0.3000000000000E-01   0.3269007713502E+03   0.6005294611613E-19   0.4512079000484E+02  -0.2040109933567E-20  -0.4939925144097E-15  -0.1879588312678E-19   0.9900000000000E+01  -0.4444181137442E-23  -0.1000000000000E+04   0.9976493366987E+00  -0.1651969183909E-22   0.6852591469352E-01  -0.9327079454454E-22
   0.4000000000000E-01   0.3269007713502E+03   0.1419112496683E-18   0.4512079000484E+02  -0.3684363120528E-20  -0.6569764386730E-15  -0.3330640466922E-19   0.1320000000000E+02  -0.1470102312539E-22  -0.1000000000000E+04   0.9976493366987E+00  -0.3939402913255E-22   0.6852591469352E-01  -0.2205608049416E-21
   0.5000000000000E-01   0.3269007713502E+03   0.2762919093209E-18   0.4512079000484E+02  -0.5855817962271E-20  -0.8193413242228E-15  -0.5187598154903E-19   0.1650000000000E+02  -0.3745955060736E-22  -0.1000000000000E+04   0.9976493366987E+00  -0.7744021743747E-22   0.6852591469352E-01  -0.4297182295105E-21
   0.6000000000000E-01   0.3269007713502E+03   0.4759071543257E-18   0.4512079000484E+02  -0.8587401773335E-20  -0.9811756049775E-15  -0.7446492486483E-19   0.1980000000000E+02  -0.8090089299162E-22  -0.1000000000000E+04   0.9976493366987E+00  -0.1347526237129E-21   0.6852591469352E-01  -0.7407060288760E-21
   0.7000000000000E-01   0.3269007713502E+03   0.7533070851403E-18   0.4512079000484E+02  -0.1191666445453E-19  -0.1142390846788E-14  -0.1010412107147E-18   0.2310000000000E+02  -0.1558231089716E-21  -0.1000000000000E+04   0.9976493366987E+00  -0.2155891607390E-21   0.6852591469352E-01  -0.1173296221206E-20
   0.8000000000000E-01   0.3269007713502E+03   0.1120863273824E-17   0.4512079000484E+02  -0.1588283496805E-19  -0.1302544879370E-14  -0.1315535627359E-18   0.2640000000000E+02  -0.2759298315398E-21  -0.1000000000000E+04   0.9976493366987E+00  -0.3243860086025E-21   0.6852591469352E-01  -0.1747045441727E-20
   0.9000000000000E-01   0.3269007713502E+03   0.1590738318117E-17   0.4512079000484E+02  -0.2052942780373E-19  -0.1462168306816E-14  -0.1659584585015E-18   0.2970000000000E+02  -0.4581137409920E-21  -0.1000000000000E+04   0.9976493366987E+00  -0.4657676065154E-21   0.6852591469352E-01  -0.2481248576489E-20
   0.1000000000000E+00   0.3269007713502E+03   0.2174909333582E-17   0.4512079000484E+02  -0.2590343427080E-19  -0.1621084260948E-14  -0.2042133834593E-18   0.3300000000000E+02  -0.7227373999397E-21  -0.1000000000000E+04   0.9976493366987E+00  -0.6445704102177E-21   0.6852591469352E-01  -0.3394975967296E-20
   0.1100000000000E+00   0.3269007713502E+03   0.2885166399584E-17   0.4512079000484E+02  -0.3205518490750E-19  -0.1779646477791E-14  -0.2462768513348E-18   0.3630000000000E+02  -0.1093912043566E-20  -0.1000000000000E+04   0.9976493366987E+00  -0.8658592524200E-21   0.6852591469352E-01  -0.4507071786219E-20
   0.1200000000000E+00   0.3269007713502E+03   0.3733111037188E-17   0.4512079000484E+02  -0.3903775408882E-19  -0.1937324353032E-14  -0.2921039312537E-18   0.3960000000000E+02  -0.1599775051900E-20  -0.1000000000000E+04   0.9976493366987E+00  -0.1134943111600E-20   0.6852591469352E-01  -0.5836152474569E-20
   0.1300000000000E+00   0.3269007713502E+03   0.4730133449664E-17   0.4512079000484E+02  -0.4690679635705E-19  -0.2094471622702E-14  -0.3416462948902E-18   0.4290000000000E+02  -0.2272762877985E-20  -0.1000000000000E+04   0.9976493366987E+00  -0.1457384294187E-20   0.6852591469352E-01  -0.7400572118159E-20
   0.1400000000000E+00   0.3269007713502E+03   0.5887418583395E-17   0.4512079000484E+02  -0.5572065342002E-19  -0.2250557682488E-14  -0.3948544761477E-18   0.4620000000000E+02  -0.3149881380156E-20  -0.1000000000000E+04   0.9976493366987E+00  -0.1839014663873E-20   0.6852591469352E-01  -0.9218432464407E-20
   0.1500000000000E+00   0.3269007713502E+03   0.7215912953845E-17   0.4512079000484E+02  -0.6553924848512E-19  -0.2405936268424E-14  -0.4516689485915E-18   0.4950000000000E+02  -0.4272972146921E-20  -0.1000000000000E+04   0.9976493366987E+00  -0.2285940513897E-20   0.6852591469352E-01  -0.1130753201765E-19
   0.1600000000000E+00   0.3269007713502E+03   0.8726338315991E-17   0.4512079000484E+02  -0.7642628923345E-19  -0.2560784248475E-14  -0.5120425937070E-18   0.5280000000000E+02  -0.5688974892108E-20  -0.1000000000000E+04   0.9976493366987E+00  -0.2804559230997E-20   0.6852591469352E-01  -0.1368538766860E-19
   0.1700000000000E+00   0.3269007713502E+03   0.1042920536776E-16   0.4512079000484E+02  -0.8844776193282E-19  -0.2715101622539E-14  -0.5759272316575E-18   0.5610000000000E+02  -0.7450188418328E-20  -0.1000000000000E+04   0.9976493366987E+00  -0.3401575397167E-20   0.6852591469352E-01  -0.1636925639543E-19
   0.1800000000000E+00   0.3269007713502E+03   0.1233480959206E-16   0.4512079000484E+02  -0.1016718021673E-18  -0.2868888390517E-14  -0.6432736481101E-18   0.5940000000000E+02  -0.9614529580457E-20  -0.1000000000000E+04   0.9976493366987E+00  -0.4084011478644E-20   0.6852591469352E-01  -0.1937612927119E-19
   0.1900000000000E+00   0.3269007713502E+03   0.1445322725471E-16   0.4512079000484E+02  -0.1161685664557E-18  -0.3022144552311E-14  -0.7140316216211E-18   0.6270000000000E+02  -0.1224578943998E-19  -0.1000000000000E+04   0.9976493366987E+00  -0.4859217876710E-20   0.6852591469352E-01  -0.2272272565727E-19
   0.2000000000000E+00   0.3269007713502E+03   0.1679431155215E-16   0.4512079000484E+02  -0.1320101052066E-18  -0.3174870107823E-14  -0.7881499514259E-18   0.6600000000000E+02  -0.1541388665121E-19  -0.1000000000000E+04   0.9976493366987E+00  -0.5734882350868E-20   0.6852591469352E-01  -0.2642548757813E-19
   0.2100000000000E+00   0.3269007713502E+03   0.1936768532125E-16   0.4512079000484E+02  -0.1492697681306E-18  -0.3326622886786E-14  -0.8655719977828E-18   0.6930000000000E+02  -0.1919511806000E-19  -0.1000000000000E+04   0.9976493366987E+00  -0.6719037857210E-20   0.6852591469352E-01  -0.3050056871707E-19
   0.2200000000000E+00   0.3269007713502E+03   0.2218271249597E-16   0.4512079000484E+02  -0.1680220431271E-18  -0.3477845059279E-14  -0.9462357416972E-18   0.7260000000000E+02  -0.2367240479733E-19  -0.1000000000000E+04   0.9976493366987E+00  -0.7820063873844E-20   0.6852591469352E-01  -0.3496379034295E-19
   0.2300000000000E+00   0.3269007713502E+03   0.2524851995406E-16   0.4512079000484E+02  -0.1883443169344E-18  -0.3628625059242E-14  -0.1030091754463E-17   0.7590000000000E+02  -0.2893553508800E-19  -0.1000000000000E+04   0.9976493366987E+00  -0.9046700584433E-20   0.6852591469352E-01  -0.3983067529701E-19
   0.2400000000000E+00   0.3269007713502E+03   0.2857400862292E-16   0.4512079000484E+02  -0.2103153787888E-18  -0.3779228188688E-14  -0.1117089733940E-17   0.7920000000000E+02  -0.3508140585942E-19  -0.1000000000000E+04   0.9976493366987E+00  -0.1040805968288E-19   0.6852591469352E-01  -0.4511646536064E-19
   0.2500000000000E+00   0.3269007713502E+03   0.3216786102835E-16   0.4512079000484E+02  -0.2340153207204E-18  -0.3929389145425E-14  -0.1207178519328E-17   0.8250000000000E+02  -0.4221426309578E-19  -0.1000000000000E+04   0.9976493366987E+00  -0.1191363373259E-19   0.6852591469352E-01  -0.5083613313455E-19
   0.2600000000000E+00   0.3269007713502E+03   0.3603852749415E-16   0.4512079000484E+02  -0.2595254108238E-18  -0.4079107929364E-14  -0.1300306131897E-17   0.8580000000000E+02  -0.5044593933082E-19  -0.1000000000000E+04   0.9976493366987E+00  -0.1357329916169E-19   0.6852591469352E-01  -0.5700436075634E-19
   0.2700000000000E+00   0.3269007713502E+03   0.4019421970157E-16   0.4512079000484E+02  -0.2869275103858E-18  -0.4228296106386E-14  -0.1396415316270E-17   0.8910000000000E+02  -0.5989608803772E-19  -0.1000000000000E+04   0.9976493366987E+00  -0.1539732059816E-19   0.6852591469352E-01  -0.6363552995752E-19
   0.2800000000000E+00   0.3269007713502E+03   0.4464290084398E-16   0.4512079000484E+02  -0.3163044156088E-18  -0.4376865242371E-14  -0.1495448070644E-17   0.9240000000000E+02  -0.7069241475776E-19  -0.1000000000000E+04   0.9976493366987E+00  -0.1739635364999E-19   0.6852591469352E-01  -0.7074370677646E-19
   0.2900000000000E+00   0.3269007713502E+03   0.4939227598512E-16   0.4512079000484E+02  -0.3477392692332E-18  -0.4524815337237E-14  -0.1597341194104E-17   0.9570000000000E+02  -0.8297090468476E-19  -0.1000000000000E+04   0.9976493366987E+00  -0.1958144708506E-19   0.6852591469352E-01  -0.7834262650870E-19
   0.3000000000000E+00   0.3269007713502E+03   0.5444978619191E-16   0.4512079000484E+02  -0.3813159058998E-18  -0.4671881088800E-14  -0.1702030814443E-17   0.9900000000000E+02  -0.9687604669788E-19  -0.1000000000000E+04   0.9976493366987E+00  -0.2196404538260E-19   0.6852591469352E-01  -0.8644568444330E-19
   0.3100000000000E+00   0.3269007713502E+03   0.5982259931588E-16   0.4512079000484E+02  -0.4171191908459E-18  -0.4818769969254E-14  -0.1809456921642E-17   0.1023000000000E+03  -0.1125610531837E-18  -0.1000000000000E+04   0.9976493366987E+00  -0.2455598969417E-19   0.6852591469352E-01  -0.9506592130921E-19
   0.3200000000000E+00   0.3269007713502E+03   0.6551764383789E-16   0.4512079000484E+02  -0.4552349565059E-18  -0.4965216676419E-14  -0.1919563356910E-17   0.1056000000000E+03  -0.1301880784680E-18  -0.1000000000000E+04   0.9976493366987E+00  -0.2736952994659E-19   0.6852591469352E-01  -0.1042160755209E-18
   0.3300000000000E+00   0.3269007713502E+03   0.7154160332265E-16   0.4512079000484E+02  -0.4957498956244E-18  -0.5111663380390E-14  -0.2032297846665E-17   0.1089000000000E+03  -0.1499284353600E-18  -0.1000000000000E+04   0.9976493366987E+00  -0.3041732589269E-19   0.6852591469352E-01  -0.1139085743646E-18
   0.3400000000000E+00   0.3269007713502E+03   0.7790093963300E-16   0.4512079000484E+02  -0.5387514955679E-18  -0.5258021647058E-14  -0.2147612001835E-17   0.1122000000000E+03  -0.1719628101879E-18  -0.1000000000000E+04   0.9976493366987E+00  -0.3371245546206E-19   0.6852591469352E-01  -0.1241555697776E-18
   0.3500000000000E+00   0.3269007713502E+03   0.8460188390447E-16   0.4512079000484E+02  -0.5843265449803E-18  -0.5403849306179E-14  -0.2265447877492E-17   0.1155000000000E+03  -0.1964814765634E-18  -0.1000000000000E+04   0.9976493366987E+00  -0.3726841404949E-19   0.6852591469352E-01  -0.1349689241631E-18
   0.3600000000000E+00   0.3269007713502E+03   0.9165040627864E-16   0.4512079000484E+02  -0.6325614660964E-18  -0.5549146357682E-14  -0.2385742528099E-17   0.1188000000000E+03  -0.2236845047666E-18  -0.1000000000000E+04   0.9976493366987E+00  -0.4109910743195E-19   0.6852591469352E-01  -0.1463601631501E-18
   0.3700000000000E+00   0.3269007713502E+03   0.9905221101091E-16   0.4512079000484E+02  -0.6835426740338E-18  -0.5693912801496E-14  -0.2508432535464E-17   0.1221000000000E+03  -0.2537819667794E-18  -0.1000000000000E+04   0.9976493366987E+00  -0.4521885085684E-19   0.6852591469352E-01  -0.1583404675752E-18
   0.3800000000000E+00   0.3269007713502E+03   0.1068127353224E-15   0.4512079000484E+02  -0.7373564775356E-18  -0.5838237071589E-14  -0.2633454040685E-17   0.1254000000000E+03  -0.2869941380815E-18  -0.1000000000000E+04   0.9976493366987E+00  -0.4964236860169E-19   0.6852591469352E-01  -0.1709206712239E-18
   0.3900000000000E+00   0.3269007713502E+03   0.1149371555597E-15   0.4512079000484E+02  -0.7940894558131E-18  -0.5982119167894E-14  -0.2760747259470E-17   0.1287000000000E+03  -0.3235516965019E-18  -0.1000000000000E+04   0.9976493366987E+00  -0.5438479499987E-19   0.6852591469352E-01  -0.1841112698704E-18
   0.4000000000000E+00   0.3269007713502E+03   0.1234303862928E-15   0.4512079000484E+02  -0.8538274363885E-18  -0.6125470656314E-14  -0.2890247529324E-17   0.1320000000000E+03  -0.3636959184407E-18  -0.1000000000000E+04   0.9976493366987E+00  -0.5946167310833E-19   0.6852591469352E-01  -0.1979224193513E-18
   0.4100000000000E+00   0.3269007713502E+03   0.1322970759960E-15   0.4512079000484E+02  -0.9166563272748E-18  -0.6268645272921E-14  -0.3021894329293E-17   0.1353000000000E+03  -0.4076788716067E-18  -0.1000000000000E+04   0.9976493366987E+00  -0.6488895193370E-19   0.6852591469352E-01  -0.2123639282888E-18
   0.4200000000000E+00   0.3269007713502E+03   0.1415416243328E-15   0.4512079000484E+02  -0.9826615872534E-18  -0.6411377715554E-14  -0.3155626797567E-17   0.1386000000000E+03  -0.4557636055980E-18  -0.1000000000000E+04   0.9976493366987E+00  -0.7068298906598E-19   0.6852591469352E-01  -0.2274452843065E-18
   0.4300000000000E+00   0.3269007713502E+03   0.1511681708726E-15   0.4512079000484E+02  -0.1051928127311E-17  -0.6553579550119E-14  -0.3291383774380E-17   0.1419000000000E+03  -0.5082243395985E-18  -0.1000000000000E+04   0.9976493366987E+00  -0.7686054518452E-19   0.6852591469352E-01  -0.2431756359271E-18
   0.4400000000000E+00   0.3269007713502E+03   0.1611805840083E-15   0.4512079000484E+02  -0.1124539281796E-17  -0.6695250776559E-14  -0.3429094861891E-17   0.1452000000000E+03  -0.5653466462782E-18  -0.1000000000000E+04   0.9976493366987E+00  -0.8343877809745E-19   0.6852591469352E-01  -0.2595637747086E-18
   0.4500000000000E+00   0.3269007713502E+03   0.1715824608309E-15   0.4512079000484E+02  -0.1200578579635E-17  -0.6836479828853E-14  -0.3568698424213E-17   0.1485000000000E+03  -0.6274276316940E-18  -0.1000000000000E+04   0.9976493366987E+00  -0.9043523920194E-19   0.6852591469352E-01  -0.2766181343004E-18
   0.4600000000000E+00   0.3269007713502E+03   0.1823771378867E-15   0.4512079000484E+02  -0.1280128744582E-17  -0.6977532009050E-14  -0.3710132622518E-17   0.1518000000000E+03  -0.6947761123384E-18  -0.1000000000000E+04   0.9976493366987E+00  -0.9786787245505E-19   0.6852591469352E-01  -0.2943468063456E-18
   0.4700000000000E+00   0.3269007713502E+03   0.1935677019607E-15   0.4512079000484E+02  -0.1363271632213E-17  -0.7118053580963E-14  -0.3853335432146E-17   0.1551000000000E+03  -0.7677127903616E-18  -0.1000000000000E+04   0.9976493366987E+00  -0.1057550130420E-18   0.6852591469352E-01  -0.3127575564610E-18
   0.4800000000000E+00   0.3269007713502E+03   0.2051569723445E-15   0.4512079000484E+02  -0.1450087666058E-17  -0.7258044544540E-14  -0.3998240201936E-17   0.1584000000000E+03  -0.8465704251602E-18  -0.1000000000000E+04   0.9976493366987E+00  -0.1141153779200E-18   0.6852591469352E-01  -0.3318577959480E-18
   0.4900000000000E+00   0.3269007713502E+03   0.2171474976654E-15   0.4512079000484E+02  -0.1540656218833E-17  -0.7397593333769E-14  -0.4144780181900E-17   0.1617000000000E+03  -0.9316940007581E-18  -0.1000000000000E+04   0.9976493366987E+00  -0.1229680597757E-18   0.6852591469352E-01  -0.3516545759980E-18
   0.5000000000000E+00   0.3269007713502E+03   0.2295415636082E-15   0.4512079000484E+02  -0.1635056009398E-17  -0.7536699948604E-14  -0.4292893038071E-17   0.1650000000000E+03  -0.1023440889917E-17  -0.1000000000000E+04   0.9976493366987E+00  -0.1323325235072E-18   0.6852591469352E-01  -0.3721545987573E-18
   0.5100000000000E+00   0.3269007713502E+03   0.2423411971519E-15   0.4512079000484E+02  -0.1733364569773E-17  -0.7675718125137E-14  -0.4442516386856E-17   0.1683000000000E+03  -0.1122181015385E-17  -0.1000000000000E+04   0.9976493366987E+00  -0.1422286014123E-18   0.6852591469352E-01  -0.3933642229765E-18
   0.5200000000000E+00   0.3269007713502E+03   0.2555481851939E-15   0.4512079000484E+02  -0.1835658665649E-17  -0.7814294127188E-14  -0.4593592294928E-17   0.1716000000000E+03  -0.1228297009121E-17  -0.1000000000000E+04   0.9976493366987E+00  -0.1526764919719E-18   0.6852591469352E-01  -0.4152894919920E-18
   0.5300000000000E+00   0.3269007713502E+03   0.2691640610237E-15   0.4512079000484E+02  -0.1942013284370E-17  -0.7952693256821E-14  -0.4746058340842E-17   0.1749000000000E+03  -0.1342184368434E-17  -0.1000000000000E+04   0.9976493366987E+00  -0.1636967496335E-18   0.6852591469352E-01  -0.4379361118308E-18
   0.5400000000000E+00   0.3269007713502E+03   0.2831901124439E-15   0.4512079000484E+02  -0.2052502045279E-17  -0.8090650211892E-14  -0.4899852127286E-17   0.1782000000000E+03  -0.1464251609003E-17  -0.1000000000000E+04   0.9976493366987E+00  -0.1753102800661E-18   0.6852591469352E-01  -0.4613094628485E-18
   0.5500000000000E+00   0.3269007713502E+03   0.2976273757028E-15   0.4512079000484E+02  -0.2167197592129E-17  -0.8228607162537E-14  -0.5054915810515E-17   0.1815000000000E+03  -0.1594920414359E-17  -0.1000000000000E+04   0.9976493366987E+00  -0.1875383312248E-18   0.6852591469352E-01  -0.4854145893207E-18
   0.5600000000000E+00   0.3269007713502E+03   0.3124766581708E-15   0.4512079000484E+02  -0.2286171097751E-17  -0.8366121938548E-14  -0.5211191610839E-17   0.1848000000000E+03  -0.1734625783307E-17  -0.1000000000000E+04   0.9976493366987E+00  -0.2004024919057E-18   0.6852591469352E-01  -0.5102562336138E-18
   0.5700000000000E+00   0.3269007713502E+03   0.3277385180935E-15   0.4512079000484E+02  -0.2409491716650E-17  -0.8503459841994E-14  -0.5368617373253E-17   0.1881000000000E+03  -0.1883816174189E-17  -0.1000000000000E+04   0.9976493366987E+00  -0.2139246784462E-18   0.6852591469352E-01  -0.5358388037874E-18
   0.5800000000000E+00   0.3269007713502E+03   0.3434132731978E-15   0.4512079000484E+02  -0.2537227002391E-17  -0.8640444004774E-14  -0.5527131078918E-17   0.1914000000000E+03  -0.2042953645630E-17  -0.1000000000000E+04   0.9976493366987E+00  -0.2281271288359E-18   0.6852591469352E-01  -0.5621663858770E-18
   0.5900000000000E+00   0.3269007713502E+03   0.3595010022559E-15   0.4512079000484E+02  -0.2669443781564E-17  -0.8777428162996E-14  -0.5686679857058E-17   0.1947000000000E+03  -0.2212513993943E-17  -0.1000000000000E+04   0.9976493366987E+00  -0.2430323946213E-18   0.6852591469352E-01  -0.5892427452261E-18
   0.6000000000000E+00   0.3269007713502E+03   0.3760015646044E-15   0.4512079000484E+02  -0.2806206733820E-17  -0.8914323882596E-14  -0.5847206514140E-17   0.1980000000000E+03  -0.2392986888773E-17  -0.1000000000000E+04   0.9976493366987E+00  -0.2586633374681E-18   0.6852591469352E-01  -0.6170713556878E-18
   0.6100000000000E+00   0.3269007713502E+03   0.3929145981978E-15   0.4512079000484E+02  -0.2947579272182E-17  -0.9051131163546E-14  -0.6008658547066E-17   0.2013000000000E+03  -0.2584876006385E-17  -0.1000000000000E+04   0.9976493366987E+00  -0.2750431197465E-18   0.6852591469352E-01  -0.6456553955600E-18
   0.6200000000000E+00   0.3269007713502E+03   0.4102395177863E-15   0.4512079000484E+02  -0.3093622101131E-17  -0.9187496269684E-14  -0.6170974696493E-17   0.2046000000000E+03  -0.2788699159994E-17  -0.1000000000000E+04   0.9976493366987E+00  -0.2921951948953E-18   0.6852591469352E-01  -0.6749977436784E-18
   0.6300000000000E+00   0.3269007713502E+03   0.4279754953577E-15   0.4512079000484E+02  -0.3244394072210E-17  -0.9323419200987E-14  -0.6334093982333E-17   0.2079000000000E+03  -0.3004988425769E-17  -0.1000000000000E+04   0.9976493366987E+00  -0.3101432926570E-18   0.6852591469352E-01  -0.7051009479387E-18
   0.6400000000000E+00   0.3269007713502E+03   0.4461214623002E-15   0.4512079000484E+02  -0.3399952134753E-17  -0.9459253693569E-14  -0.6497955731268E-17   0.2112000000000E+03  -0.3234290264527E-17  -0.1000000000000E+04   0.9976493366987E+00  -0.3289114098018E-18   0.6852591469352E-01  -0.7359672274151E-18
   0.6500000000000E+00   0.3269007713502E+03   0.4646761295220E-15   0.4512079000484E+02  -0.3560351779828E-17  -0.9594734445307E-14  -0.6662504073542E-17   0.2145000000000E+03  -0.3477165641172E-17  -0.1000000000000E+04   0.9976493366987E+00  -0.3485238055223E-18   0.6852591469352E-01  -0.7675985023528E-18
   0.6600000000000E+00   0.3269007713502E+03   0.4836379861448E-15   0.4512079000484E+02  -0.3725646994887E-17  -0.9730568928455E-14  -0.6827687972489E-17   0.2178000000000E+03  -0.3734190141111E-17  -0.1000000000000E+04   0.9976493366987E+00  -0.3690049908548E-18   0.6852591469352E-01  -0.7999963909275E-18
   0.6700000000000E+00   0.3269007713502E+03   0.5030053340132E-15   0.4512079000484E+02  -0.3895889807930E-17  -0.9865961236689E-14  -0.6993456717320E-17   0.2211000000000E+03  -0.4005954085684E-17  -0.1000000000000E+04   0.9976493366987E+00  -0.3903797276987E-18   0.6852591469352E-01  -0.8331622616069E-18
   0.6800000000000E+00   0.3269007713502E+03   0.5227762506001E-15   0.4512079000484E+02  -0.4071129276977E-17  -0.1000117667209E-13  -0.7159751008205E-17   0.2244000000000E+03  -0.4293062644103E-17  -0.1000000000000E+04   0.9976493366987E+00  -0.4126730083534E-18   0.6852591469352E-01  -0.8670971744624E-18
   0.6900000000000E+00   0.3269007713502E+03   0.5429485951627E-15   0.4512079000484E+02  -0.4251412387498E-17  -0.1013594993255E-13  -0.7326511960517E-17   0.2277000000000E+03  -0.4596135940963E-17  -0.1000000000000E+04   0.9976493366987E+00  -0.4359100463662E-18   0.6852591469352E-01  -0.9018018894479E-18
   0.7000000000000E+00   0.3269007713502E+03   0.5635200006876E-15   0.4512079000484E+02  -0.4436784002671E-17  -0.1027036945209E-13  -0.7493681142161E-17   0.2310000000000E+03  -0.4915809159952E-17  -0.1000000000000E+04   0.9976493366987E+00  -0.4601162633182E-18   0.6852591469352E-01  -0.9372768526066E-18
   0.7100000000000E+00   0.3269007713502E+03   0.5844878838920E-15   0.4512079000484E+02  -0.4627287301182E-17  -0.1040478896683E-13  -0.7661205081954E-17   0.2343000000000E+03  -0.5252732643931E-17  -0.1000000000000E+04   0.9976493366987E+00  -0.4853172802436E-18   0.6852591469352E-01  -0.9735222102394E-18
   0.7200000000000E+00   0.3269007713502E+03   0.6058494731358E-15   0.4512079000484E+02  -0.4822964245007E-17  -0.1053947377887E-13  -0.7829039754759E-17   0.2376000000000E+03  -0.5607571993251E-17  -0.1000000000000E+04   0.9976493366987E+00  -0.5115389138205E-18   0.6852591469352E-01  -0.1010537850900E-17
   0.7300000000000E+00   0.3269007713502E+03   0.6276018219001E-15   0.4512079000484E+02  -0.5023853716608E-17  -0.1067371641592E-13  -0.7997132620272E-17   0.2409000000000E+03  -0.5981008163405E-17  -0.1000000000000E+04   0.9976493366987E+00  -0.5388071687387E-18   0.6852591469352E-01  -0.1048323425099E-17
   0.7400000000000E+00   0.3269007713502E+03   0.6497417722532E-15   0.4512079000484E+02  -0.5229991911330E-17  -0.1080751687797E-13  -0.8165427182226E-17   0.2442000000000E+03  -0.6373737558102E-17  -0.1000000000000E+04   0.9976493366987E+00  -0.5671482163509E-18   0.6852591469352E-01  -0.1086878287397E-17
   0.7500000000000E+00   0.3269007713502E+03   0.6722659544328E-15   0.4512079000484E+02  -0.5441412768032E-17  -0.1094122890117E-13  -0.8333867507956E-17   0.2475000000000E+03  -0.6786472117217E-17  -0.1000000000000E+04   0.9976493366987E+00  -0.5965883827114E-18   0.6852591469352E-01  -0.1126201494363E-17
   0.7600000000000E+00   0.3269007713502E+03   0.6951708079596E-15   0.4512079000484E+02  -0.5658148432340E-17  -0.1107449874937E-13  -0.8502402721104E-17   0.2508000000000E+03  -0.7219939402318E-17  -0.1000000000000E+04   0.9976493366987E+00  -0.6271541423395E-18   0.6852591469352E-01  -0.1166291835959E-17
   0.7700000000000E+00   0.3269007713502E+03   0.7184525741437E-15   0.4512079000484E+02  -0.5880228756251E-17  -0.1120812232887E-13  -0.8670982543607E-17   0.2541000000000E+03  -0.7674882678882E-17  -0.1000000000000E+04   0.9976493366987E+00  -0.6588721041575E-18   0.6852591469352E-01  -0.1207147822555E-17
   0.7800000000000E+00   0.3269007713502E+03   0.7421073387530E-15   0.4512079000484E+02  -0.6107682494563E-17  -0.1134156903546E-13  -0.8839568498378E-17   0.2574000000000E+03  -0.8152060997154E-17  -0.1000000000000E+04   0.9976493366987E+00  -0.6917690109555E-18   0.6852591469352E-01  -0.1248767749786E-17
   0.7900000000000E+00   0.3269007713502E+03   0.7661310173085E-15   0.4512079000484E+02  -0.6340534484861E-17  -0.1147475043513E-13  -0.9008106995955E-17   0.2607000000000E+03  -0.8652249270867E-17  -0.1000000000000E+04   0.9976493366987E+00  -0.7258717234170E-18   0.6852591469352E-01  -0.1291149674481E-17
   0.8000000000000E+00   0.3269007713502E+03   0.7905193369409E-15   0.4512079000484E+02  -0.6578807930603E-17  -0.1160784339593E-13  -0.9176551838159E-17   0.2640000000000E+03  -0.9176238351860E-17  -0.1000000000000E+04   0.9976493366987E+00  -0.7612072030391E-18   0.6852591469352E-01  -0.1334291385209E-17
   0.8100000000000E+00   0.3269007713502E+03   0.8152678542600E-15   0.4512079000484E+02  -0.6822523010228E-17  -0.1174049418173E-13  -0.9344850744731E-17   0.2673000000000E+03  -0.9724835100943E-17  -0.1000000000000E+04   0.9976493366987E+00  -0.7978025045852E-18   0.6852591469352E-01  -0.1378190428603E-17
   0.8200000000000E+00   0.3269007713502E+03   0.8403719374210E-15   0.4512079000484E+02  -0.7071697533938E-17  -0.1187279122657E-13  -0.9512952135320E-17   0.2706000000000E+03  -0.1029886245538E-16  -0.1000000000000E+04   0.9976493366987E+00  -0.8356847588183E-18   0.6852591469352E-01  -0.1422844080171E-17
   0.8300000000000E+00   0.3269007713502E+03   0.8658267806229E-15   0.4512079000484E+02  -0.7326347870525E-17  -0.1200544200274E-13  -0.9680814120647E-17   0.2739000000000E+03  -0.1089915949221E-16  -0.1000000000000E+04   0.9976493366987E+00  -0.8748811637892E-18   0.6852591469352E-01  -0.1468249365336E-17
   0.8400000000000E+00   0.3269007713502E+03   0.8916274471456E-15   0.4512079000484E+02  -0.7586488528995E-17  -0.1213800434006E-13  -0.9848399980055E-17   0.2772000000000E+03  -0.1152658149133E-16  -0.1000000000000E+04   0.9976493366987E+00  -0.9154189839871E-18   0.6852591469352E-01  -0.1514403124844E-17
   0.8500000000000E+00   0.3269007713502E+03   0.9177688478101E-15   0.4512079000484E+02  -0.7852130270620E-17  -0.1227012450241E-13  -0.1001566023706E-16   0.2805000000000E+03  -0.1218199999659E-16  -0.1000000000000E+04   0.9976493366987E+00  -0.9573255321805E-18   0.6852591469352E-01  -0.1561301980102E-17
   0.8600000000000E+00   0.3269007713502E+03   0.9442457196898E-15   0.4512079000484E+02  -0.8123281464224E-17  -0.1240180248980E-13  -0.1018254618166E-16   0.2838000000000E+03  -0.1286630287145E-16  -0.1000000000000E+04   0.9976493366987E+00  -0.1000628151072E-17   0.6852591469352E-01  -0.1608942298775E-17
   0.8700000000000E+00   0.3269007713502E+03   0.9710526336719E-15   0.4512079000484E+02  -0.8399948544987E-17  -0.1253374577452E-13  -0.1034901437628E-16   0.2871000000000E+03  -0.1358039435034E-16  -0.1000000000000E+04   0.9976493366987E+00  -0.1045354202556E-17   0.6852591469352E-01  -0.1657320205056E-17
   0.8800000000000E+00   0.3269007713502E+03   0.9981840341740E-15   0.4512079000484E+02  -0.8682136059884E-17  -0.1266533531833E-13  -0.1051502662838E-16   0.2904000000000E+03  -0.1432519508911E-16  -0.1000000000000E+04   0.9976493366987E+00  -0.1091531065799E-17   0.6852591469352E-01  -0.1706431639891E-17
   0.8900000000000E+00   0.3269007713502E+03   0.1025634217924E-14   0.4512079000484E+02  -0.8969845709492E-17  -0.1279692485739E-13  -0.1068054104983E-16   0.2937000000000E+03  -0.1510164221267E-16  -0.1000000000000E+04   0.9976493366987E+00  -0.1139186118932E-17   0.6852591469352E-01  -0.1756272326737E-17
   0.9000000000000E+00   0.3269007713502E+03   0.1053397348681E-14   0.4512079000484E+02  -0.9263076828381E-17  -0.1292807222154E-13  -0.1084551655037E-16   0.2970000000000E+03  -0.1591068935953E-16  -0.1000000000000E+04   0.9976493366987E+00  -0.1188346730385E-17   0.6852591469352E-01  -0.1806837793029E-17
   0.9100000000000E+00   0.3269007713502E+03   0.1081467439762E-14   0.4512079000484E+02  -0.9561825895250E-17  -0.1305904271291E-13  -0.1100990838496E-16   0.3003000000000E+03  -0.1675330672258E-16  -0.1000000000000E+04   0.9976493366987E+00  -0.1239040241511E-17   0.6852591469352E-01  -0.1858123341706E-17
   0.9200000000000E+00   0.3269007713502E+03   0.1109838368937E-14   0.4512079000484E+02  -0.9866087476718E-17  -0.1319001319957E-13  -0.1117367713955E-16   0.3036000000000E+03  -0.1763048108646E-16  -0.1000000000000E+04   0.9976493366987E+00  -0.1291293957871E-17   0.6852591469352E-01  -0.1910124072896E-17
   0.9300000000000E+00   0.3269007713502E+03   0.1138503900450E-14   0.4512079000484E+02  -0.1017585472104E-16  -0.1332098368154E-13  -0.1133679321461E-16   0.3069000000000E+03  -0.1854321586305E-16  -0.1000000000000E+04   0.9976493366987E+00  -0.1345135142551E-17   0.6852591469352E-01  -0.1962834916708E-17
   0.9400000000000E+00   0.3269007713502E+03   0.1167457685468E-14   0.4512079000484E+02  -0.1049111704348E-16  -0.1345151198868E-13  -0.1149921437985E-16   0.3102000000000E+03  -0.1949253112533E-16  -0.1000000000000E+04   0.9976493366987E+00  -0.1400591003813E-17   0.6852591469352E-01  -0.2016250632629E-17
   0.9500000000000E+00   0.3269007713502E+03   0.1196693241164E-14   0.4512079000484E+02  -0.1081186196091E-16  -0.1358195185714E-13  -0.1166090378364E-16   0.3135000000000E+03  -0.2047946363671E-16  -0.1000000000000E+04   0.9976493366987E+00  -0.1457688676903E-17   0.6852591469352E-01  -0.2070365775735E-17
   0.9600000000000E+00   0.3269007713502E+03   0.1226203969309E-14   0.4512079000484E+02  -0.1113807418854E-16  -0.1371203798483E-13  -0.1182182096418E-16   0.3168000000000E+03  -0.2150506687737E-16  -0.1000000000000E+04   0.9976493366987E+00  -0.1516455216494E-17   0.6852591469352E-01  -0.2125174724141E-17
   0.9700000000000E+00   0.3269007713502E+03   0.1255983153379E-14   0.4512079000484E+02  -0.1146973703408E-16  -0.1384212410793E-13  -0.1198193534528E-16   0.3201000000000E+03  -0.2257041106737E-16  -0.1000000000000E+04   0.9976493366987E+00  -0.1576917583393E-17   0.6852591469352E-01  -0.2180671673145E-17
   0.9800000000000E+00   0.3269007713502E+03   0.1286023980741E-14   0.4512079000484E+02  -0.1180683103989E-16  -0.1397203335838E-13  -0.1214121274941E-16   0.3234000000000E+03  -0.2367658318790E-16  -0.1000000000000E+04   0.9976493366987E+00  -0.1639102638105E-17   0.6852591469352E-01  -0.2236850668298E-17
   0.9900000000000E+00   0.3269007713502E+03   0.1316319536129E-14   0.4512079000484E+02  -0.1214933445104E-16  -0.1410185417024E-13  -0.1229961991106E-16   0.3267000000000E+03  -0.2482468700001E-16  -0.1000000000000E+04   0.9976493366987E+00  -0.1703037126792E-17   0.6852591469352E-01  -0.2293705593987E-17
   0.1000000000000E+01   0.3269007713502E+03   0.1346862809523E-14   0.4512079000484E+02  -0.1249722323569E-16  -0.1423140967547E-13  -0.1245712448154E-16   0.3300000000000E+03  -0.2601584306026E-16  -0.1000000000000E+04   0.9976493366987E+00  -0.1768747671140E-17   0.6852591469352E-01  -0.2351230184348E-17
   0.1010000000000E+01   0.3269007713502E+03   0.1377646696904E-14   0.4512079000484E+02  -0.1285047156150E-16  -0.1436096517620E-13  -0.1261369953398E-16   0.3333000000000E+03  -0.2725118873343E-16  -0.1000000000000E+04   0.9976493366987E+00  -0.1836260756362E-17   0.6852591469352E-01  -0.2409418023104E-17
   0.1020000000000E+01   0.3269007713502E+03   0.1408664015301E-14   0.4512079000484E+02  -0.1320905090027E-16  -0.1449034380438E-13  -0.1276931457400E-16   0.3366000000000E+03  -0.2853187820323E-16  -0.1000000000000E+04   0.9976493366987E+00  -0.1905602723212E-17   0.6852591469352E-01  -0.2468262565636E-17
   0.1030000000000E+01   0.3269007713502E+03   0.1439907496341E-14   0.4512079000484E+02  -0.1357293050081E-16  -0.1461963399409E-13  -0.1292394005114E-16   0.3399000000000E+03  -0.2985908248039E-16  -0.1000000000000E+04   0.9976493366987E+00  -0.1976799754301E-17   0.6852591469352E-01  -0.2527757127710E-17
   0.1040000000000E+01   0.3269007713502E+03   0.1471369794185E-14   0.4512079000484E+02  -0.1394207741431E-16  -0.1474848200920E-13  -0.1307754736147E-16   0.3432000000000E+03  -0.3123398940779E-16  -0.1000000000000E+04   0.9976493366987E+00  -0.2049877864365E-17   0.6852591469352E-01  -0.2587894896515E-17
   0.1050000000000E+01   0.3269007713502E+03   0.1503043472011E-14   0.4512079000484E+02  -0.1431645602697E-16  -0.1487733001993E-13  -0.1323010438379E-16   0.3465000000000E+03  -0.3265780366209E-16  -0.1000000000000E+04   0.9976493366987E+00  -0.2124862884790E-17   0.6852591469352E-01  -0.2648668908410E-17
   0.1060000000000E+01   0.3269007713502E+03   0.1534921031529E-14   0.4512079000484E+02  -0.1469602997106E-16  -0.1500617802630E-13  -0.1338159342467E-16   0.3498000000000E+03  -0.3413174675303E-16  -0.1000000000000E+04   0.9976493366987E+00  -0.2201780459841E-17   0.6852591469352E-01  -0.2710072093409E-17
   0.1070000000000E+01   0.3269007713502E+03   0.1566994917275E-14   0.4512079000484E+02  -0.1508075936638E-16  -0.1513458385817E-13  -0.1353198427034E-16   0.3531000000000E+03  -0.3565705702163E-16  -0.1000000000000E+04   0.9976493366987E+00  -0.2280656036373E-17   0.6852591469352E-01  -0.2772097280653E-17
   0.1080000000000E+01   0.3269007713502E+03   0.1599257495906E-14   0.4512079000484E+02  -0.1547060267136E-16  -0.1526307811978E-13  -0.1368125218929E-16   0.3564000000000E+03  -0.3723498963447E-16  -0.1000000000000E+04   0.9976493366987E+00  -0.2361514846804E-17   0.6852591469352E-01  -0.2834737165069E-17
   0.1090000000000E+01   0.3269007713502E+03   0.1631701096471E-14   0.4512079000484E+02  -0.1586551768240E-16  -0.1539201454730E-13  -0.1382938687887E-16   0.3597000000000E+03  -0.3886681657562E-16  -0.1000000000000E+04   0.9976493366987E+00  -0.2444381908650E-17   0.6852591469352E-01  -0.2897984368573E-17
   0.1100000000000E+01   0.3269007713502E+03   0.1664318032479E-14   0.4512079000484E+02  -0.1626545927263E-16  -0.1552059723445E-13  -0.1397636998435E-16   0.3630000000000E+03  -0.4055382663974E-16  -0.1000000000000E+04   0.9976493366987E+00  -0.2529282019595E-17   0.6852591469352E-01  -0.2961831473237E-17
   0.1110000000000E+01   0.3269007713502E+03   0.1697100563103E-14   0.4512079000484E+02  -0.1667037983681E-16  -0.1564909148337E-13  -0.1412217964263E-16   0.3663000000000E+03  -0.4229732542140E-16  -0.1000000000000E+04   0.9976493366987E+00  -0.2616239736245E-17   0.6852591469352E-01  -0.3026270960023E-17
   0.1120000000000E+01   0.3269007713502E+03   0.1730040904705E-14   0.4512079000484E+02  -0.1708022979343E-16  -0.1577758572813E-13  -0.1426679496877E-16   0.3696000000000E+03  -0.4409863530081E-16  -0.1000000000000E+04   0.9976493366987E+00  -0.2705279366437E-17   0.6852591469352E-01  -0.3091295225487E-17
   0.1130000000000E+01   0.3269007713502E+03   0.1763131249475E-14   0.4512079000484E+02  -0.1749495902852E-16  -0.1590643370489E-13  -0.1441020951680E-16   0.3729000000000E+03  -0.4595909542796E-16  -0.1000000000000E+04   0.9976493366987E+00  -0.2796424963682E-17   0.6852591469352E-01  -0.3156896609551E-17
   0.1140000000000E+01   0.3269007713502E+03   0.1796363787492E-14   0.4512079000484E+02  -0.1791451463579E-16  -0.1603519324353E-13  -0.1455240879740E-16   0.3762000000000E+03  -0.4788006170661E-16  -0.1000000000000E+04   0.9976493366987E+00  -0.2889700322876E-17   0.6852591469352E-01  -0.3223067428689E-17
   0.1150000000000E+01   0.3269007713502E+03   0.1829730682157E-14   0.4512079000484E+02  -0.1833884138518E-16  -0.1616359904197E-13  -0.1469337480206E-16   0.3795000000000E+03  -0.4986290677608E-16  -0.1000000000000E+04   0.9976493366987E+00  -0.2985128963641E-17   0.6852591469352E-01  -0.3289799936830E-17
   0.1160000000000E+01   0.3269007713502E+03   0.1863224060145E-14   0.4512079000484E+02  -0.1876788220039E-16  -0.1629209327043E-13  -0.1483309051317E-16   0.3828000000000E+03  -0.5190901998851E-16  -0.1000000000000E+04   0.9976493366987E+00  -0.3082734117548E-17   0.6852591469352E-01  -0.3357086308669E-17
   0.1170000000000E+01   0.3269007713502E+03   0.1896836044336E-14   0.4512079000484E+02  -0.1920157962265E-16  -0.1642102966506E-13  -0.1497155334640E-16   0.3861000000000E+03  -0.5401980738468E-16  -0.1000000000000E+04   0.9976493366987E+00  -0.3182538727107E-17   0.6852591469352E-01  -0.3424918689656E-17
   0.1180000000000E+01   0.3269007713502E+03   0.1930558775745E-14   0.4512079000484E+02  -0.1963987355588E-16  -0.1654952388558E-13  -0.1510875266582E-16   0.3894000000000E+03  -0.5619669167063E-16  -0.1000000000000E+04   0.9976493366987E+00  -0.3284565442258E-17   0.6852591469352E-01  -0.3493289229075E-17
   0.1190000000000E+01   0.3269007713502E+03   0.1964384367400E-14   0.4512079000484E+02  -0.2008270124364E-16  -0.1667792966815E-13  -0.1524466984031E-16   0.3927000000000E+03  -0.5844111219072E-16  -0.1000000000000E+04   0.9976493366987E+00  -0.3388836598618E-17   0.6852591469352E-01  -0.3562190007574E-17
   0.1200000000000E+01   0.3269007713502E+03   0.1998304922908E-14   0.4512079000484E+02  -0.2052999917832E-16  -0.1680642388087E-13  -0.1537929619441E-16   0.3960000000000E+03  -0.6075452489702E-16  -0.1000000000000E+04   0.9976493366987E+00  -0.3495374213150E-17   0.6852591469352E-01  -0.3631613064892E-17
   0.1210000000000E+01   0.3269007713502E+03   0.2032312562051E-14   0.4512079000484E+02  -0.2098170316729E-16  -0.1693536025992E-13  -0.1551263298048E-16   0.3993000000000E+03  -0.6313840231801E-16  -0.1000000000000E+04   0.9976493366987E+00  -0.3604199982046E-17   0.6852591469352E-01  -0.3701550438591E-17
   0.1220000000000E+01   0.3269007713502E+03   0.2066399442590E-14   0.4512079000484E+02  -0.2143774701045E-16  -0.1706420820114E-13  -0.1564467787570E-16   0.4026000000000E+03  -0.6559423352809E-16  -0.1000000000000E+04   0.9976493366987E+00  -0.3715335278016E-17   0.6852591469352E-01  -0.3771994197022E-17
   0.1230000000000E+01   0.3269007713502E+03   0.2100557731847E-14   0.4512079000484E+02  -0.2189806204221E-16  -0.1719296770455E-13  -0.1577542052213E-16   0.4059000000000E+03  -0.6812352411482E-16  -0.1000000000000E+04   0.9976493366987E+00  -0.3828801134254E-17   0.6852591469352E-01  -0.3842936394444E-17
   0.1240000000000E+01   0.3269007713502E+03   0.2134779603516E-14   0.4512079000484E+02  -0.2236257809156E-16  -0.1732146190213E-13  -0.1590485151536E-16   0.4092000000000E+03  -0.7072779614282E-16  -0.1000000000000E+04   0.9976493366987E+00  -0.3944618235249E-17   0.6852591469352E-01  -0.3914369065162E-17
   0.1250000000000E+01   0.3269007713502E+03   0.2169057241668E-14   0.4512079000484E+02  -0.2283122444823E-16  -0.1745039826619E-13  -0.1603297138546E-16   0.4125000000000E+03  -0.7340858811493E-16  -0.1000000000000E+04   0.9976493366987E+00  -0.4062806909663E-17   0.6852591469352E-01  -0.3986284228828E-17
   0.1260000000000E+01   0.3269007713502E+03   0.2203382880425E-14   0.4512079000484E+02  -0.2330392902491E-16  -0.1757933462660E-13  -0.1615978156467E-16   0.4158000000000E+03  -0.7616745493400E-16  -0.1000000000000E+04   0.9976493366987E+00  -0.4183387133215E-17   0.6852591469352E-01  -0.4058673951136E-17
   0.1270000000000E+01   0.3269007713502E+03   0.2237748786141E-14   0.4512079000484E+02  -0.2378061791503E-16  -0.1770827098339E-13  -0.1628527991296E-16   0.4191000000000E+03  -0.7900596786376E-16  -0.1000000000000E+04   0.9976493366987E+00  -0.4306378516399E-17   0.6852591469352E-01  -0.4131530315462E-17
   0.1280000000000E+01   0.3269007713502E+03   0.2272147253990E-14   0.4512079000484E+02  -0.2426121542828E-16  -0.1783685360047E-13  -0.1640946072015E-16   0.4224000000000E+03  -0.8192571448709E-16  -0.1000000000000E+04   0.9976493366987E+00  -0.4431800296209E-17   0.6852591469352E-01  -0.4204845416785E-17
   0.1290000000000E+01   0.3269007713502E+03   0.2306570597437E-14   0.4512079000484E+02  -0.2474564504143E-16  -0.1796578995014E-13  -0.1653232370158E-16   0.4257000000000E+03  -0.8492829866126E-16  -0.1000000000000E+04   0.9976493366987E+00  -0.4559671326046E-17   0.6852591469352E-01  -0.4278611344544E-17
   0.1300000000000E+01   0.3269007713502E+03   0.2341011187783E-14   0.4512079000484E+02  -0.2523382948850E-16  -0.1809472629631E-13  -0.1665387394911E-16   0.4290000000000E+03  -0.8801534047306E-16  -0.1000000000000E+04   0.9976493366987E+00  -0.4690010079440E-17   0.6852591469352E-01  -0.4352820243201E-17
   0.1310000000000E+01   0.3269007713502E+03   0.2375461443374E-14   0.4512079000484E+02  -0.2572568986301E-16  -0.1822357420498E-13  -0.1677411295505E-16   0.4323000000000E+03  -0.9118847619340E-16  -0.1000000000000E+04   0.9976493366987E+00  -0.4822834640557E-17   0.6852591469352E-01  -0.4427464294835E-17
   0.1320000000000E+01   0.3269007713502E+03   0.2409913822418E-14   0.4512079000484E+02  -0.2622114564985E-16  -0.1835242211022E-13  -0.1689303861709E-16   0.4356000000000E+03  -0.9444935822949E-16  -0.1000000000000E+04   0.9976493366987E+00  -0.4958162695825E-17   0.6852591469352E-01  -0.4502535707314E-17
   0.1330000000000E+01   0.3269007713502E+03   0.2444360833730E-14   0.4512079000484E+02  -0.2672011617209E-16  -0.1848135844610E-13  -0.1701065869823E-16   0.4389000000000E+03  -0.9779965507537E-16  -0.1000000000000E+04   0.9976493366987E+00  -0.5096011530588E-17   0.6852591469352E-01  -0.4578026730248E-17
   0.1340000000000E+01   0.3269007713502E+03   0.2478795047357E-14   0.4512079000484E+02  -0.2722251925354E-16  -0.1861029477863E-13  -0.1712697733337E-16   0.4422000000000E+03  -0.1012410512618E-15  -0.1000000000000E+04   0.9976493366987E+00  -0.5236398026029E-17   0.6852591469352E-01  -0.4653929670831E-17
   0.1350000000000E+01   0.3269007713502E+03   0.2513209087203E-14   0.4512079000484E+02  -0.2772827125373E-16  -0.1873887737171E-13  -0.1724199503234E-16   0.4455000000000E+03  -0.1047752473051E-15  -0.1000000000000E+04   0.9976493366987E+00  -0.5379338651517E-17   0.6852591469352E-01  -0.4730236881799E-17
   0.1360000000000E+01   0.3269007713502E+03   0.2547595616562E-14   0.4512079000484E+02  -0.2823728755191E-16  -0.1886745996151E-13  -0.1735571318506E-16   0.4488000000000E+03  -0.1084039596530E-15  -0.1000000000000E+04   0.9976493366987E+00  -0.5524849455133E-17   0.6852591469352E-01  -0.4806940738340E-17
   0.1370000000000E+01   0.3269007713502E+03   0.2581947359473E-14   0.4512079000484E+02  -0.2874948330826E-16  -0.1899630785017E-13  -0.1746814077046E-16   0.4521000000000E+03  -0.1121289206287E-15  -0.1000000000000E+04   0.9976493366987E+00  -0.5672946064048E-17   0.6852591469352E-01  -0.4884033670553E-17
   0.1380000000000E+01   0.3269007713502E+03   0.2616257129009E-14   0.4512079000484E+02  -0.2926477331412E-16  -0.1912524416966E-13  -0.1757929206977E-16   0.4554000000000E+03  -0.1159518783767E-15  -0.1000000000000E+04   0.9976493366987E+00  -0.5823643687206E-17   0.6852591469352E-01  -0.4961508206807E-17
   0.1390000000000E+01   0.3269007713502E+03   0.2650517816043E-14   0.4512079000484E+02  -0.2978307086444E-16  -0.1925409205195E-13  -0.1768917544136E-16   0.4587000000000E+03  -0.1198745968072E-15  -0.1000000000000E+04   0.9976493366987E+00  -0.5976957107672E-17   0.6852591469352E-01  -0.5039356955830E-17
   0.1400000000000E+01   0.3269007713502E+03   0.2684722378008E-14   0.4512079000484E+02  -0.3030428802051E-16  -0.1938285149707E-13  -0.1779779557243E-16   0.4620000000000E+03  -0.1238988555389E-15  -0.1000000000000E+04   0.9976493366987E+00  -0.6132900675152E-17   0.6852591469352E-01  -0.5117572588808E-17
   0.1410000000000E+01   0.3269007713502E+03   0.2718863842033E-14   0.4512079000484E+02  -0.3082833658379E-16  -0.1951169937313E-13  -0.1790516245276E-16   0.4653000000000E+03  -0.1280264498401E-15  -0.1000000000000E+04   0.9976493366987E+00  -0.6291488302537E-17   0.6852591469352E-01  -0.5196147843714E-17
   0.1420000000000E+01   0.3269007713502E+03   0.2752935322308E-14   0.4512079000483E+02  -0.3135512816069E-16  -0.1964063568017E-13  -0.1801129134670E-16   0.4686000000000E+03  -0.1322591905692E-15  -0.1000000000000E+04   0.9976493366987E+00  -0.6452733466575E-17   0.6852591469352E-01  -0.5275075551773E-17
   0.1430000000000E+01   0.3269007713502E+03   0.2786930019390E-14   0.4512079000483E+02  -0.3188457281512E-16  -0.1976921824804E-13  -0.1811618930866E-16   0.4719000000000E+03  -0.1365989041145E-15  -0.1000000000000E+04   0.9976493366987E+00  -0.6616649204017E-17   0.6852591469352E-01  -0.5354348635985E-17
   0.1440000000000E+01   0.3269007713502E+03   0.2820841198040E-14   0.4512079000483E+02  -0.3241658001071E-16  -0.1989771237889E-13  -0.1821986418537E-16   0.4752000000000E+03  -0.1410474323326E-15  -0.1000000000000E+04   0.9976493366987E+00  -0.6783248102098E-17   0.6852591469351E-01  -0.5433960076318E-17
   0.1450000000000E+01   0.3269007713502E+03   0.2854662204499E-14   0.4512079000483E+02  -0.3295105913552E-16  -0.2002656024292E-13  -0.1832232908051E-16   0.4785000000000E+03  -0.1456066324847E-15  -0.1000000000000E+04   0.9976493366987E+00  -0.6952542299807E-17   0.6852591469351E-01  -0.5513902936040E-17
   0.1460000000000E+01   0.3269007713502E+03   0.2888386497897E-14   0.4512079000483E+02  -0.3348792005278E-16  -0.2015549653807E-13  -0.1842360679967E-16   0.4818000000000E+03  -0.1502783771735E-15  -0.1000000000000E+04   0.9976493366987E+00  -0.7124543493382E-17   0.6852591469351E-01  -0.5594170410081E-17
   0.1470000000000E+01   0.3269007713502E+03   0.2922007642059E-14   0.4512079000483E+02  -0.3402707128239E-16  -0.2028434439629E-13  -0.1852371188010E-16   0.4851000000000E+03  -0.1550645542815E-15  -0.1000000000000E+04   0.9976493366987E+00  -0.7299262931503E-17   0.6852591469351E-01  -0.5674755812061E-17
   0.1480000000000E+01   0.3269007713502E+03   0.2955519286569E-14   0.4512079000483E+02  -0.3456842002314E-16  -0.2041275008149E-13  -0.1862265060214E-16   0.4884000000000E+03  -0.1599670669065E-15  -0.1000000000000E+04   0.9976493366987E+00  -0.7476711407755E-17   0.6852591469351E-01  -0.5755652544647E-17
   0.1490000000000E+01   0.3269007713502E+03   0.2988915155116E-14   0.4512079000483E+02  -0.3511187403275E-16  -0.2054159793404E-13  -0.1872043896299E-16   0.4917000000000E+03  -0.1649878332948E-15  -0.1000000000000E+04   0.9976493366987E+00  -0.7656899255097E-17   0.6852591469351E-01  -0.5836854081103E-17
   0.1500000000000E+01   0.3269007713502E+03   0.3022189098202E-14   0.4512079000483E+02  -0.3565734173754E-16  -0.2067053421784E-13  -0.1881710260431E-16   0.4950000000000E+03  -0.1701287867752E-15  -0.1000000000000E+04   0.9976493366987E+00  -0.7839836358022E-17   0.6852591469351E-01  -0.5918354046738E-17
   0.1510000000000E+01   0.3269007713502E+03   0.3055335081061E-14   0.4512079000483E+02  -0.3620473041036E-16  -0.2079947049889E-13  -0.1891265884478E-16   0.4983000000000E+03  -0.1753918756942E-15  -0.1000000000000E+04   0.9976493366987E+00  -0.8025532147739E-17   0.6852591469351E-01  -0.6000146200022E-17
   0.1520000000000E+01   0.3269007713502E+03   0.3088347171597E-14   0.4512079000483E+02  -0.3675394666629E-16  -0.2092796460704E-13  -0.1900712117388E-16   0.5016000000000E+03  -0.1807790633499E-15  -0.1000000000000E+04   0.9976493366987E+00  -0.8213995597502E-17   0.6852591469351E-01  -0.6082224413705E-17
   0.1530000000000E+01   0.3269007713502E+03   0.3121219521234E-14   0.4512079000483E+02  -0.3730489694117E-16  -0.2105681244863E-13  -0.1910050375647E-16   0.5049000000000E+03  -0.1862923279235E-15  -0.1000000000000E+04   0.9976493366987E+00  -0.8405235216114E-17   0.6852591469351E-01  -0.6164582644871E-17
   0.1540000000000E+01   0.3269007713502E+03   0.3153946410180E-14   0.4512079000483E+02  -0.3785748898411E-16  -0.2118574872160E-13  -0.1919283484425E-16   0.5082000000000E+03  -0.1919336624104E-15  -0.1000000000000E+04   0.9976493366987E+00  -0.8599259059061E-17   0.6852591469351E-01  -0.6247215004922E-17
   0.1550000000000E+01   0.3269007713502E+03   0.3186522242264E-14   0.4512079000483E+02  -0.3841162957716E-16  -0.2131468499193E-13  -0.1928413430756E-16   0.5115000000000E+03  -0.1977050745538E-15  -0.1000000000000E+04   0.9976493366987E+00  -0.8796074726513E-17   0.6852591469351E-01  -0.6330115751505E-17
   0.1560000000000E+01   0.3269007713502E+03   0.3218941536161E-14   0.4512079000483E+02  -0.3896722549914E-16  -0.2144353282563E-13  -0.1937442261605E-16   0.5148000000000E+03  -0.2036085867766E-15  -0.1000000000000E+04   0.9976493366987E+00  -0.8995689360532E-17   0.6852591469351E-01  -0.6413279274822E-17
   0.1570000000000E+01   0.3269007713502E+03   0.3251198920202E-14   0.4512079000483E+02  -0.3952418309680E-16  -0.2157238065675E-13  -0.1946371634018E-16   0.5181000000000E+03  -0.2096462361128E-15  -0.1000000000000E+04   0.9976493366987E+00  -0.9198109643423E-17   0.6852591469351E-01  -0.6496700089474E-17
   0.1580000000000E+01   0.3269007713502E+03   0.3283289141462E-14   0.4512079000483E+02  -0.4008240973093E-16  -0.2170131691937E-13  -0.1955204160380E-16   0.5214000000000E+03  -0.2158200741373E-15  -0.1000000000000E+04   0.9976493366987E+00  -0.9403341800147E-17   0.6852591469351E-01  -0.6580372848478E-17
   0.1590000000000E+01   0.3269007713502E+03   0.3315207074726E-14   0.4512079000483E+02  -0.4064181243776E-16  -0.2183025317946E-13  -0.1963942058380E-16   0.5247000000000E+03  -0.2221321668976E-15  -0.1000000000000E+04   0.9976493366987E+00  -0.9611391600999E-17   0.6852591469351E-01  -0.6664292357121E-17
   0.1600000000000E+01   0.3269007713502E+03   0.3346947717012E-14   0.4512079000483E+02  -0.4120229843093E-16  -0.2195918943706E-13  -0.1972587599408E-16   0.5280000000000E+03  -0.2285845948441E-15  -0.1000000000000E+04   0.9976493366987E+00  -0.9822264360670E-17   0.6852591469351E-01  -0.6748453564485E-17
   0.1610000000000E+01   0.3269007713502E+03   0.3378506189225E-14   0.4512079000483E+02  -0.4176377514553E-16  -0.2208821412623E-13  -0.1981143106959E-16   0.5313000000000E+03  -0.2351794527611E-15  -0.1000000000000E+04   0.9976493366987E+00  -0.1003596493941E-16   0.6852591469351E-01  -0.6832851566010E-17
   0.1620000000000E+01   0.3269007713502E+03   0.3409877744898E-14   0.4512079000483E+02  -0.4232615075618E-16  -0.2221723881296E-13  -0.1989611403356E-16   0.5346000000000E+03  -0.2419188496972E-15  -0.1000000000000E+04   0.9976493366987E+00  -0.1025249774638E-16   0.6852591469351E-01  -0.6917481617085E-17
   0.1630000000000E+01   0.3269007713502E+03   0.3441057764474E-14   0.4512079000483E+02  -0.4288933281961E-16  -0.2234617506324E-13  -0.1997994461300E-16   0.5379000000000E+03  -0.2488049088955E-15  -0.1000000000000E+04   0.9976493366987E+00  -0.1047186673934E-16   0.6852591469351E-01  -0.7002339124262E-17
   0.1640000000000E+01   0.3269007713502E+03   0.3472041749583E-14   0.4512079000483E+02  -0.4345322970119E-16  -0.2247502287710E-13  -0.2006294750705E-16   0.5412000000000E+03  -0.2558397677246E-15  -0.1000000000000E+04   0.9976493366987E+00  -0.1069407542455E-16   0.6852591469351E-01  -0.7087419636436E-17
   0.1650000000000E+01   0.3269007713502E+03   0.3502825328023E-14   0.4512079000483E+02  -0.4401775015459E-16  -0.2260422442473E-13  -0.2014514787515E-16   0.5445000000000E+03  -0.2630255776071E-15  -0.1000000000000E+04   0.9976493366987E+00  -0.1091912685967E-16   0.6852591469351E-01  -0.7172718852645E-17
   0.1660000000000E+01   0.3269007713502E+03   0.3533404276488E-14   0.4512079000483E+02  -0.4458280385853E-16  -0.2273316066790E-13  -0.2022657578613E-16   0.5478000000000E+03  -0.2703645039515E-15  -0.1000000000000E+04   0.9976493366987E+00  -0.1114702366189E-16   0.6852591469351E-01  -0.7258232657457E-17
   0.1670000000000E+01   0.3269007713502E+03   0.3563774493049E-14   0.4512079000483E+02  -0.4514830002937E-16  -0.2286209690876E-13  -0.2030725275889E-16   0.5511000000000E+03  -0.2778587260822E-15  -0.1000000000000E+04   0.9976493366987E+00  -0.1137776800259E-16   0.6852591469351E-01  -0.7343957078463E-17
   0.1680000000000E+01   0.3269007713502E+03   0.3593932005483E-14   0.4512079000483E+02  -0.4571414886252E-16  -0.2299103314731E-13  -0.2038720521383E-16   0.5544000000000E+03  -0.2855104371697E-15  -0.1000000000000E+04   0.9976493366987E+00  -0.1161136161193E-16   0.6852591469351E-01  -0.7429888299326E-17
   0.1690000000000E+01   0.3269007713502E+03   0.3623872975914E-14   0.4512079000483E+02  -0.4628026111208E-16  -0.2312005781761E-13  -0.2046645996004E-16   0.5577000000000E+03  -0.2933218441610E-15  -0.1000000000000E+04   0.9976493366987E+00  -0.1184780578258E-16   0.6852591469351E-01  -0.7516022667152E-17
   0.1700000000000E+01   0.3269007713502E+03   0.3653593708929E-14   0.4512079000483E+02  -0.4684654860498E-16  -0.2324908248565E-13  -0.2054504866165E-16   0.5610000000000E+03  -0.3012951677102E-15  -0.1000000000000E+04   0.9976493366987E+00  -0.1208710137470E-16   0.6852591469351E-01  -0.7602356705294E-17
   0.1710000000000E+01   0.3269007713502E+03   0.3683090645252E-14   0.4512079000483E+02  -0.4741292287953E-16  -0.2337801871742E-13  -0.2062299435262E-16   0.5643000000000E+03  -0.3094326421105E-15  -0.1000000000000E+04   0.9976493366987E+00  -0.1232924881729E-16   0.6852591469351E-01  -0.7688887103794E-17
   0.1720000000000E+01   0.3269007713502E+03   0.3712360355396E-14   0.4512079000483E+02  -0.4797929660766E-16  -0.2350686651292E-13  -0.2070032490440E-16   0.5676000000000E+03  -0.3177365152246E-15  -0.1000000000000E+04   0.9976493366987E+00  -0.1257424810957E-16   0.6852591469351E-01  -0.7775610709776E-17
   0.1730000000000E+01   0.3269007713502E+03   0.3741399544033E-14   0.4512079000483E+02  -0.4854558317028E-16  -0.2363606804235E-13  -0.2077706851345E-16   0.5709000000000E+03  -0.3262090484161E-15  -0.1000000000000E+04   0.9976493366987E+00  -0.1282209882558E-16   0.6852591469351E-01  -0.7862524534462E-17
   0.1740000000000E+01   0.3269007713502E+03   0.3770205072102E-14   0.4512079000483E+02  -0.4911169718944E-16  -0.2376500426749E-13  -0.2085325814990E-16   0.5742000000000E+03  -0.3348525164816E-15  -0.1000000000000E+04   0.9976493366987E+00  -0.1307280012372E-16   0.6852591469351E-01  -0.7949625787779E-17
   0.1750000000000E+01   0.3269007713502E+03   0.3798773928678E-14   0.4512079000483E+02  -0.4967755313637E-16  -0.2389394049045E-13  -0.2092891809768E-16   0.5775000000000E+03  -0.3436692075837E-15  -0.1000000000000E+04   0.9976493366987E+00  -0.1332635074301E-16   0.6852591469351E-01  -0.8036911835059E-17
   0.1760000000000E+01   0.3269007713502E+03   0.3827103238681E-14   0.4512079000483E+02  -0.5024306676803E-16  -0.2402287671125E-13  -0.2100407740561E-16   0.5808000000000E+03  -0.3526614231827E-15  -0.1000000000000E+04   0.9976493366987E+00  -0.1358274900915E-16   0.6852591469351E-01  -0.8124380209305E-17
   0.1770000000000E+01   0.3269007713502E+03   0.3855190266912E-14   0.4512079000483E+02  -0.5080815470189E-16  -0.2415181292990E-13  -0.2107876537430E-16   0.5841000000000E+03  -0.3618314779696E-15  -0.1000000000000E+04   0.9976493366987E+00  -0.1384199283974E-16   0.6852591469351E-01  -0.8212028617777E-17
   0.1780000000000E+01   0.3269007713502E+03   0.3883032418395E-14   0.4512079000483E+02  -0.5137273445077E-16  -0.2428074914642E-13  -0.2115301153889E-16   0.5874000000000E+03  -0.3711816997996E-15  -0.1000000000000E+04   0.9976493366987E+00  -0.1410407974873E-16   0.6852591469351E-01  -0.8299854942905E-17
   0.1790000000000E+01   0.3269007713502E+03   0.3910627238655E-14   0.4512079000483E+02  -0.5193672445701E-16  -0.2440968536081E-13  -0.2122684565188E-16   0.5907000000000E+03  -0.3807144296259E-15  -0.1000000000000E+04   0.9976493366987E+00  -0.1436900685108E-16   0.6852591469351E-01  -0.8387857243098E-17
   0.1800000000000E+01   0.3269007713502E+03   0.3937972413920E-14   0.4512079000483E+02  -0.5250004412591E-16  -0.2453853313906E-13  -0.2130029766595E-16   0.5940000000000E+03  -0.3904320214340E-15  -0.1000000000000E+04   0.9976493366987E+00  -0.1463677086754E-16   0.6852591469351E-01  -0.8476033753464E-17
   0.1810000000000E+01   0.3269007713502E+03   0.3965065767680E-14   0.4512079000483E+02  -0.5306261385310E-16  -0.2466773465135E-13  -0.2137339772132E-16   0.5973000000000E+03  -0.4003368421771E-15  -0.1000000000000E+04   0.9976493366987E+00  -0.1490736812860E-16   0.6852591469351E-01  -0.8564382880891E-17
   0.1820000000000E+01   0.3269007713502E+03   0.3991905282195E-14   0.4512079000483E+02  -0.5362435555099E-16  -0.2479667085944E-13  -0.2144618059447E-16   0.6006000000000E+03  -0.4104312717118E-15  -0.1000000000000E+04   0.9976493366987E+00  -0.1518079458547E-16   0.6852591469351E-01  -0.8652903237870E-17
   0.1830000000000E+01   0.3269007713502E+03   0.4018489069768E-14   0.4512079000483E+02  -0.5418519125123E-16  -0.2492560706545E-13  -0.2151867223837E-16   0.6039000000000E+03  -0.4207177027353E-15  -0.1000000000000E+04   0.9976493366987E+00  -0.1545704580763E-16   0.6852591469351E-01  -0.8741593598423E-17
   0.1840000000000E+01   0.3269007713502E+03   0.4044815379859E-14   0.4512079000483E+02  -0.5474504453553E-16  -0.2505454326939E-13  -0.2159090323388E-16   0.6072000000000E+03  -0.4311985407214E-15  -0.1000000000000E+04   0.9976493366987E+00  -0.1573611699013E-16   0.6852591469351E-01  -0.8830452909591E-17
   0.1850000000000E+01   0.3269007713502E+03   0.4070882606115E-14   0.4512079000483E+02  -0.5530384057360E-16  -0.2518392164142E-13  -0.2166290876461E-16   0.6105000000000E+03  -0.4418762038581E-15  -0.1000000000000E+04   0.9976493366987E+00  -0.1601800296107E-16   0.6852591469351E-01  -0.8919480302811E-17
   0.1860000000000E+01   0.3269007713502E+03   0.4096689307538E-14   0.4512079000483E+02  -0.5586150571998E-16  -0.2531294627527E-13  -0.2173472408103E-16   0.6138000000000E+03  -0.4527531229879E-15  -0.1000000000000E+04   0.9976493366987E+00  -0.1630269819321E-16   0.6852591469351E-01  -0.9008675127307E-17
   0.1870000000000E+01   0.3269007713502E+03   0.4122234165092E-14   0.4512079000483E+02  -0.5641796609620E-16  -0.2544188247302E-13  -0.2180637105758E-16   0.6171000000000E+03  -0.4638317415471E-15  -0.1000000000000E+04   0.9976493366987E+00  -0.1659019679822E-16   0.6852591469351E-01  -0.9098036883371E-17
   0.1880000000000E+01   0.3269007713502E+03   0.4147515988598E-14   0.4512079000483E+02  -0.5697314994470E-16  -0.2557081866872E-13  -0.2187788062922E-16   0.6204000000000E+03  -0.4751145155048E-15  -0.1000000000000E+04   0.9976493366987E+00  -0.1688049253457E-16   0.6852591469351E-01  -0.9187565233528E-17
   0.1890000000000E+01   0.3269007713502E+03   0.4172533727089E-14   0.4512079000483E+02  -0.5752698673744E-16  -0.2569984329640E-13  -0.2194928377893E-16   0.6237000000000E+03  -0.4866039133031E-15  -0.1000000000000E+04   0.9976493366987E+00  -0.1717357881641E-16   0.6852591469351E-01  -0.9277260019123E-17
   0.1900000000000E+01   0.3269007713502E+03   0.4197286479042E-14   0.4512079000483E+02  -0.5807940814511E-16  -0.2582922165818E-13  -0.2202062049236E-16   0.6270000000000E+03  -0.4983024157987E-15  -0.1000000000000E+04   0.9976493366987E+00  -0.1746944872278E-16   0.6852591469351E-01  -0.9367121276752E-17
   0.1910000000000E+01   0.3269007713502E+03   0.4221773498822E-14   0.4512079000483E+02  -0.5863034575484E-16  -0.2595815784774E-13  -0.2209191727089E-16   0.6303000000000E+03  -0.5102125162075E-15  -0.1000000000000E+04   0.9976493366987E+00  -0.1776809500590E-16   0.6852591469351E-01  -0.9457149248938E-17
   0.1920000000000E+01   0.3269007713502E+03   0.4245994153019E-14   0.4512079000483E+02  -0.5917973243277E-16  -0.2608709403525E-13  -0.2216320064210E-16   0.6336000000000E+03  -0.5223367200470E-15  -0.1000000000000E+04   0.9976493366987E+00  -0.1806951008616E-16   0.6852591469351E-01  -0.9547344317005E-17
   0.1930000000000E+01   0.3269007713502E+03   0.4269947941355E-14   0.4512079000483E+02  -0.5972750283282E-16  -0.2621611865476E-13  -0.2223450161236E-16   0.6369000000000E+03  -0.5346775450801E-15  -0.1000000000000E+04   0.9976493366987E+00  -0.1837368606431E-16   0.6852591469351E-01  -0.9637707034047E-17
   0.1940000000000E+01   0.3269007713502E+03   0.4293634510246E-14   0.4512079000483E+02  -0.6027359390204E-16  -0.2634558544239E-13  -0.2230586012590E-16   0.6402000000000E+03  -0.5472375212595E-15  -0.1000000000000E+04   0.9976493366987E+00  -0.1868061473200E-16   0.6852591469351E-01  -0.9728238146573E-17
   0.1950000000000E+01   0.3269007713502E+03   0.4317053666148E-14   0.4512079000483E+02  -0.6081794306933E-16  -0.2647461005781E-13  -0.2237730706171E-16   0.6435000000000E+03  -0.5600191906764E-15  -0.1000000000000E+04   0.9976493366987E+00  -0.1899028758264E-16   0.6852591469351E-01  -0.9818938615933E-17
   0.1960000000000E+01   0.3269007713502E+03   0.4340205324413E-14   0.4512079000483E+02  -0.6136048820370E-16  -0.2660354623714E-13  -0.2244886427641E-16   0.6468000000000E+03  -0.5730251075075E-15  -0.1000000000000E+04   0.9976493366987E+00  -0.1930269580473E-16   0.6852591469351E-01  -0.9909809539683E-17
   0.1970000000000E+01   0.3269007713502E+03   0.4363089522793E-14   0.4512079000483E+02  -0.6190116950335E-16  -0.2673257084846E-13  -0.2252056254213E-16   0.6501000000000E+03  -0.5862578379618E-15  -0.1000000000000E+04   0.9976493366987E+00  -0.1961783029261E-16   0.6852591469351E-01  -0.1000085217311E-16
   0.1980000000000E+01   0.3269007713502E+03   0.4385706441955E-14   0.4512079000483E+02  -0.6243992954020E-16  -0.2686194919385E-13  -0.2259244150637E-16   0.6534000000000E+03  -0.5997199602290E-15  -0.1000000000000E+04   0.9976493366987E+00  -0.1993568165934E-16   0.6852591469351E-01  -0.1009206796167E-16
   0.1990000000000E+01   0.3269007713502E+03   0.4408056415007E-14   0.4512079000483E+02  -0.6297671143993E-16  -0.2699123910314E-13  -0.2266453169396E-16   0.6567000000000E+03  -0.6134140644319E-15  -0.1000000000000E+04   0.9976493366987E+00  -0.2025624024683E-16   0.6852591469351E-01  -0.1018345855655E-16
   0.2000000000000E+01   0.3269007713502E+03   0.4430139897573E-14   0.4512079000483E+02  -0.6351145933140E-16  -0.2712017527423E-13  -0.2273685901646E-16   0.6600000000000E+03  -0.6273427525782E-15  -0.1000000000000E+04   0.9976493366987E+00  -0.2057949612546E-16   0.6852591469351E-01  -0.1027502576900E-16
   0.2010000000000E+01   0.3269007713502E+03   0.4451957452341E-14   0.4512079000483E+02  -0.6404411880335E-16  -0.2724919987727E-13  -0.2280944926798E-16   0.6633000000000E+03  -0.6415086385117E-15  -0.1000000000000E+04   0.9976493366987E+00  -0.2090543909750E-16   0.6852591469351E-01  -0.1036677154701E-16
   0.2020000000000E+01   0.3269007713502E+03   0.4473509772972E-14   0.4512079000483E+02  -0.6457463787695E-16  -0.2737831291227E-13  -0.2288233706634E-16   0.6666000000000E+03  -0.6559143478651E-15  -0.1000000000000E+04   0.9976493366987E+00  -0.2123405871112E-16   0.6852591469351E-01  -0.1045869801305E-16
   0.2030000000000E+01   0.3269007713502E+03   0.4494797686314E-14   0.4512079000483E+02  -0.6510296563337E-16  -0.2750733751113E-13  -0.2295555235759E-16   0.6699000000000E+03  -0.6705625180142E-15  -0.1000000000000E+04   0.9976493366987E+00  -0.2156534426896E-16   0.6852591469351E-01  -0.1055080746826E-16
   0.2040000000000E+01   0.3269007713502E+03   0.4515822136660E-14   0.4512079000483E+02  -0.6562905221046E-16  -0.2763627367386E-13  -0.2302912041834E-16   0.6732000000000E+03  -0.6854557980344E-15  -0.1000000000000E+04   0.9976493366987E+00  -0.2189928483172E-16   0.6852591469351E-01  -0.1064310236876E-16
   0.2050000000000E+01   0.3269007713502E+03   0.4536584184365E-14   0.4512079000483E+02  -0.6615284974181E-16  -0.2776529826851E-13  -0.2310307082647E-16   0.6765000000000E+03  -0.7005968486558E-15  -0.1000000000000E+04   0.9976493366987E+00  -0.2223586922578E-16   0.6852591469351E-01  -0.1073558532425E-16
   0.2060000000000E+01   0.3269007713502E+03   0.4557085022315E-14   0.4512079000483E+02  -0.6667431285494E-16  -0.2789467659717E-13  -0.2317744191865E-16   0.6798000000000E+03  -0.7159883422215E-15  -0.1000000000000E+04   0.9976493366987E+00  -0.2257508605559E-16   0.6852591469351E-01  -0.1082825912424E-16
   0.2070000000000E+01   0.3269007713502E+03   0.4577325981415E-14   0.4512079000483E+02  -0.6719339637549E-16  -0.2802370118755E-13  -0.2325225830602E-16   0.6831000000000E+03  -0.7316329626479E-15  -0.1000000000000E+04   0.9976493366987E+00  -0.2291692371346E-16   0.6852591469351E-01  -0.1092112674744E-16
   0.2080000000000E+01   0.3269007713502E+03   0.4597308496729E-14   0.4512079000483E+02  -0.6771005761914E-16  -0.2815316794595E-13  -0.2332755335865E-16   0.6864000000000E+03  -0.7475334053848E-15  -0.1000000000000E+04   0.9976493366987E+00  -0.2326137037865E-16   0.6852591469351E-01  -0.1101419130997E-16
   0.2090000000000E+01   0.3269007713502E+03   0.4617034145254E-14   0.4512079000483E+02  -0.6822425552264E-16  -0.2828263470219E-13  -0.2340336016174E-16   0.6897000000000E+03  -0.7636923773779E-15  -0.1000000000000E+04   0.9976493366987E+00  -0.2360841403580E-16   0.6852591469351E-01  -0.1110745612477E-16
   0.2100000000000E+01   0.3269007713502E+03   0.4636504626167E-14   0.4512079000483E+02  -0.6873595063534E-16  -0.2841254362642E-13  -0.2347971152175E-16   0.6930000000000E+03  -0.7801125970331E-15  -0.1000000000000E+04   0.9976493366987E+00  -0.2395804247809E-16   0.6852591469351E-01  -0.1120092467177E-16
   0.2110000000000E+01   0.3269007713502E+03   0.4655721780484E-14   0.4512079000483E+02  -0.6924510562366E-16  -0.2854245254845E-13  -0.2355664441861E-16   0.6963000000000E+03  -0.7967967941828E-15  -0.1000000000000E+04   0.9976493366987E+00  -0.2431024332108E-16   0.6852591469351E-01  -0.1129460062924E-16
   0.2120000000000E+01   0.3269007713502E+03   0.4674687567585E-14   0.4512079000483E+02  -0.6975168363131E-16  -0.2867244990230E-13  -0.2363418429426E-16   0.6996000000000E+03  -0.8137477100539E-15  -0.1000000000000E+04   0.9976493366987E+00  -0.2466500400501E-16   0.6852591469351E-01  -0.1138848783832E-16
   0.2130000000000E+01   0.3269007713502E+03   0.4693404056170E-14   0.4512079000483E+02  -0.7025564990210E-16  -0.2880244725391E-13  -0.2371236077055E-16   0.7029000000000E+03  -0.8309680972355E-15  -0.1000000000000E+04   0.9976493366987E+00  -0.2502231180095E-16   0.6852591469351E-01  -0.1148259028972E-16
   0.2140000000000E+01   0.3269007713502E+03   0.4711873429513E-14   0.4512079000483E+02  -0.7075697156186E-16  -0.2893288677345E-13  -0.2379120538275E-16   0.7062000000000E+03  -0.8484607196489E-15  -0.1000000000000E+04   0.9976493366987E+00  -0.2538215382080E-16   0.6852591469351E-01  -0.1157691213274E-16
   0.2150000000000E+01   0.3269007713502E+03   0.4730098004912E-14   0.4512079000483E+02  -0.7125561788691E-16  -0.2906341472476E-13  -0.2387075378665E-16   0.7095000000000E+03  -0.8662283525189E-15  -0.1000000000000E+04   0.9976493366987E+00  -0.2574451703125E-16   0.6852591469351E-01  -0.1167145770629E-16
   0.2160000000000E+01   0.3269007713502E+03   0.4748080213617E-14   0.4512079000483E+02  -0.7175155889746E-16  -0.2919394267377E-13  -0.2395103228995E-16   0.7128000000000E+03  -0.8842737823487E-15  -0.1000000000000E+04   0.9976493366987E+00  -0.2610938825728E-16   0.6852591469351E-01  -0.1176623150864E-16
   0.2170000000000E+01   0.3269007713502E+03   0.4765822587985E-14   0.4512079000483E+02  -0.7224476627665E-16  -0.2932447062047E-13  -0.2403206683701E-16   0.7161000000000E+03  -0.9025998068936E-15  -0.1000000000000E+04   0.9976493366987E+00  -0.2647675418740E-16   0.6852591469351E-01  -0.1186123817841E-16
   0.2180000000000E+01   0.3269007713502E+03   0.4783327759400E-14   0.4512079000483E+02  -0.7273521337081E-16  -0.2945508699887E-13  -0.2411388299816E-16   0.7194000000000E+03  -0.9212092351363E-15  -0.1000000000000E+04   0.9976493366987E+00  -0.2684660138184E-16   0.6852591469351E-01  -0.1195648249208E-16
   0.2190000000000E+01   0.3269007713502E+03   0.4800598466905E-14   0.4512079000483E+02  -0.7322287613231E-16  -0.2958614554508E-13  -0.2419651493030E-16   0.7227000000000E+03  -0.9401048872635E-15  -0.1000000000000E+04   0.9976493366987E+00  -0.2721891628364E-16   0.6852591469351E-01  -0.1205196937827E-16
   0.2200000000000E+01   0.3269007713502E+03   0.4817637572831E-14   0.4512079000483E+02  -0.7370773175436E-16  -0.2971720408891E-13  -0.2427999186736E-16   0.7260000000000E+03  -0.9592895946460E-15  -0.1000000000000E+04   0.9976493366987E+00  -0.2759368523178E-16   0.6852591469351E-01  -0.1214770394285E-16
   0.2210000000000E+01   0.3269007713502E+03   0.4834448035367E-14   0.4512079000483E+02  -0.7418975864334E-16  -0.2984835106437E-13  -0.2436433813766E-16   0.7293000000000E+03  -0.9787661998197E-15  -0.1000000000000E+04   0.9976493366987E+00  -0.2797089446269E-16   0.6852591469351E-01  -0.1224369142733E-16
   0.2220000000000E+01   0.3269007713502E+03   0.4851032909894E-14   0.4512079000483E+02  -0.7466893735023E-16  -0.2997949803741E-13  -0.2444958213382E-16   0.7326000000000E+03  -0.9985375564670E-15  -0.1000000000000E+04   0.9976493366987E+00  -0.2835053011948E-16   0.6852591469351E-01  -0.1233993721172E-16
   0.2230000000000E+01   0.3269007713502E+03   0.4867395343092E-14   0.4512079000483E+02  -0.7514524963457E-16  -0.3011108717815E-13  -0.2453574732299E-16   0.7359000000000E+03  -0.1018606529400E-14  -0.1000000000000E+04   0.9976493366987E+00  -0.2873257825919E-16   0.6852591469351E-01  -0.1243644680631E-16
   0.2240000000000E+01   0.3269007713502E+03   0.4883538595642E-14   0.4512079000483E+02  -0.7561868035432E-16  -0.3024285318448E-13  -0.2462287017473E-16   0.7392000000000E+03  -0.1038975994546E-14  -0.1000000000000E+04   0.9976493366987E+00  -0.2911702486778E-16   0.6852591469351E-01  -0.1253322588772E-16
   0.2250000000000E+01   0.3269007713502E+03   0.4899466028969E-14   0.4512079000483E+02  -0.7608921466710E-16  -0.3037461918830E-13  -0.2471097321031E-16   0.7425000000000E+03  -0.1059648838934E-14  -0.1000000000000E+04   0.9976493366987E+00  -0.2950385586555E-16   0.6852591469350E-01  -0.1263028027927E-16
   0.2260000000000E+01   0.3269007713502E+03   0.4915181084866E-14   0.4512079000483E+02  -0.7655683939824E-16  -0.3050638518958E-13  -0.2480007849003E-16   0.7458000000000E+03  -0.1080627960687E-14  -0.1000000000000E+04   0.9976493366987E+00  -0.2989305711061E-16   0.6852591469350E-01  -0.1272761592028E-16
   0.2270000000000E+01   0.3269007713502E+03   0.4930687283098E-14   0.4512079000483E+02  -0.7702154303264E-16  -0.3063815118829E-13  -0.2489020760526E-16   0.7491000000000E+03  -0.1101916269005E-14  -0.1000000000000E+04   0.9976493366987E+00  -0.3028461440694E-16   0.6852591469350E-01  -0.1282523886315E-16
   0.2280000000000E+01   0.3269007713502E+03   0.4945988222578E-14   0.4512079000483E+02  -0.7748331617511E-16  -0.3077035935457E-13  -0.2498138615847E-16   0.7524000000000E+03  -0.1123516684160E-14  -0.1000000000000E+04   0.9976493366987E+00  -0.3067851351350E-16   0.6852591469350E-01  -0.1292315527606E-16
   0.2290000000000E+01   0.3269007713502E+03   0.4961087607503E-14   0.4512079000483E+02  -0.7794215204686E-16  -0.3090300968839E-13  -0.2507364821248E-16   0.7557000000000E+03  -0.1145432137487E-14  -0.1000000000000E+04   0.9976493366987E+00  -0.3107474016008E-16   0.6852591469350E-01  -0.1302137148431E-16
   0.2300000000000E+01   0.3269007713502E+03   0.4975989241059E-14   0.4512079000483E+02  -0.7839804415981E-16  -0.3103530628342E-13  -0.2516701382359E-16   0.7590000000000E+03  -0.1167665571379E-14  -0.1000000000000E+04   0.9976493366987E+00  -0.3147328005460E-16   0.6852591469350E-01  -0.1311989396159E-16
   0.2310000000000E+01   0.3269007713502E+03   0.4990696979842E-14   0.4512079000483E+02  -0.7885098764686E-16  -0.3116795661189E-13  -0.2526150256059E-16   0.7623000000000E+03  -0.1190219939286E-14  -0.1000000000000E+04   0.9976493366987E+00  -0.3187411887959E-16   0.6852591469350E-01  -0.1321872926011E-16
   0.2320000000000E+01   0.3269007713502E+03   0.5005214763607E-14   0.4512079000483E+02  -0.7930097975524E-16  -0.3130060693763E-13  -0.2535713795233E-16   0.7656000000000E+03  -0.1213098205708E-14  -0.1000000000000E+04   0.9976493366987E+00  -0.3227724230887E-16   0.6852591469350E-01  -0.1331788405756E-16
   0.2330000000000E+01   0.3269007713502E+03   0.5019546601889E-14   0.4512079000483E+02  -0.7974801935955E-16  -0.3143369943079E-13  -0.2545394300089E-16   0.7689000000000E+03  -0.1236303346197E-14  -0.1000000000000E+04   0.9976493366987E+00  -0.3268263601260E-16   0.6852591469350E-01  -0.1341736513725E-16
   0.2340000000000E+01   0.3269007713502E+03   0.5033696592849E-14   0.4512079000483E+02  -0.8019210744554E-16  -0.3156688035519E-13  -0.2555194464062E-16   0.7722000000000E+03  -0.1259838347354E-14  -0.1000000000000E+04   0.9976493366987E+00  -0.3309028567112E-16   0.6852591469350E-01  -0.1351717941817E-16
   0.2350000000000E+01   0.3269007713502E+03   0.5047668902618E-14   0.4512079000483E+02  -0.8063324568656E-16  -0.3170006127676E-13  -0.2565116027530E-16   0.7755000000000E+03  -0.1283706206836E-14  -0.1000000000000E+04   0.9976493366987E+00  -0.3350017697799E-16   0.6852591469350E-01  -0.1361733392389E-16
   0.2360000000000E+01   0.3269007713502E+03   0.5061467751896E-14   0.4512079000483E+02  -0.8107143734595E-16  -0.3183324219547E-13  -0.2575160676894E-16   0.7788000000000E+03  -0.1307909933357E-14  -0.1000000000000E+04   0.9976493366987E+00  -0.3391229564501E-16   0.6852591469350E-01  -0.1371783576259E-16
   0.2370000000000E+01   0.3269007713502E+03   0.5075097413353E-14   0.4512079000483E+02  -0.8150668726069E-16  -0.3196642311129E-13  -0.2585330044097E-16   0.7821000000000E+03  -0.1332452546692E-14  -0.1000000000000E+04   0.9976493366987E+00  -0.3432662740986E-16   0.6852591469350E-01  -0.1381869212383E-16
   0.2380000000000E+01   0.3269007713502E+03   0.5088562212605E-14   0.4512079000483E+02  -0.8193900229364E-16  -0.3210004619434E-13  -0.2595626154962E-16   0.7854000000000E+03  -0.1357337077680E-14  -0.1000000000000E+04   0.9976493366987E+00  -0.3474315804468E-16   0.6852591469350E-01  -0.1391991028084E-16
   0.2390000000000E+01   0.3269007713502E+03   0.5101866550583E-14   0.4512079000483E+02  -0.8236839135304E-16  -0.3223375770845E-13  -0.2606051425653E-16   0.7887000000000E+03  -0.1382566568237E-14  -0.1000000000000E+04   0.9976493366987E+00  -0.3516187337053E-16   0.6852591469350E-01  -0.1402149762607E-16
   0.2400000000000E+01   0.3269007713502E+03   0.5115014882827E-14   0.4512079000483E+02  -0.8279486396525E-16  -0.3236746921956E-13  -0.2616607316563E-16   0.7920000000000E+03  -0.1408144071361E-14  -0.1000000000000E+04   0.9976493366987E+00  -0.3558275926009E-16   0.6852591469350E-01  -0.1412346163993E-16
   0.2410000000000E+01   0.3269007713502E+03   0.5128011706037E-14   0.4512079000483E+02  -0.8321843117353E-16  -0.3250118072762E-13  -0.2627295231549E-16   0.7953000000000E+03  -0.1434072651144E-14  -0.1000000000000E+04   0.9976493366987E+00  -0.3600580164230E-16   0.6852591469350E-01  -0.1422580987074E-16
   0.2420000000000E+01   0.3269007713502E+03   0.5140861559017E-14   0.4512079000483E+02  -0.8363910598711E-16  -0.3263524596874E-13  -0.2638116966408E-16   0.7986000000000E+03  -0.1460355382782E-14  -0.1000000000000E+04   0.9976493366987E+00  -0.3643098651058E-16   0.6852591469350E-01  -0.1432854993696E-16
   0.2430000000000E+01   0.3269007713502E+03   0.5153569034276E-14   0.4512079000483E+02  -0.8405690245464E-16  -0.3276904590463E-13  -0.2649073808357E-16   0.8019000000000E+03  -0.1486995352589E-14  -0.1000000000000E+04   0.9976493366987E+00  -0.3685829993404E-16   0.6852591469350E-01  -0.1443168954596E-16
   0.2440000000000E+01   0.3269007713502E+03   0.5166138750259E-14   0.4512079000483E+02  -0.8447183654140E-16  -0.3290337644157E-13  -0.2660167437103E-16   0.8052000000000E+03  -0.1513995658009E-14  -0.1000000000000E+04   0.9976493366987E+00  -0.3728772805787E-16   0.6852591469350E-01  -0.1453523645175E-16
   0.2450000000000E+01   0.3269007713502E+03   0.5178575391648E-14   0.4512079000483E+02  -0.8488392663013E-16  -0.3303814914548E-13  -0.2671400368653E-16   0.8085000000000E+03  -0.1541359407634E-14  -0.1000000000000E+04   0.9976493366987E+00  -0.3771925712204E-16   0.6852591469350E-01  -0.1463919851824E-16
   0.2460000000000E+01   0.3269007713502E+03   0.5190883702864E-14   0.4512079000483E+02  -0.8529319164903E-16  -0.3317283341211E-13  -0.2682774158333E-16   0.8118000000000E+03  -0.1569089721221E-14  -0.1000000000000E+04   0.9976493366987E+00  -0.3815287346754E-16   0.6852591469350E-01  -0.1474358371004E-16
   0.2470000000000E+01   0.3269007713502E+03   0.5203068449414E-14   0.4512079000483E+02  -0.8569965100935E-16  -0.3330751767547E-13  -0.2694289404647E-16   0.8151000000000E+03  -0.1597189729714E-14  -0.1000000000000E+04   0.9976493366987E+00  -0.3858856353371E-16   0.6852591469350E-01  -0.1484840003334E-16
   0.2480000000000E+01   0.3269007713502E+03   0.5215134418848E-14   0.4512079000483E+02  -0.8610332644284E-16  -0.3344229036953E-13  -0.2705947545591E-16   0.8184000000000E+03  -0.1625662575259E-14  -0.1000000000000E+04   0.9976493366987E+00  -0.3902631386601E-16   0.6852591469350E-01  -0.1495365553807E-16
   0.2490000000000E+01   0.3269007713502E+03   0.5227086425253E-14   0.4512079000483E+02  -0.8650424059390E-16  -0.3357715149427E-13  -0.2717749510094E-16   0.8217000000000E+03  -0.1654511411230E-14  -0.1000000000000E+04   0.9976493366987E+00  -0.3946611112467E-16   0.6852591469350E-01  -0.1505935832560E-16
   0.2500000000000E+01   0.3269007713502E+03   0.5238929310146E-14   0.4512079000483E+02  -0.8690241839555E-16  -0.3371245478578E-13  -0.2729697065067E-16   0.8250000000000E+03  -0.1683739402245E-14  -0.1000000000000E+04   0.9976493366987E+00  -0.3990794209218E-16   0.6852591469350E-01  -0.1516551655084E-16
   0.2510000000000E+01   0.3269007713502E+03   0.5250667957620E-14   0.4512079000483E+02  -0.8729788567999E-16  -0.3384775807383E-13  -0.2741791465444E-16   0.8283000000000E+03  -0.1713349724196E-14  -0.1000000000000E+04   0.9976493366987E+00  -0.4035179368481E-16   0.6852591469350E-01  -0.1527213844647E-16
   0.2520000000000E+01   0.3269007713502E+03   0.5262307266478E-14   0.4512079000483E+02  -0.8769066912739E-16  -0.3398306135840E-13  -0.2754033456941E-16   0.8316000000000E+03  -0.1743345564269E-14  -0.1000000000000E+04   0.9976493366987E+00  -0.4079765295227E-16   0.6852591469350E-01  -0.1537923228054E-16
   0.2530000000000E+01   0.3269007713502E+03   0.5273852144009E-14   0.4512079000483E+02  -0.8808079669974E-16  -0.3411836463944E-13  -0.2766423725703E-16   0.8349000000000E+03  -0.1773730120975E-14  -0.1000000000000E+04   0.9976493366987E+00  -0.4124550708300E-16   0.6852591469350E-01  -0.1548680634741E-16
   0.2540000000000E+01   0.3269007713502E+03   0.5285307503376E-14   0.4512079000483E+02  -0.8846829761402E-16  -0.3425366791691E-13  -0.2778962898386E-16   0.8382000000000E+03  -0.1804506604174E-14  -0.1000000000000E+04   0.9976493366987E+00  -0.4169534341035E-16   0.6852591469350E-01  -0.1559486896441E-16
   0.2550000000000E+01   0.3269007713502E+03   0.5296678261016E-14   0.4512079000483E+02  -0.8885320231488E-16  -0.3438897119076E-13  -0.2791651542256E-16   0.8415000000000E+03  -0.1835678235102E-14  -0.1000000000000E+04   0.9976493366987E+00  -0.4214714941849E-16   0.6852591469350E-01  -0.1570342846842E-16
   0.2560000000000E+01   0.3269007713502E+03   0.5307969337651E-14   0.4512079000483E+02  -0.8923554291592E-16  -0.3452471663112E-13  -0.2804490614115E-16   0.8448000000000E+03  -0.1867248246397E-14  -0.1000000000000E+04   0.9976493366987E+00  -0.4260091274928E-16   0.6852591469350E-01  -0.1581249321806E-16
   0.2570000000000E+01   0.3269007713502E+03   0.5319185680720E-14   0.4512079000483E+02  -0.8961535320849E-16  -0.3466055050182E-13  -0.2817481457347E-16   0.8481000000000E+03  -0.1899219882136E-14  -0.1000000000000E+04   0.9976493366987E+00  -0.4305662121486E-16   0.6852591469350E-01  -0.1592207162916E-16
   0.2580000000000E+01   0.3269007713502E+03   0.5330332243751E-14   0.4512079000483E+02  -0.8999266722413E-16  -0.3479647280280E-13  -0.2830624456381E-16   0.8514000000000E+03  -0.1931596397863E-14  -0.1000000000000E+04   0.9976493366987E+00  -0.4351426279849E-16   0.6852591469350E-01  -0.1603217214344E-16
   0.2590000000000E+01   0.3269007713502E+03   0.5341413980179E-14   0.4512079000483E+02  -0.9036752059744E-16  -0.3493239509999E-13  -0.2843920384849E-16   0.8547000000000E+03  -0.1964381060620E-14  -0.1000000000000E+04   0.9976493366987E+00  -0.4397382565923E-16   0.6852591469350E-01  -0.1614280321958E-16
   0.2600000000000E+01   0.3269007713502E+03   0.5352435833624E-14   0.4512079000483E+02  -0.9073994913566E-16  -0.3506831739335E-13  -0.2857369059028E-16   0.8580000000000E+03  -0.1997577148985E-14  -0.1000000000000E+04   0.9976493366987E+00  -0.4443529813531E-16   0.6852591469350E-01  -0.1625397331873E-16
   0.2610000000000E+01   0.3269007713502E+03   0.5363402735398E-14   0.4512079000483E+02  -0.9110999064674E-16  -0.3520432811687E-13  -0.2870971134939E-16   0.8613000000000E+03  -0.2031187953103E-14  -0.1000000000000E+04   0.9976493366987E+00  -0.4489866874941E-16   0.6852591469350E-01  -0.1636569090119E-16
   0.2620000000000E+01   0.3269007713502E+03   0.5374319609192E-14   0.4512079000483E+02  -0.9147768352549E-16  -0.3534042727050E-13  -0.2884726760196E-16   0.8646000000000E+03  -0.2065216774721E-14  -0.1000000000000E+04   0.9976493366987E+00  -0.4536392621566E-16   0.6852591469350E-01  -0.1647796443428E-16
   0.2630000000000E+01   0.3269007713502E+03   0.5385191372172E-14   0.4512079000483E+02  -0.9184306812365E-16  -0.3547696859033E-13  -0.2898636921450E-16   0.8679000000000E+03  -0.2099666927224E-14  -0.1000000000000E+04   0.9976493366987E+00  -0.4583105944556E-16   0.6852591469350E-01  -0.1659080239453E-16
   0.2640000000000E+01   0.3269007713502E+03   0.5396022950335E-14   0.4512079000483E+02  -0.9220618535513E-16  -0.3561350990616E-13  -0.2912702094835E-16   0.8712000000000E+03  -0.2134541735674E-14  -0.1000000000000E+04   0.9976493366987E+00  -0.4630005755774E-16   0.6852591469350E-01  -0.1670421329217E-16
   0.2650000000000E+01   0.3269007713502E+03   0.5406819250886E-14   0.4512079000483E+02  -0.9256707663940E-16  -0.3575005121793E-13  -0.2926922249106E-16   0.8745000000000E+03  -0.2169844536850E-14  -0.1000000000000E+04   0.9976493366987E+00  -0.4677090987601E-16   0.6852591469350E-01  -0.1681820562886E-16
   0.2660000000000E+01   0.3269007713502E+03   0.5417585159845E-14   0.4512079000483E+02  -0.9292578479927E-16  -0.3588694626174E-13  -0.2941297744471E-16   0.8778000000000E+03  -0.2205578679286E-14  -0.1000000000000E+04   0.9976493366987E+00  -0.4724360593389E-16   0.6852591469350E-01  -0.1693278789445E-16
   0.2670000000000E+01   0.3269007713502E+03   0.5428325553948E-14   0.4512079000483E+02  -0.9328235312276E-16  -0.3602348756527E-13  -0.2955828432808E-16   0.8811000000000E+03  -0.2241747523310E-14  -0.1000000000000E+04   0.9976493366987E+00  -0.4771813548296E-16   0.6852591469350E-01  -0.1704796858601E-16
   0.2680000000000E+01   0.3269007713502E+03   0.5439045266047E-14   0.4512079000483E+02  -0.9363682575492E-16  -0.3616038260075E-13  -0.2970514111144E-16   0.8844000000000E+03  -0.2278354441088E-14  -0.1000000000000E+04   0.9976493366987E+00  -0.4819448848840E-16   0.6852591469350E-01  -0.1716375615465E-16
   0.2690000000000E+01   0.3269007713502E+03   0.5449749115086E-14   0.4512079000483E+02  -0.9398924817123E-16  -0.3629736606603E-13  -0.2985354967567E-16   0.8877000000000E+03  -0.2315402816663E-14  -0.1000000000000E+04   0.9976493366987E+00  -0.4867265514179E-16   0.6852591469350E-01  -0.1728015905240E-16
   0.2700000000000E+01   0.3269007713502E+03   0.5460441900157E-14   0.4512079000483E+02  -0.9433966714539E-16  -0.3643479169720E-13  -0.3000351582027E-16   0.8910000000000E+03  -0.2352896045998E-14  -0.1000000000000E+04   0.9976493366987E+00  -0.4915262586421E-16   0.6852591469350E-01  -0.1739718572356E-16
   0.2710000000000E+01   0.3269007713502E+03   0.5471128412450E-14   0.4512079000483E+02  -0.9468812981325E-16  -0.3657221732405E-13  -0.3015504026574E-16   0.8943000000000E+03  -0.2390837537022E-14  -0.1000000000000E+04   0.9976493366987E+00  -0.4963439131399E-16   0.6852591469350E-01  -0.1751484462371E-16
   0.2720000000000E+01   0.3269007713502E+03   0.5481813407824E-14   0.4512079000483E+02  -0.9503468361447E-16  -0.3670964294654E-13  -0.3030811868681E-16   0.8976000000000E+03  -0.2429230709676E-14  -0.1000000000000E+04   0.9976493366987E+00  -0.5011794238381E-16   0.6852591469350E-01  -0.1763314417766E-16
   0.2730000000000E+01   0.3269007713502E+03   0.5492501601028E-14   0.4512079000483E+02  -0.9537937671962E-16  -0.3684706856462E-13  -0.3046274621480E-16   0.9009000000000E+03  -0.2468078995956E-14  -0.1000000000000E+04   0.9976493366987E+00  -0.5060327020322E-16   0.6852591469350E-01  -0.1775209277090E-16
   0.2740000000000E+01   0.3269007713502E+03   0.5503197663565E-14   0.4512079000483E+02  -0.9572225799683E-16  -0.3698449417824E-13  -0.3061891744399E-16   0.9042000000000E+03  -0.2507385839959E-14  -0.1000000000000E+04   0.9976493366987E+00  -0.5109036614208E-16   0.6852591469350E-01  -0.1787169874668E-16
   0.2750000000000E+01   0.3269007713502E+03   0.5513906221592E-14   0.4512079000483E+02  -0.9606337697849E-16  -0.3712191978736E-13  -0.3077662643826E-16   0.9075000000000E+03  -0.2547154697929E-14  -0.1000000000000E+04   0.9976493366987E+00  -0.5157922181374E-16   0.6852591469350E-01  -0.1799197040310E-16
   0.2760000000000E+01   0.3269007713502E+03   0.5524631853853E-14   0.4512079000483E+02  -0.9640278382780E-16  -0.3725934539194E-13  -0.3093586673804E-16   0.9108000000000E+03  -0.2587389038305E-14  -0.1000000000000E+04   0.9976493366987E+00  -0.5206982907806E-16   0.6852591469350E-01  -0.1811291599024E-16
   0.2770000000000E+01   0.3269007713502E+03   0.5535379093250E-14   0.4512079000483E+02  -0.9674052977426E-16  -0.3739721316211E-13  -0.3109663585516E-16   0.9141000000000E+03  -0.2628092341765E-14  -0.1000000000000E+04   0.9976493366987E+00  -0.5256218004534E-16   0.6852591469350E-01  -0.1823454371296E-16
   0.2780000000000E+01   0.3269007713502E+03   0.5546152449853E-14   0.4512079000483E+02  -0.9707666711707E-16  -0.3753516936168E-13  -0.3125893524907E-16   0.9174000000000E+03  -0.2669268101277E-14  -0.1000000000000E+04   0.9976493366987E+00  -0.5305626708583E-16   0.6852591469350E-01  -0.1835686176694E-16
   0.2790000000000E+01   0.3269007713502E+03   0.5556956394462E-14   0.4512079000483E+02  -0.9741124825136E-16  -0.3767347929271E-13  -0.3142276136484E-16   0.9207000000000E+03  -0.2710919822145E-14  -0.1000000000000E+04   0.9976493366987E+00  -0.5355208282861E-16   0.6852591469350E-01  -0.1847987831356E-16
   0.2800000000000E+01   0.3269007713502E+03   0.5567795360139E-14   0.4512079000483E+02  -0.9774432564581E-16  -0.3781143548288E-13  -0.3158810563449E-16   0.9240000000000E+03  -0.2753051022067E-14  -0.1000000000000E+04   0.9976493366987E+00  -0.5404962016518E-16   0.6852591469350E-01  -0.1860360148266E-16
   0.2810000000000E+01   0.3269007713502E+03   0.5578673708053E-14   0.4512079000483E+02  -0.9807595223226E-16  -0.3794983383846E-13  -0.3175495901496E-16   0.9273000000000E+03  -0.2795665231179E-14  -0.1000000000000E+04   0.9976493366987E+00  -0.5454887224304E-16   0.6852591469350E-01  -0.1872803931988E-16
   0.2820000000000E+01   0.3269007713502E+03   0.5589595765071E-14   0.4512079000483E+02  -0.9840618235181E-16  -0.3808832062328E-13  -0.3192332093363E-16   0.9306000000000E+03  -0.2838765992105E-14  -0.1000000000000E+04   0.9976493366987E+00  -0.5504983247847E-16   0.6852591469350E-01  -0.1885319984517E-16
   0.2830000000000E+01   0.3269007713502E+03   0.5600565807478E-14   0.4512079000483E+02  -0.9873506985141E-16  -0.3822671896921E-13  -0.3209318134332E-16   0.9339000000000E+03  -0.2882356860013E-14  -0.1000000000000E+04   0.9976493366987E+00  -0.5555249455486E-16   0.6852591469350E-01  -0.1897909102788E-16
   0.2840000000000E+01   0.3269007713502E+03   0.5611588041261E-14   0.4512079000483E+02  -0.9906266849329E-16  -0.3836511731025E-13  -0.3226452524350E-16   0.9372000000000E+03  -0.2926441402665E-14  -0.1000000000000E+04   0.9976493366987E+00  -0.5605685241970E-16   0.6852591469349E-01  -0.1910572075646E-16
   0.2850000000000E+01   0.3269007713502E+03   0.5622666607612E-14   0.4512079000483E+02  -0.9938903332176E-16  -0.3850369251443E-13  -0.3243734615730E-16   0.9405000000000E+03  -0.2971023200467E-14  -0.1000000000000E+04   0.9976493366987E+00  -0.5656290028817E-16   0.6852591469349E-01  -0.1923309684714E-16
   0.2860000000000E+01   0.3269007713502E+03   0.5633805599158E-14   0.4512079000483E+02  -0.9971422018902E-16  -0.3864270988380E-13  -0.3261164162691E-16   0.9438000000000E+03  -0.3016105846520E-14  -0.1000000000000E+04   0.9976493366987E+00  -0.5707063264957E-16   0.6852591469349E-01  -0.1936122706933E-16
   0.2870000000000E+01   0.3269007713502E+03   0.5645009068917E-14   0.4512079000483E+02  -0.1000382848150E-15  -0.3878172724815E-13  -0.3278740422318E-16   0.9471000000000E+03  -0.3061692946679E-14  -0.1000000000000E+04   0.9976493366987E+00  -0.5758004427172E-16   0.6852591469349E-01  -0.1949011915975E-16
   0.2880000000000E+01   0.3269007713502E+03   0.5656281003481E-14   0.4512079000483E+02  -0.1003612827281E-15  -0.3892074460745E-13  -0.3296462158240E-16   0.9504000000000E+03  -0.3107788119601E-14  -0.1000000000000E+04   0.9976493366987E+00  -0.5809113019556E-16   0.6852591469349E-01  -0.1961978078116E-16
   0.2890000000000E+01   0.3269007713502E+03   0.5667625317885E-14   0.4512079000483E+02  -0.1006832696916E-15  -0.3905976196164E-13  -0.3314328091184E-16   0.9537000000000E+03  -0.3154394996806E-14  -0.1000000000000E+04   0.9976493366987E+00  -0.5860388573533E-16   0.6852591469349E-01  -0.1975021951448E-16
   0.2900000000000E+01   0.3269007713502E+03   0.5679045854105E-14   0.4512079000483E+02  -0.1010043016705E-15  -0.3919877931070E-13  -0.3332336899947E-16   0.9570000000000E+03  -0.3201517222723E-14  -0.1000000000000E+04   0.9976493366987E+00  -0.5911830647947E-16   0.6852591469349E-01  -0.1988144285663E-16
   0.2910000000000E+01   0.3269007713502E+03   0.5690546379612E-14   0.4512079000483E+02  -0.1013244347979E-15  -0.3933779665457E-13  -0.3350487222372E-16   0.9603000000000E+03  -0.3249158454746E-14  -0.1000000000000E+04   0.9976493366987E+00  -0.5963438829144E-16   0.6852591469349E-01  -0.2001345821840E-16
   0.2920000000000E+01   0.3269007713502E+03   0.5702130585980E-14   0.4512079000483E+02  -0.1016437253422E-15  -0.3947681399321E-13  -0.3368777656343E-16   0.9636000000000E+03  -0.3297322363292E-14  -0.1000000000000E+04   0.9976493366987E+00  -0.6015212731031E-16   0.6852591469349E-01  -0.2014627292237E-16
   0.2930000000000E+01   0.3269007713502E+03   0.5713802087531E-14   0.4512079000483E+02  -0.1019622296737E-15  -0.3961583132659E-13  -0.3387206760792E-16   0.9669000000000E+03  -0.3346012631846E-14  -0.1000000000000E+04   0.9976493366987E+00  -0.6067151995123E-16   0.6852591469349E-01  -0.2027989420091E-16
   0.2940000000000E+01   0.3269007713502E+03   0.5725564420044E-14   0.4512079000483E+02  -0.1022800042327E-15  -0.3975502552274E-13  -0.3405773056722E-16   0.9702000000000E+03  -0.3395232957023E-14  -0.1000000000000E+04   0.9976493366987E+00  -0.6119256290574E-16   0.6852591469349E-01  -0.2041432919421E-16
   0.2950000000000E+01   0.3269007713502E+03   0.5737421057407E-14   0.4512079000483E+02  -0.1025971069140E-15  -0.3989475031776E-13  -0.3424476373688E-16   0.9735000000000E+03  -0.3444987048616E-14  -0.1000000000000E+04   0.9976493366987E+00  -0.6171525314672E-16   0.6852591469349E-01  -0.2054958497622E-16
   0.2960000000000E+01   0.3269007713502E+03   0.5749375428150E-14   0.4512079000483E+02  -0.1029135947446E-15  -0.4003438667335E-13  -0.3443315602423E-16   0.9768000000000E+03  -0.3495278629657E-14  -0.1000000000000E+04   0.9976493366987E+00  -0.6223958793345E-16   0.6852591469349E-01  -0.2068566858037E-16
   0.2970000000000E+01   0.3269007713502E+03   0.5761430874687E-14   0.4512079000483E+02  -0.1032295238090E-15  -0.4017402302353E-13  -0.3462288700289E-16   0.9801000000000E+03  -0.3546111436470E-14  -0.1000000000000E+04   0.9976493366987E+00  -0.6276556480100E-16   0.6852591469349E-01  -0.2082258693653E-16
   0.2980000000000E+01   0.3269007713502E+03   0.5773590655820E-14   0.4512079000483E+02  -0.1035449510780E-15  -0.4031374780228E-13  -0.3481394488781E-16   0.9834000000000E+03  -0.3597489218727E-14  -0.1000000000000E+04   0.9976493366987E+00  -0.6329318156087E-16   0.6852591469349E-01  -0.2096034687485E-16
   0.2990000000000E+01   0.3269007713502E+03   0.5785857952827E-14   0.4512079000483E+02  -0.1038599329933E-15  -0.4045347257554E-13  -0.3500631306139E-16   0.9867000000000E+03  -0.3649415739502E-14  -0.1000000000000E+04   0.9976493366987E+00  -0.6382243630259E-16   0.6852591469349E-01  -0.2109895513523E-16
   0.3000000000000E+01   0.3269007713502E+03   0.5798235861237E-14   0.4512079000483E+02  -0.1041745258939E-15  -0.4059319734326E-13  -0.3519997458420E-16   0.9900000000000E+03  -0.3701894775327E-14  -0.1000000000000E+04   0.9976493366987E+00  -0.6435332739124E-16   0.6852591469349E-01  -0.2123841835451E-16
   0.3010000000000E+01   0.3269007713502E+03   0.5810727389868E-14   0.4512079000483E+02  -0.1044887859840E-15  -0.4073292210542E-13  -0.3539491220599E-16   0.9933000000000E+03  -0.3754930116245E-14  -0.1000000000000E+04   0.9976493366987E+00  -0.6488585346677E-16   0.6852591469349E-01  -0.2137874306502E-16
   0.3020000000000E+01   0.3269007713502E+03   0.5823335459918E-14   0.4512079000483E+02  -0.1048027693032E-15  -0.4087264686196E-13  -0.3559110837684E-16   0.9966000000000E+03  -0.3808525565865E-14  -0.1000000000000E+04   0.9976493366987E+00  -0.6542001344310E-16   0.6852591469349E-01  -0.2151993569302E-16
   0.3030000000000E+01   0.3269007713502E+03   0.5836062907693E-14   0.4512079000483E+02  -0.1051165321644E-15  -0.4101272534901E-13  -0.3578854974611E-16   0.9999000000000E+03  -0.3862684941416E-14  -0.1000000000000E+04   0.9976493366987E+00  -0.6595580650813E-16   0.6852591469349E-01  -0.2166200256290E-16
   0.3040000000000E+01   0.3269007713502E+03   0.5848912498047E-14   0.4512079000483E+02  -0.1054301302176E-15  -0.4115253852827E-13  -0.3598721817130E-16   0.1003200000000E+04  -0.3917412073802E-14  -0.1000000000000E+04   0.9976493366987E+00  -0.6649323212653E-16   0.6852591469349E-01  -0.2180494991800E-16
   0.3050000000000E+01   0.3269007713502E+03   0.5861886902093E-14   0.4512079000483E+02  -0.1057436197874E-15  -0.4129314760812E-13  -0.3618710423042E-16   0.1006500000000E+04  -0.3972710807656E-14  -0.1000000000000E+04   0.9976493366987E+00  -0.6703229003271E-16   0.6852591469349E-01  -0.2194878388594E-16
   0.3060000000000E+01   0.3269007713502E+03   0.5874988746538E-14   0.4512079000483E+02  -0.1060570569851E-15  -0.4143375668223E-13  -0.3638819818798E-16   0.1009800000000E+04  -0.4028585001398E-14  -0.1000000000000E+04   0.9976493366987E+00  -0.6757298024303E-16   0.6852591469349E-01  -0.2209351055509E-16
   0.3070000000000E+01   0.3269007713502E+03   0.5888220573357E-14   0.4512079000483E+02  -0.1063704967110E-15  -0.4157436575056E-13  -0.3659048106526E-16   0.1013100000000E+04  -0.4085038527287E-14  -0.1000000000000E+04   0.9976493366987E+00  -0.6811530304393E-16   0.6852591469349E-01  -0.2223913591202E-16
   0.3080000000000E+01   0.3269007713502E+03   0.5901584831972E-14   0.4512079000483E+02  -0.1066839935465E-15  -0.4171497481307E-13  -0.3679393364399E-16   0.1016400000000E+04  -0.4142075271480E-14  -0.1000000000000E+04   0.9976493366987E+00  -0.6865925898835E-16   0.6852591469349E-01  -0.2238566582932E-16
   0.3090000000000E+01   0.3269007713502E+03   0.5915083878668E-14   0.4512079000483E+02  -0.1069976017253E-15  -0.4185558386974E-13  -0.3699853647786E-16   0.1019700000000E+04  -0.4199699134085E-14  -0.1000000000000E+04   0.9976493366987E+00  -0.6920484889405E-16   0.6852591469349E-01  -0.2253310606446E-16
   0.3100000000000E+01   0.3269007713502E+03   0.5928719976077E-14   0.4512079000483E+02  -0.1073113751050E-15  -0.4199619292052E-13  -0.3720426990416E-16   0.1023000000000E+04  -0.4257914029213E-14  -0.1000000000000E+04   0.9976493366987E+00  -0.6975207384166E-16   0.6852591469349E-01  -0.2268146225885E-16
   0.3110000000000E+01   0.3269007713502E+03   0.5942495296283E-14   0.4512079000483E+02  -0.1076253676090E-15  -0.4213724413556E-13  -0.3741111854315E-16   0.1026300000000E+04  -0.4316723885033E-14  -0.1000000000000E+04   0.9976493366987E+00  -0.7030093517369E-16   0.6852591469349E-01  -0.2283073994249E-16
   0.3120000000000E+01   0.3269007713502E+03   0.5956411945401E-14   0.4512079000483E+02  -0.1079396332350E-15  -0.4227838377869E-13  -0.3761907127858E-16   0.1029600000000E+04  -0.4376132643826E-14  -0.1000000000000E+04   0.9976493366987E+00  -0.7085143449920E-16   0.6852591469349E-01  -0.2298094457191E-16
   0.3130000000000E+01   0.3269007713502E+03   0.5970471945116E-14   0.4512079000483E+02  -0.1082542246203E-15  -0.4241961184987E-13  -0.3782810781203E-16   0.1032900000000E+04  -0.4436144262039E-14  -0.1000000000000E+04   0.9976493366987E+00  -0.7140357368689E-16   0.6852591469349E-01  -0.2313208150148E-16
   0.3140000000000E+01   0.3269007713502E+03   0.5984677232293E-14   0.4512079000483E+02  -0.1085691948747E-15  -0.4256128208522E-13  -0.3803821664161E-16   0.1036200000000E+04  -0.4496762710340E-14  -0.1000000000000E+04   0.9976493366987E+00  -0.7195735486278E-16   0.6852591469349E-01  -0.2328415598254E-16
   0.3150000000000E+01   0.3269007713502E+03   0.5999029676473E-14   0.4512079000483E+02  -0.1088845961911E-15  -0.4270295231453E-13  -0.3824938157449E-16   0.1039500000000E+04  -0.4557991973672E-14  -0.1000000000000E+04   0.9976493366987E+00  -0.7251278041274E-16   0.6852591469349E-01  -0.2343717319045E-16
   0.3160000000000E+01   0.3269007713502E+03   0.6013531057989E-14   0.4512079000483E+02  -0.1092004802627E-15  -0.4284515314198E-13  -0.3846158625373E-16   0.1042800000000E+04  -0.4619836051307E-14  -0.1000000000000E+04   0.9976493366987E+00  -0.7306985297423E-16   0.6852591469349E-01  -0.2359113819048E-16
   0.3170000000000E+01   0.3269007713502E+03   0.6028183099907E-14   0.4512079000483E+02  -0.1095168996976E-15  -0.4298788456753E-13  -0.3867482760623E-16   0.1046100000000E+04  -0.4682298956900E-14  -0.1000000000000E+04   0.9976493366987E+00  -0.7362857544250E-16   0.6852591469349E-01  -0.2374605598711E-16
   0.3180000000000E+01   0.3269007713502E+03   0.6042987467563E-14   0.4512079000483E+02  -0.1098339052207E-15  -0.4313070442099E-13  -0.3888908889773E-16   0.1049400000000E+04  -0.4745384718548E-14  -0.1000000000000E+04   0.9976493366987E+00  -0.7418895096809E-16   0.6852591469349E-01  -0.2390193152328E-16
   0.3190000000000E+01   0.3269007713502E+03   0.6057945739565E-14   0.4512079000483E+02  -0.1101515470149E-15  -0.4327361270233E-13  -0.3910435325124E-16   0.1052700000000E+04  -0.4809097378843E-14  -0.1000000000000E+04   0.9976493366987E+00  -0.7475098294653E-16   0.6852591469349E-01  -0.2405876963524E-16
   0.3200000000000E+01   0.3269007713502E+03   0.6073059407640E-14   0.4512079000483E+02  -0.1104698746991E-15  -0.4341687471362E-13  -0.3932060365802E-16   0.1056000000000E+04  -0.4873440994925E-14  -0.1000000000000E+04   0.9976493366987E+00  -0.7531467501548E-16   0.6852591469349E-01  -0.2421657505206E-16
   0.3210000000000E+01   0.3269007713502E+03   0.6088329890810E-14   0.4512079000483E+02  -0.1107889377920E-15  -0.4356057888887E-13  -0.3953782746250E-16   0.1059300000000E+04  -0.4938419638538E-14  -0.1000000000000E+04   0.9976493366987E+00  -0.7588003105577E-16   0.6852591469349E-01  -0.2437535241740E-16
   0.3220000000000E+01   0.3269007713502E+03   0.6103758542367E-14   0.4512079000483E+02  -0.1111087852423E-15  -0.4370437149191E-13  -0.3975601187047E-16   0.1062600000000E+04  -0.5004037396085E-14  -0.1000000000000E+04   0.9976493366987E+00  -0.7644705519040E-16   0.6852591469349E-01  -0.2453510630015E-16
   0.3230000000000E+01   0.3269007713502E+03   0.6119346628226E-14   0.4512079000483E+02  -0.1114294644564E-15  -0.4384816408868E-13  -0.3997513499956E-16   0.1065900000000E+04  -0.5070298368682E-14  -0.1000000000000E+04   0.9976493366987E+00  -0.7701575177584E-16   0.6852591469349E-01  -0.2469584116060E-16
   0.3240000000000E+01   0.3269007713502E+03   0.6135095316199E-14   0.4512079000483E+02  -0.1117510221926E-15  -0.4399204511319E-13  -0.4019517488689E-16   0.1069200000000E+04  -0.5137206672208E-14  -0.1000000000000E+04   0.9976493366987E+00  -0.7758612539590E-16   0.6852591469349E-01  -0.2485756133357E-16
   0.3250000000000E+01   0.3269007713502E+03   0.6151005686867E-14   0.4512079000483E+02  -0.1120735054812E-15  -0.4413636830155E-13  -0.4041611847202E-16   0.1072500000000E+04  -0.5204766437363E-14  -0.1000000000000E+04   0.9976493366987E+00  -0.7815818086134E-16   0.6852591469349E-01  -0.2502027104489E-16
   0.3260000000000E+01   0.3269007713502E+03   0.6167078755122E-14   0.4512079000483E+02  -0.1123969607071E-15  -0.4428104521971E-13  -0.4063795259710E-16   0.1075800000000E+04  -0.5272981809715E-14  -0.1000000000000E+04   0.9976493366987E+00  -0.7873192321238E-16   0.6852591469349E-01  -0.2518397444456E-16
   0.3270000000000E+01   0.3269007713502E+03   0.6183315462980E-14   0.4512079000483E+02  -0.1127214331252E-15  -0.4442581056552E-13  -0.4086065953135E-16   0.1079100000000E+04  -0.5341856949755E-14  -0.1000000000000E+04   0.9976493366987E+00  -0.7930735771350E-16   0.6852591469349E-01  -0.2534867559539E-16
   0.3280000000000E+01   0.3269007713502E+03   0.6199716665365E-14   0.4512079000483E+02  -0.1130469672905E-15  -0.4457075277301E-13  -0.4108422148966E-16   0.1082400000000E+04  -0.5411396032952E-14  -0.1000000000000E+04   0.9976493366987E+00  -0.7988448984614E-16   0.6852591469349E-01  -0.2551437845067E-16
   0.3290000000000E+01   0.3269007713502E+03   0.6216283137490E-14   0.4512079000483E+02  -0.1133736075141E-15  -0.4471613714424E-13  -0.4130862512649E-16   0.1085700000000E+04  -0.5481603249803E-14  -0.1000000000000E+04   0.9976493366987E+00  -0.8046332530705E-16   0.6852591469349E-01  -0.2568108686524E-16
   0.3300000000000E+01   0.3269007713502E+03   0.6233015585755E-14   0.4512079000483E+02  -0.1137013969360E-15  -0.4486152150904E-13  -0.4153385254792E-16   0.1089000000000E+04  -0.5552482805882E-14  -0.1000000000000E+04   0.9976493366987E+00  -0.8104387000772E-16   0.6852591469349E-01  -0.2584880461217E-16
   0.3310000000000E+01   0.3269007713502E+03   0.6249914622886E-14   0.4512079000483E+02  -0.1140303774785E-15  -0.4500690586736E-13  -0.4175988135052E-16   0.1092300000000E+04  -0.5624038921898E-14  -0.1000000000000E+04   0.9976493366987E+00  -0.8162613006393E-16   0.6852591469349E-01  -0.2601753534387E-16
   0.3320000000000E+01   0.3269007713502E+03   0.6266980768338E-14   0.4512079000483E+02  -0.1143605907561E-15  -0.4515273238936E-13  -0.4198669361676E-16   0.1095600000000E+04  -0.5696275833739E-14  -0.1000000000000E+04   0.9976493366987E+00  -0.8221011179193E-16   0.6852591469348E-01  -0.2618728259233E-16
   0.3330000000000E+01   0.3269007713502E+03   0.6284214473727E-14   0.4512079000483E+02  -0.1146920780927E-15  -0.4529873577292E-13  -0.4221427589509E-16   0.1098900000000E+04  -0.5769197792521E-14  -0.1000000000000E+04   0.9976493366987E+00  -0.8279582171140E-16   0.6852591469348E-01  -0.2635804980819E-16
   0.3340000000000E+01   0.3269007713502E+03   0.6301616112403E-14   0.4512079000483E+02  -0.1150248795680E-15  -0.4544482758398E-13  -0.4244261023727E-16   0.1102200000000E+04  -0.5842809064646E-14  -0.1000000000000E+04   0.9976493366987E+00  -0.8338326653869E-16   0.6852591469348E-01  -0.2652984034429E-16
   0.3350000000000E+01   0.3269007713502E+03   0.6319185972703E-14   0.4512079000483E+02  -0.1153590344593E-15  -0.4559127312462E-13  -0.4267167870843E-16   0.1105500000000E+04  -0.5917113931840E-14  -0.1000000000000E+04   0.9976493366987E+00  -0.8397245318100E-16   0.6852591469348E-01  -0.2670265744480E-16
   0.3360000000000E+01   0.3269007713502E+03   0.6336924269142E-14   0.4512079000483E+02  -0.1156945812427E-15  -0.4573771865868E-13  -0.4290146338361E-16   0.1108800000000E+04  -0.5992116691213E-14  -0.1000000000000E+04   0.9976493366987E+00  -0.8456338873522E-16   0.6852591469348E-01  -0.2687650426223E-16
   0.3370000000000E+01   0.3269007713502E+03   0.6354831128587E-14   0.4512079000483E+02  -0.1160315575621E-15  -0.4588460635632E-13  -0.4313194637422E-16   0.1112100000000E+04  -0.6067821655296E-14  -0.1000000000000E+04   0.9976493366987E+00  -0.8515608048007E-16   0.6852591469348E-01  -0.2705138383562E-16
   0.3380000000000E+01   0.3269007713502E+03   0.6372906612282E-14   0.4512079000483E+02  -0.1163700007095E-15  -0.4603158248137E-13  -0.4336311430381E-16   0.1115400000000E+04  -0.6144233152099E-14  -0.1000000000000E+04   0.9976493366987E+00  -0.8575053587769E-16   0.6852591469348E-01  -0.2722729912433E-16
   0.3390000000000E+01   0.3269007713502E+03   0.6391150698447E-14   0.4512079000483E+02  -0.1167099461992E-15  -0.4617864703382E-13  -0.4359494486166E-16   0.1118700000000E+04  -0.6221355525151E-14  -0.1000000000000E+04   0.9976493366987E+00  -0.8634676256479E-16   0.6852591469348E-01  -0.2740425298062E-16
   0.3400000000000E+01   0.3269007713502E+03   0.6409563282919E-14   0.4512079000483E+02  -0.1170514296131E-15  -0.4632615374979E-13  -0.4382742478059E-16   0.1122000000000E+04  -0.6299193133548E-14  -0.1000000000000E+04   0.9976493366987E+00  -0.8694476834832E-16   0.6852591469348E-01  -0.2758224815032E-16
   0.3410000000000E+01   0.3269007713502E+03   0.6428144197691E-14   0.4512079000483E+02  -0.1173944852205E-15  -0.4647366045909E-13  -0.4406053634832E-16   0.1125300000000E+04  -0.6377750352003E-14  -0.1000000000000E+04   0.9976493366987E+00  -0.8754456120607E-16   0.6852591469348E-01  -0.2776128730112E-16
   0.3420000000000E+01   0.3269007713502E+03   0.6446893190040E-14   0.4512079000483E+02  -0.1177391464070E-15  -0.4662160933186E-13  -0.4429426193331E-16   0.1128600000000E+04  -0.6457031570885E-14  -0.1000000000000E+04   0.9976493366987E+00  -0.8814614927659E-16   0.6852591469348E-01  -0.2794137298986E-16
   0.3430000000000E+01   0.3269007713502E+03   0.6465809944740E-14   0.4512079000483E+02  -0.1180854461569E-15  -0.4676964663196E-13  -0.4452858846008E-16   0.1131900000000E+04  -0.6537041196270E-14  -0.1000000000000E+04   0.9976493366987E+00  -0.8874954086065E-16   0.6852591469348E-01  -0.2812250769652E-16
   0.3440000000000E+01   0.3269007713502E+03   0.6484894066823E-14   0.4512079000483E+02  -0.1184334156300E-15  -0.4691777235936E-13  -0.4476349396231E-16   0.1135200000000E+04  -0.6617783649984E-14  -0.1000000000000E+04   0.9976493366987E+00  -0.8935474441204E-16   0.6852591469348E-01  -0.2830469379714E-16
   0.3450000000000E+01   0.3269007713502E+03   0.6504145082396E-14   0.4512079000483E+02  -0.1187830860090E-15  -0.4706634025020E-13  -0.4499896556011E-16   0.1138500000000E+04  -0.6699263369644E-14  -0.1000000000000E+04   0.9976493366987E+00  -0.8996176853308E-16   0.6852591469348E-01  -0.2848793356461E-16
   0.3460000000000E+01   0.3269007713502E+03   0.6523562460926E-14   0.4512079000483E+02  -0.1191344875912E-15  -0.4721535030445E-13  -0.4523499045875E-16   0.1141800000000E+04  -0.6781484808704E-14  -0.1000000000000E+04   0.9976493366987E+00  -0.9057062197602E-16   0.6852591469348E-01  -0.2867222920279E-16
   0.3470000000000E+01   0.3269007713502E+03   0.6543145615937E-14   0.4512079000483E+02  -0.1194876497870E-15  -0.4736453721999E-13  -0.4547155595483E-16   0.1145100000000E+04  -0.6864452436498E-14  -0.1000000000000E+04   0.9976493366987E+00  -0.9118131363861E-16   0.6852591469348E-01  -0.2885758284731E-16
   0.3480000000000E+01   0.3269007713502E+03   0.6562893895042E-14   0.4512079000483E+02  -0.1198426011026E-15  -0.4751416629891E-13  -0.4570864945616E-16   0.1148400000000E+04  -0.6948170738284E-14  -0.1000000000000E+04   0.9976493366987E+00  -0.9179385255680E-16   0.6852591469348E-01  -0.2904399654964E-16
   0.3490000000000E+01   0.3269007713502E+03   0.6582806591500E-14   0.4512079000483E+02  -0.1201993691504E-15  -0.4766423754121E-13  -0.4594625847593E-16   0.1151700000000E+04  -0.7032644215287E-14  -0.1000000000000E+04   0.9976493366987E+00  -0.9240824790317E-16   0.6852591469348E-01  -0.2923147229464E-16
   0.3500000000000E+01   0.3269007713502E+03   0.6602882944991E-14   0.4512079000483E+02  -0.1205579806487E-15  -0.4781448564475E-13  -0.4618437063870E-16   0.1155000000000E+04  -0.7117877384742E-14  -0.1000000000000E+04   0.9976493366987E+00  -0.9302450898252E-16   0.6852591469348E-01  -0.2942001200143E-16
   0.3510000000000E+01   0.3269007713502E+03   0.6623122131716E-14   0.4512079000482E+02  -0.1209184614056E-15  -0.4796517591163E-13  -0.4642297369983E-16   0.1158300000000E+04  -0.7203874779935E-14  -0.1000000000000E+04   0.9976493366987E+00  -0.9364264522450E-16   0.6852591469348E-01  -0.2960961750758E-16
   0.3520000000000E+01   0.3269007713502E+03   0.6643523276024E-14   0.4512079000482E+02  -0.1212808363299E-15  -0.4811630834183E-13  -0.4666205553942E-16   0.1161600000000E+04  -0.7290640950247E-14  -0.1000000000000E+04   0.9976493366987E+00  -0.9426266618204E-16   0.6852591469348E-01  -0.2980029058678E-16
   0.3530000000000E+01   0.3269007713502E+03   0.6664085451252E-14   0.4512079000482E+02  -0.1216451294331E-15  -0.4826761763324E-13  -0.4690160416780E-16   0.1164900000000E+04  -0.7378180461194E-14  -0.1000000000000E+04   0.9976493366987E+00  -0.9488458152694E-16   0.6852591469348E-01  -0.2999203294976E-16
   0.3540000000000E+01   0.3269007713502E+03   0.6684807669896E-14   0.4512079000482E+02  -0.1220113638131E-15  -0.4841936908795E-13  -0.4714160774476E-16   0.1168200000000E+04  -0.7466497894469E-14  -0.1000000000000E+04   0.9976493366987E+00  -0.9550840104248E-16   0.6852591469348E-01  -0.3018484622862E-16
   0.3550000000000E+01   0.3269007713502E+03   0.6705688895295E-14   0.4512079000482E+02  -0.1223795616674E-15  -0.4857156270594E-13  -0.4738205457297E-16   0.1171500000000E+04  -0.7555597847982E-14  -0.1000000000000E+04   0.9976493366987E+00  -0.9613413462182E-16   0.6852591469348E-01  -0.3037873199454E-16
   0.3560000000000E+01   0.3269007713502E+03   0.6726728042539E-14   0.4512079000482E+02  -0.1227497442953E-15  -0.4872393318511E-13  -0.4762293310323E-16   0.1174800000000E+04  -0.7645484935902E-14  -0.1000000000000E+04   0.9976493366987E+00  -0.9676179226361E-16   0.6852591469348E-01  -0.3057369175885E-16
   0.3570000000000E+01   0.3269007713502E+03   0.6747923968693E-14   0.4512079000482E+02  -0.1231219320835E-15  -0.4887674582753E-13  -0.4786423195322E-16   0.1178100000000E+04  -0.7736163788694E-14  -0.1000000000000E+04   0.9976493366987E+00  -0.9739138406462E-16   0.6852591469348E-01  -0.3076972695740E-16
   0.3580000000000E+01   0.3269007713502E+03   0.6769275480958E-14   0.4512079000482E+02  -0.1234961440508E-15  -0.4902955846303E-13  -0.4810593541273E-16   0.1181400000000E+04  -0.7827639053162E-14  -0.1000000000000E+04   0.9976493366987E+00  -0.9802292021717E-16   0.6852591469348E-01  -0.3096683896284E-16
   0.3590000000000E+01   0.3269007713502E+03   0.6790781312634E-14   0.4512079000482E+02  -0.1238723978153E-15  -0.4918245952562E-13  -0.4834802347971E-16   0.1184700000000E+04  -0.7919915392484E-14  -0.1000000000000E+04   0.9976493366987E+00  -0.9865641099791E-16   0.6852591469348E-01  -0.3116502904691E-16
   0.3600000000000E+01   0.3269007713502E+03   0.6812440131497E-14   0.4512079000482E+02  -0.1242507109896E-15  -0.4933580275145E-13  -0.4859048533591E-16   0.1188000000000E+04  -0.8012997486248E-14  -0.1000000000000E+04   0.9976493366987E+00  -0.9929186676507E-16   0.6852591469348E-01  -0.3136429839287E-16
   0.3610000000000E+01   0.3269007713502E+03   0.6834250562409E-14   0.4512079000482E+02  -0.1246311002791E-15  -0.4948958814049E-13  -0.4883331034363E-16   0.1191300000000E+04  -0.8106890030491E-14  -0.1000000000000E+04   0.9976493366987E+00  -0.9992929795980E-16   0.6852591469348E-01  -0.3156464813017E-16
   0.3620000000000E+01   0.3269007713502E+03   0.6856211188353E-14   0.4512079000482E+02  -0.1250135814866E-15  -0.4964355039063E-13  -0.4907648805002E-16   0.1194600000000E+04  -0.8201597737732E-14  -0.1000000000000E+04   0.9976493366987E+00  -0.1005687151017E-15   0.6852591469348E-01  -0.3176607933564E-16
   0.3630000000000E+01   0.3269007713502E+03   0.6878320540780E-14   0.4512079000482E+02  -0.1253981695010E-15  -0.4979795480397E-13  -0.4932000820500E-16   0.1197900000000E+04  -0.8297125337013E-14  -0.1000000000000E+04   0.9976493366987E+00  -0.1012101287813E-15   0.6852591469348E-01  -0.3196859301808E-16
   0.3640000000000E+01   0.3269007713502E+03   0.6900577111471E-14   0.4512079000482E+02  -0.1257848783134E-15  -0.4995280138049E-13  -0.4956386075345E-16   0.1201200000000E+04  -0.8393477573931E-14  -0.1000000000000E+04   0.9976493366987E+00  -0.1018535496588E-15   0.6852591469348E-01  -0.3217219013628E-16
   0.3650000000000E+01   0.3269007713502E+03   0.6922979353617E-14   0.4512079000482E+02  -0.1261737210236E-15  -0.5010782481809E-13  -0.4980803583915E-16   0.1204500000000E+04  -0.8490659210675E-14  -0.1000000000000E+04   0.9976493366987E+00  -0.1024989884595E-15   0.6852591469348E-01  -0.3237687160027E-16
   0.3660000000000E+01   0.3269007713502E+03   0.6945525672204E-14   0.4512079000482E+02  -0.1265647098287E-15  -0.5026329041885E-13  -0.5005252382228E-16   0.1207800000000E+04  -0.8588675026060E-14  -0.1000000000000E+04   0.9976493366987E+00  -0.1031464559664E-15   0.6852591469348E-01  -0.3258263825600E-16
   0.3670000000000E+01   0.3269007713502E+03   0.6968214435921E-14   0.4512079000482E+02  -0.1269578560414E-15  -0.5041919818277E-13  -0.5029731527117E-16   0.1211100000000E+04  -0.8687529815562E-14  -0.1000000000000E+04   0.9976493366987E+00  -0.1037959630190E-15   0.6852591469348E-01  -0.3278949090339E-16
   0.3680000000000E+01   0.3269007713502E+03   0.6991043974680E-14   0.4512079000482E+02  -0.1273531698598E-15  -0.5057501750563E-13  -0.5054239872397E-16   0.1214400000000E+04  -0.8787228391353E-14  -0.1000000000000E+04   0.9976493366987E+00  -0.1044475205078E-15   0.6852591469348E-01  -0.3299743029212E-16
   0.3690000000000E+01   0.3269007713502E+03   0.7014012559366E-14   0.4512079000482E+02  -0.1277506598764E-15  -0.5073101368953E-13  -0.5078775622757E-16   0.1217700000000E+04  -0.8887775582329E-14  -0.1000000000000E+04   0.9976493366987E+00  -0.1051011393640E-15   0.6852591469348E-01  -0.3320645708971E-16
   0.3700000000000E+01   0.3269007713502E+03   0.7037118403125E-14   0.4512079000482E+02  -0.1281503344714E-15  -0.5088745203657E-13  -0.5103337681916E-16   0.1221000000000E+04  -0.8989176234147E-14  -0.1000000000000E+04   0.9976493366987E+00  -0.1057568305554E-15   0.6852591469348E-01  -0.3341657188309E-16
   0.3710000000000E+01   0.3269007713502E+03   0.7060359687749E-14   0.4512079000482E+02  -0.1285522013824E-15  -0.5104406724463E-13  -0.5127925200983E-16   0.1224300000000E+04  -0.9091435209252E-14  -0.1000000000000E+04   0.9976493366987E+00  -0.1064146050886E-15   0.6852591469348E-01  -0.3362777521907E-16
   0.3720000000000E+01   0.3269007713502E+03   0.7083734554143E-14   0.4512079000482E+02  -0.1289562674641E-15  -0.5120112461581E-13  -0.5152537355501E-16   0.1227600000000E+04  -0.9194557386908E-14  -0.1000000000000E+04   0.9976493366987E+00  -0.1070744740016E-15   0.6852591469348E-01  -0.3384006758905E-16
   0.3730000000000E+01   0.3269007713502E+03   0.7107241114309E-14   0.4512079000482E+02  -0.1293625387086E-15  -0.5135862415010E-13  -0.5177173344518E-16   0.1230900000000E+04  -0.9298547663227E-14  -0.1000000000000E+04   0.9976493366987E+00  -0.1077364483627E-15   0.6852591469348E-01  -0.3405344944730E-16
   0.3740000000000E+01   0.3269007713502E+03   0.7130877452531E-14   0.4512079000482E+02  -0.1297710202547E-15  -0.5151630054539E-13  -0.5201832390850E-16   0.1234200000000E+04  -0.9403410951204E-14  -0.1000000000000E+04   0.9976493366987E+00  -0.1084005392665E-15   0.6852591469347E-01  -0.3426792121235E-16
   0.3750000000000E+01   0.3269007713502E+03   0.7154641615879E-14   0.4512079000482E+02  -0.1301817163803E-15  -0.5167441910379E-13  -0.5226513742688E-16   0.1237500000000E+04  -0.9509152180744E-14  -0.1000000000000E+04   0.9976493366987E+00  -0.1090667578260E-15   0.6852591469347E-01  -0.3448348325186E-16
   0.3760000000000E+01   0.3269007713502E+03   0.7178531622618E-14   0.4512079000482E+02  -0.1305946300554E-15  -0.5183253765510E-13  -0.5251216223848E-16   0.1240800000000E+04  -0.9615776298688E-14  -0.1000000000000E+04   0.9976493366987E+00  -0.1097351151714E-15   0.6852591469347E-01  -0.3470013589531E-16
   0.3770000000000E+01   0.3269007713502E+03   0.7202545438424E-14   0.4512079000482E+02  -0.1310097629146E-15  -0.5199074463336E-13  -0.5275938237098E-16   0.1244100000000E+04  -0.9723288268844E-14  -0.1000000000000E+04   0.9976493366987E+00  -0.1104056224384E-15   0.6852591469347E-01  -0.3491787939660E-16
   0.3780000000000E+01   0.3269007713502E+03   0.7226680984987E-14   0.4512079000482E+02  -0.1314271166602E-15  -0.5214948220874E-13  -0.5300679111455E-16   0.1247400000000E+04  -0.9831693072013E-14  -0.1000000000000E+04   0.9976493366987E+00  -0.1110782907662E-15   0.6852591469347E-01  -0.3513671394698E-16
   0.3790000000000E+01   0.3269007713502E+03   0.7250936170006E-14   0.4512079000482E+02  -0.1318466926416E-15  -0.5230866194720E-13  -0.5325438649909E-16   0.1250700000000E+04  -0.9940995706013E-14  -0.1000000000000E+04   0.9976493366987E+00  -0.1117531313012E-15   0.6852591469347E-01  -0.3535663972106E-16
   0.3800000000000E+01   0.3269007713502E+03   0.7275308881207E-14   0.4512079000482E+02  -0.1322684904658E-15  -0.5246793011259E-13  -0.5350215782759E-16   0.1254000000000E+04  -0.1005120118571E-13  -0.1000000000000E+04   0.9976493366987E+00  -0.1124301551909E-15   0.6852591469347E-01  -0.3557765686727E-16
   0.3810000000000E+01   0.3269007713502E+03   0.7299796969737E-14   0.4512079000482E+02  -0.1326925093758E-15  -0.5262772887508E-13  -0.5375009917596E-16   0.1257300000000E+04  -0.1016231454302E-13  -0.1000000000000E+04   0.9976493366987E+00  -0.1131093735750E-15   0.6852591469347E-01  -0.3579976548165E-16
   0.3820000000000E+01   0.3269007713502E+03   0.7324398272983E-14   0.4512079000482E+02  -0.1331187478222E-15  -0.5278752763046E-13  -0.5399820487807E-16   0.1260600000000E+04  -0.1027434082700E-13  -0.1000000000000E+04   0.9976493366987E+00  -0.1137907975877E-15   0.6852591469347E-01  -0.3602296564284E-16
   0.3830000000000E+01   0.3269007713502E+03   0.7349110583605E-14   0.4512079000482E+02  -0.1335472020379E-15  -0.5294732637872E-13  -0.5424645608986E-16   0.1263900000000E+04  -0.1038728510378E-13  -0.1000000000000E+04   0.9976493366987E+00  -0.1144744383445E-15   0.6852591469347E-01  -0.3624725736370E-16
   0.3840000000000E+01   0.3269007713502E+03   0.7373931651019E-14   0.4512079000482E+02  -0.1339778688266E-15  -0.5310765572407E-13  -0.5449484774595E-16   0.1267200000000E+04  -0.1050115245665E-13  -0.1000000000000E+04   0.9976493366987E+00  -0.1151603069386E-15   0.6852591469347E-01  -0.3647264059309E-16
   0.3850000000000E+01   0.3269007713502E+03   0.7398859218622E-14   0.4512079000482E+02  -0.1344107446864E-15  -0.5326851566651E-13  -0.5474337953617E-16   0.1270500000000E+04  -0.1061594798608E-13  -0.1000000000000E+04   0.9976493366987E+00  -0.1158484144466E-15   0.6852591469347E-01  -0.3669911527319E-16
   0.3860000000000E+01   0.3269007713502E+03   0.7423891024998E-14   0.4512079000482E+02  -0.1348458248976E-15  -0.5342946403585E-13  -0.5499204692116E-16   0.1273800000000E+04  -0.1073167680969E-13  -0.1000000000000E+04   0.9976493366987E+00  -0.1165387719245E-15   0.6852591469347E-01  -0.3692668134103E-16
   0.3870000000000E+01   0.3269007713502E+03   0.7449024780110E-14   0.4512079000482E+02  -0.1352831035016E-15  -0.5359076613420E-13  -0.5524084116307E-16   0.1277100000000E+04  -0.1084834406234E-13  -0.1000000000000E+04   0.9976493366987E+00  -0.1172313903977E-15   0.6852591469347E-01  -0.3715533869125E-16
   0.3880000000000E+01   0.3269007713502E+03   0.7474258173827E-14   0.4512079000482E+02  -0.1357225737842E-15  -0.5375215665944E-13  -0.5548975381103E-16   0.1280400000000E+04  -0.1096595489612E-13  -0.1000000000000E+04   0.9976493366987E+00  -0.1179262808588E-15   0.6852591469347E-01  -0.3738508718890E-16
   0.3890000000000E+01   0.3269007713502E+03   0.7499588866544E-14   0.4512079000482E+02  -0.1361642282695E-15  -0.5391363561159E-13  -0.5573877671588E-16   0.1283700000000E+04  -0.1108451448035E-13  -0.1000000000000E+04   0.9976493366987E+00  -0.1186234542613E-15   0.6852591469347E-01  -0.3761592665448E-16
   0.3900000000000E+01   0.3269007713502E+03   0.7525014490609E-14   0.4512079000482E+02  -0.1366080587265E-15  -0.5407555672676E-13  -0.5598790203297E-16   0.1287000000000E+04  -0.1120402800164E-13  -0.1000000000000E+04   0.9976493366987E+00  -0.1193229215158E-15   0.6852591469347E-01  -0.3784785686575E-16
   0.3910000000000E+01   0.3269007713502E+03   0.7550532673194E-14   0.4512079000482E+02  -0.1370540571352E-15  -0.5423800843900E-13  -0.5623713118213E-16   0.1290300000000E+04  -0.1132450066388E-13  -0.1000000000000E+04   0.9976493366987E+00  -0.1200246934921E-15   0.6852591469347E-01  -0.3808087759281E-16
   0.3920000000000E+01   0.3269007713502E+03   0.7576141044707E-14   0.4512079000482E+02  -0.1375022143184E-15  -0.5440046014409E-13  -0.5648646136266E-16   0.1293600000000E+04  -0.1144593768827E-13  -0.1000000000000E+04   0.9976493366987E+00  -0.1207287810180E-15   0.6852591469347E-01  -0.3831498861078E-16
   0.3930000000000E+01   0.3269007713502E+03   0.7601837204227E-14   0.4512079000482E+02  -0.1379525189799E-15  -0.5456291184204E-13  -0.5673587661171E-16   0.1296900000000E+04  -0.1156834431333E-13  -0.1000000000000E+04   0.9976493366987E+00  -0.1214351948660E-15   0.6852591469347E-01  -0.3855018964596E-16
   0.3940000000000E+01   0.3269007713502E+03   0.7627618720994E-14   0.4512079000482E+02  -0.1384049604961E-15  -0.5472589413704E-13  -0.5698537475937E-16   0.1300200000000E+04  -0.1169172579493E-13  -0.1000000000000E+04   0.9976493366987E+00  -0.1221439457499E-15   0.6852591469347E-01  -0.3878648037759E-16
   0.3950000000000E+01   0.3269007713502E+03   0.7653483168031E-14   0.4512079000482E+02  -0.1388595275738E-15  -0.5488896485891E-13  -0.5723495391571E-16   0.1303500000000E+04  -0.1181608740630E-13  -0.1000000000000E+04   0.9976493366987E+00  -0.1228550443299E-15   0.6852591469347E-01  -0.3902386048969E-16
   0.3960000000000E+01   0.3269007713502E+03   0.7679428101931E-14   0.4512079000482E+02  -0.1393162077720E-15  -0.5505247774381E-13  -0.5748460800377E-16   0.1306800000000E+04  -0.1194143443805E-13  -0.1000000000000E+04   0.9976493366987E+00  -0.1235685012039E-15   0.6852591469347E-01  -0.3926232963934E-16
   0.3970000000000E+01   0.3269007713502E+03   0.7705451078520E-14   0.4512079000482E+02  -0.1397749884617E-15  -0.5521607905558E-13  -0.5773433572697E-16   0.1310100000000E+04  -0.1206777219815E-13  -0.1000000000000E+04   0.9976493366987E+00  -0.1242843269079E-15   0.6852591469347E-01  -0.3950188748065E-16
   0.3980000000000E+01   0.3269007713502E+03   0.7731549636248E-14   0.4512079000482E+02  -0.1402358554224E-15  -0.5537968036019E-13  -0.5798412711421E-16   0.1313400000000E+04  -0.1219510601202E-13  -0.1000000000000E+04   0.9976493366987E+00  -0.1250025319078E-15   0.6852591469347E-01  -0.3974253363865E-16
   0.3990000000000E+01   0.3269007713502E+03   0.7757721290439E-14   0.4512079000482E+02  -0.1406987942335E-15  -0.5554372382781E-13  -0.5823397700589E-16   0.1316700000000E+04  -0.1232344122248E-13  -0.1000000000000E+04   0.9976493366987E+00  -0.1257231265948E-15   0.6852591469347E-01  -0.3998426769999E-16
   0.4000000000000E+01   0.3269007713502E+03   0.7783963563336E-14   0.4512079000482E+02  -0.1411637907868E-15  -0.5570829789247E-13  -0.5848388951268E-16   0.1320000000000E+04  -0.1245278318977E-13  -0.1000000000000E+04   0.9976493366987E+00  -0.1264461212897E-15   0.6852591469347E-01  -0.4022708925917E-16
   0.4010000000000E+01   0.3269007713502E+03   0.7810273996053E-14   0.4512079000482E+02  -0.1416308303888E-15  -0.5587322568610E-13  -0.5873386901676E-16   0.1323300000000E+04  -0.1258313729159E-13  -0.1000000000000E+04   0.9976493366987E+00  -0.1271715262427E-15   0.6852591469347E-01  -0.4047099793681E-16
   0.4020000000000E+01   0.3269007713502E+03   0.7836650128229E-14   0.4512079000482E+02  -0.1420998958954E-15  -0.5603779973643E-13  -0.5898390222655E-16   0.1326600000000E+04  -0.1271450892311E-13  -0.1000000000000E+04   0.9976493366987E+00  -0.1278993516251E-15   0.6852591469347E-01  -0.4071599334784E-16
   0.4030000000000E+01   0.3269007713502E+03   0.7863089463587E-14   0.4512079000482E+02  -0.1425709704601E-15  -0.5620290438379E-13  -0.5923398517231E-16   0.1329900000000E+04  -0.1284690349696E-13  -0.1000000000000E+04   0.9976493366987E+00  -0.1286296075167E-15   0.6852591469347E-01  -0.4096207504774E-16
   0.4040000000000E+01   0.3269007713502E+03   0.7889589521520E-14   0.4512079000482E+02  -0.1430440376060E-15  -0.5636845119416E-13  -0.5948412314820E-16   0.1333200000000E+04  -0.1298032644325E-13  -0.1000000000000E+04   0.9976493366987E+00  -0.1293623039162E-15   0.6852591469347E-01  -0.4120924261215E-16
   0.4050000000000E+01   0.3269007713502E+03   0.7916147834658E-14   0.4512079000482E+02  -0.1435190793829E-15  -0.5653399799736E-13  -0.5973431274547E-16   0.1336500000000E+04  -0.1311478320961E-13  -0.1000000000000E+04   0.9976493366987E+00  -0.1300974507378E-15   0.6852591469347E-01  -0.4145749563285E-16
   0.4060000000000E+01   0.3269007713502E+03   0.7942761921440E-14   0.4512079000482E+02  -0.1439960768095E-15  -0.5669963322741E-13  -0.5998454637721E-16   0.1339800000000E+04  -0.1325027926113E-13  -0.1000000000000E+04   0.9976493366987E+00  -0.1308350578007E-15   0.6852591469347E-01  -0.4170683367495E-16
   0.4070000000000E+01   0.3269007713502E+03   0.7969429294659E-14   0.4512079000482E+02  -0.1444750112841E-15  -0.5686571062047E-13  -0.6023482574658E-16   0.1343100000000E+04  -0.1338682008047E-13  -0.1000000000000E+04   0.9976493366987E+00  -0.1315751348285E-15   0.6852591469347E-01  -0.4195725628977E-16
   0.4080000000000E+01   0.3269007713502E+03   0.7996147480630E-14   0.4512079000482E+02  -0.1449558632282E-15  -0.5703187644038E-13  -0.6048514834842E-16   0.1346400000000E+04  -0.1352441116779E-13  -0.1000000000000E+04   0.9976493366987E+00  -0.1323176914511E-15   0.6852591469347E-01  -0.4220876304432E-16
   0.4090000000000E+01   0.3269007713502E+03   0.8022914006076E-14   0.4512079000482E+02  -0.1454386130120E-15  -0.5719848442329E-13  -0.6073551646849E-16   0.1349700000000E+04  -0.1366305804076E-13  -0.1000000000000E+04   0.9976493366987E+00  -0.1330627371989E-15   0.6852591469347E-01  -0.4246135350064E-16
   0.4100000000000E+01   0.3269007713502E+03   0.8049726413683E-14   0.4512079000482E+02  -0.1459232400589E-15  -0.5736509239902E-13  -0.6098592818082E-16   0.1353000000000E+04  -0.1380276623465E-13  -0.1000000000000E+04   0.9976493366987E+00  -0.1338102815038E-15   0.6852591469347E-01  -0.4271502723966E-16
   0.4110000000000E+01   0.3269007713502E+03   0.8076582238209E-14   0.4512079000482E+02  -0.1464097228276E-15  -0.5753178880160E-13  -0.6123637737557E-16   0.1356300000000E+04  -0.1394354130222E-13  -0.1000000000000E+04   0.9976493366987E+00  -0.1345603336905E-15   0.6852591469346E-01  -0.4296978382395E-16
   0.4120000000000E+01   0.3269007713502E+03   0.8103479014977E-14   0.4512079000482E+02  -0.1468980402243E-15  -0.5769901580121E-13  -0.6148686722666E-16   0.1359600000000E+04  -0.1408538881384E-13  -0.1000000000000E+04   0.9976493366987E+00  -0.1353129029757E-15   0.6852591469346E-01  -0.4322562281048E-16
   0.4130000000000E+01   0.3269007713502E+03   0.8130414306138E-14   0.4512079000482E+02  -0.1473881707209E-15  -0.5786624279364E-13  -0.6173740117585E-16   0.1362900000000E+04  -0.1422831435741E-13  -0.1000000000000E+04   0.9976493366987E+00  -0.1360679984730E-15   0.6852591469346E-01  -0.4348254379117E-16
   0.4140000000000E+01   0.3269007713502E+03   0.8157385673130E-14   0.4512079000482E+02  -0.1478800914068E-15  -0.5803382351502E-13  -0.6198797397990E-16   0.1366200000000E+04  -0.1437232353842E-13  -0.1000000000000E+04   0.9976493366987E+00  -0.1368256291830E-15   0.6852591469346E-01  -0.4374054634992E-16
   0.4150000000000E+01   0.3269007713502E+03   0.8184390692223E-14   0.4512079000482E+02  -0.1483737798778E-15  -0.5820158109729E-13  -0.6223858966005E-16   0.1369500000000E+04  -0.1451742197994E-13  -0.1000000000000E+04   0.9976493366987E+00  -0.1375858039946E-15   0.6852591469346E-01  -0.4399963008648E-16
   0.4160000000000E+01   0.3269007713502E+03   0.8211426955674E-14   0.4512079000482E+02  -0.1488692133216E-15  -0.5836969240851E-13  -0.6248925251590E-16   0.1372800000000E+04  -0.1466361532261E-13  -0.1000000000000E+04   0.9976493366987E+00  -0.1383485316838E-15   0.6852591469346E-01  -0.4425979461797E-16
   0.4170000000000E+01   0.3269007713502E+03   0.8238492072811E-14   0.4512079000482E+02  -0.1493663676067E-15  -0.5853780371254E-13  -0.6273995813815E-16   0.1376100000000E+04  -0.1481090922467E-13  -0.1000000000000E+04   0.9976493366987E+00  -0.1391138209113E-15   0.6852591469346E-01  -0.4452103958041E-16
   0.4180000000000E+01   0.3269007713502E+03   0.8265583653269E-14   0.4512079000482E+02  -0.1498652186661E-15  -0.5870609187746E-13  -0.6299070690383E-16   0.1379400000000E+04  -0.1495930936195E-13  -0.1000000000000E+04   0.9976493366987E+00  -0.1398816802160E-15   0.6852591469346E-01  -0.4478336460244E-16
   0.4190000000000E+01   0.3269007713502E+03   0.8292699322522E-14   0.4512079000482E+02  -0.1503657425262E-15  -0.5887491063939E-13  -0.6324150395820E-16   0.1382700000000E+04  -0.1510882142789E-13  -0.1000000000000E+04   0.9976493366987E+00  -0.1406521180167E-15   0.6852591469346E-01  -0.4504676932917E-16
   0.4200000000000E+01   0.3269007713502E+03   0.8319836740839E-14   0.4512079000482E+02  -0.1508679148838E-15  -0.5904381782816E-13  -0.6349235469783E-16   0.1386000000000E+04  -0.1525945113353E-13  -0.1000000000000E+04   0.9976493366987E+00  -0.1414251426158E-15   0.6852591469346E-01  -0.4531125345139E-16
   0.4210000000000E+01   0.3269007713502E+03   0.8346993582789E-14   0.4512079000482E+02  -0.1513717106317E-15  -0.5921316717991E-13  -0.6374326030021E-16   0.1389300000000E+04  -0.1541120420750E-13  -0.1000000000000E+04   0.9976493366987E+00  -0.1422007621916E-15   0.6852591469346E-01  -0.4557681667364E-16
   0.4220000000000E+01   0.3269007713502E+03   0.8374167556205E-14   0.4512079000482E+02  -0.1518771052916E-15  -0.5938304712868E-13  -0.6399423117539E-16   0.1392600000000E+04  -0.1556408639606E-13  -0.1000000000000E+04   0.9976493366987E+00  -0.1429789848015E-15   0.6852591469346E-01  -0.4584345874341E-16
   0.4230000000000E+01   0.3269007713502E+03   0.8401356413846E-14   0.4512079000482E+02  -0.1523840741193E-15  -0.5955336924042E-13  -0.6424527796435E-16   0.1395900000000E+04  -0.1571810346310E-13  -0.1000000000000E+04   0.9976493366987E+00  -0.1437598183838E-15   0.6852591469346E-01  -0.4611117946913E-16
   0.4240000000000E+01   0.3269007713502E+03   0.8428557943485E-14   0.4512079000482E+02  -0.1528925911850E-15  -0.5972377977899E-13  -0.6449640256189E-16   0.1399200000000E+04  -0.1587326119009E-13  -0.1000000000000E+04   0.9976493366987E+00  -0.1445432707538E-15   0.6852591469346E-01  -0.4637997870475E-16
   0.4250000000000E+01   0.3269007713502E+03   0.8455769950931E-14   0.4512079000482E+02  -0.1534026307603E-15  -0.5989472091457E-13  -0.6474761161002E-16   0.1402500000000E+04  -0.1602956537618E-13  -0.1000000000000E+04   0.9976493366987E+00  -0.1453293495970E-15   0.6852591469346E-01  -0.4664985632323E-16
   0.4260000000000E+01   0.3269007713502E+03   0.8482990286048E-14   0.4512079000482E+02  -0.1539141673669E-15  -0.6006610421312E-13  -0.6499891646460E-16   0.1405800000000E+04  -0.1618702183812E-13  -0.1000000000000E+04   0.9976493366987E+00  -0.1461180624756E-15   0.6852591469346E-01  -0.4692081225676E-16
   0.4270000000000E+01   0.3269007713502E+03   0.8510216836362E-14   0.4512079000482E+02  -0.1544271743954E-15  -0.6023757593850E-13  -0.6525031972183E-16   0.1409100000000E+04  -0.1634563641030E-13  -0.1000000000000E+04   0.9976493366987E+00  -0.1469094168251E-15   0.6852591469346E-01  -0.4719284648681E-16
   0.4280000000000E+01   0.3269007713502E+03   0.8537447510011E-14   0.4512079000482E+02  -0.1549416254925E-15  -0.6040957826088E-13  -0.6550182871149E-16   0.1412400000000E+04  -0.1650541494476E-13  -0.1000000000000E+04   0.9976493366987E+00  -0.1477034199486E-15   0.6852591469346E-01  -0.4746595901757E-16
   0.4290000000000E+01   0.3269007713502E+03   0.8564680261695E-14   0.4512079000482E+02  -0.1554574946090E-15  -0.6058202274621E-13  -0.6575345546320E-16   0.1415700000000E+04  -0.1666636331118E-13  -0.1000000000000E+04   0.9976493366987E+00  -0.1485000790230E-15   0.6852591469346E-01  -0.4774014991605E-16
   0.4300000000000E+01   0.3269007713502E+03   0.8591913086204E-14   0.4512079000482E+02  -0.1559747546189E-15  -0.6075455565836E-13  -0.6600520323274E-16   0.1419000000000E+04  -0.1682848739690E-13  -0.1000000000000E+04   0.9976493366987E+00  -0.1492994010958E-15   0.6852591469346E-01  -0.4801541930205E-16
   0.4310000000000E+01   0.3269007713502E+03   0.8619144001301E-14   0.4512079000482E+02  -0.1564933787058E-15  -0.6092753073347E-13  -0.6625707999500E-16   0.1422300000000E+04  -0.1699179310690E-13  -0.1000000000000E+04   0.9976493366987E+00  -0.1501013930803E-15   0.6852591469346E-01  -0.4829176732151E-16
   0.4320000000000E+01   0.3269007713502E+03   0.8646371066427E-14   0.4512079000482E+02  -0.1570133399365E-15  -0.6110094797152E-13  -0.6650909392667E-16   0.1425600000000E+04  -0.1715628636383E-13  -0.1000000000000E+04   0.9976493366987E+00  -0.1509060617592E-15   0.6852591469346E-01  -0.4856919417542E-16
   0.4330000000000E+01   0.3269007713502E+03   0.8673592383381E-14   0.4512079000482E+02  -0.1575346112807E-15  -0.6127454207042E-13  -0.6676125340054E-16   0.1428900000000E+04  -0.1732197310801E-13  -0.1000000000000E+04   0.9976493366987E+00  -0.1517134137847E-15   0.6852591469346E-01  -0.4884770012087E-16
   0.4340000000000E+01   0.3269007713502E+03   0.8700806086269E-14   0.4512079000482E+02  -0.1580571656132E-15  -0.6144857833225E-13  -0.6701356699348E-16   0.1432200000000E+04  -0.1748885929740E-13  -0.1000000000000E+04   0.9976493366987E+00  -0.1525234556745E-15   0.6852591469346E-01  -0.4912728545536E-16
   0.4350000000000E+01   0.3269007713502E+03   0.8728010349346E-14   0.4512079000482E+02  -0.1585809752756E-15  -0.6162261458686E-13  -0.6726603898089E-16   0.1435500000000E+04  -0.1765695090767E-13  -0.1000000000000E+04   0.9976493366987E+00  -0.1533361938142E-15   0.6852591469346E-01  -0.4940795052897E-16
   0.4360000000000E+01   0.3269007713502E+03   0.8755203366209E-14   0.4512079000482E+02  -0.1591060125274E-15  -0.6179718143842E-13  -0.6751867384994E-16   0.1438800000000E+04  -0.1782625393213E-13  -0.1000000000000E+04   0.9976493366987E+00  -0.1541516344504E-15   0.6852591469346E-01  -0.4968969571199E-16
   0.4370000000000E+01   0.3269007713502E+03   0.8782383382756E-14   0.4512079000482E+02  -0.1596322509942E-15  -0.6197219045291E-13  -0.6777148973338E-16   0.1442100000000E+04  -0.1799677438180E-13  -0.1000000000000E+04   0.9976493366987E+00  -0.1549697837000E-15   0.6852591469346E-01  -0.4997252144599E-16
   0.4380000000000E+01   0.3269007713502E+03   0.8809548690522E-14   0.4512079000482E+02  -0.1601596624278E-15  -0.6214728789419E-13  -0.6802448696734E-16   0.1445400000000E+04  -0.1816851828537E-13  -0.1000000000000E+04   0.9976493366987E+00  -0.1557906475473E-15   0.6852591469346E-01  -0.5025642823349E-16
   0.4390000000000E+01   0.3269007713502E+03   0.8836697609359E-14   0.4512079000482E+02  -0.1606882199499E-15  -0.6232291593242E-13  -0.6827767955167E-16   0.1448700000000E+04  -0.1834149168922E-13  -0.1000000000000E+04   0.9976493366987E+00  -0.1566142318400E-15   0.6852591469346E-01  -0.5054141661112E-16
   0.4400000000000E+01   0.3269007713502E+03   0.8863828513108E-14   0.4512079000482E+02  -0.1612178962407E-15  -0.6249889769952E-13  -0.6853107714745E-16   0.1452000000000E+04  -0.1851570065742E-13  -0.1000000000000E+04   0.9976493366987E+00  -0.1574405422955E-15   0.6852591469346E-01  -0.5082748718936E-16
   0.4410000000000E+01   0.3269007713502E+03   0.8890939812111E-14   0.4512079000482E+02  -0.1617486630719E-15  -0.6267461415725E-13  -0.6878468059949E-16   0.1455300000000E+04  -0.1869115127174E-13  -0.1000000000000E+04   0.9976493366987E+00  -0.1582695844965E-15   0.6852591469346E-01  -0.5111464062552E-16
   0.4420000000000E+01   0.3269007713502E+03   0.8918029928781E-14   0.4512079000482E+02  -0.1622804931402E-15  -0.6285130338209E-13  -0.6903849993109E-16   0.1458600000000E+04  -0.1886784963165E-13  -0.1000000000000E+04   0.9976493366987E+00  -0.1591013638839E-15   0.6852591469346E-01  -0.5140287758575E-16
   0.4430000000000E+01   0.3269007713502E+03   0.8945097359035E-14   0.4512079000482E+02  -0.1628133596961E-15  -0.6302772729754E-13  -0.6929254977496E-16   0.1461900000000E+04  -0.1904580185432E-13  -0.1000000000000E+04   0.9976493366987E+00  -0.1599358857741E-15   0.6852591469346E-01  -0.5169219884029E-16
   0.4440000000000E+01   0.3269007713502E+03   0.8972140611763E-14   0.4512079000482E+02  -0.1633472341607E-15  -0.6320450494184E-13  -0.6954682697894E-16   0.1465200000000E+04  -0.1922501407465E-13  -0.1000000000000E+04   0.9976493366987E+00  -0.1607731553427E-15   0.6852591469346E-01  -0.5198260516974E-16
   0.4450000000000E+01   0.3269007713502E+03   0.8999158234503E-14   0.4512079000482E+02  -0.1638820898823E-15  -0.6338172474903E-13  -0.6980134650923E-16   0.1468500000000E+04  -0.1940549244522E-13  -0.1000000000000E+04   0.9976493366987E+00  -0.1616131776312E-15   0.6852591469345E-01  -0.5227409740470E-16
   0.4460000000000E+01   0.3269007713502E+03   0.9026148824598E-14   0.4512079000482E+02  -0.1644178993784E-15  -0.6355903298294E-13  -0.7005611448013E-16   0.1471800000000E+04  -0.1958724313636E-13  -0.1000000000000E+04   0.9976493366987E+00  -0.1624559575508E-15   0.6852591469345E-01  -0.5256667644323E-16
   0.4470000000000E+01   0.3269007713502E+03   0.9053111011685E-14   0.4512079000482E+02  -0.1649546357206E-15  -0.6373687181376E-13  -0.7031114164595E-16   0.1475100000000E+04  -0.1977027233609E-13  -0.1000000000000E+04   0.9976493366987E+00  -0.1633014998780E-15   0.6852591469345E-01  -0.5286034322362E-16
   0.4480000000000E+01   0.3269007713502E+03   0.9080043479581E-14   0.4512079000482E+02  -0.1654922721110E-15  -0.6391479907129E-13  -0.7056643887832E-16   0.1478400000000E+04  -0.1995458625017E-13  -0.1000000000000E+04   0.9976493366987E+00  -0.1641498092609E-15   0.6852591469345E-01  -0.5315509875847E-16
   0.4490000000000E+01   0.3269007713502E+03   0.9106944945109E-14   0.4512079000482E+02  -0.1660307814057E-15  -0.6409316849168E-13  -0.7082201269388E-16   0.1481700000000E+04  -0.2014019110209E-13  -0.1000000000000E+04   0.9976493366987E+00  -0.1650008902140E-15   0.6852591469345E-01  -0.5345094410184E-16
   0.4500000000000E+01   0.3269007713502E+03   0.9133814172785E-14   0.4512079000482E+02  -0.1665701370743E-15  -0.6427162633876E-13  -0.7107787421631E-16   0.1485000000000E+04  -0.2032709313306E-13  -0.1000000000000E+04   0.9976493366987E+00  -0.1658547471231E-15   0.6852591469345E-01  -0.5374788037212E-16
   0.4510000000000E+01   0.3269007713502E+03   0.9160649960803E-14   0.4512079000482E+02  -0.1671103122655E-15  -0.6445052634868E-13  -0.7133403020412E-16   0.1488300000000E+04  -0.2051529860204E-13  -0.1000000000000E+04   0.9976493366987E+00  -0.1667113842417E-15   0.6852591469345E-01  -0.5404590873032E-16
   0.4520000000000E+01   0.3269007713502E+03   0.9187451159258E-14   0.4512079000482E+02  -0.1676512812357E-15  -0.6462986852142E-13  -0.7159049650042E-16   0.1491600000000E+04  -0.2070481378572E-13  -0.1000000000000E+04   0.9976493366987E+00  -0.1675708056972E-15   0.6852591469345E-01  -0.5434503040841E-16
   0.4530000000000E+01   0.3269007713502E+03   0.9214216670334E-14   0.4512079000482E+02  -0.1681930175077E-15  -0.6480929912084E-13  -0.7184728005828E-16   0.1494900000000E+04  -0.2089564497856E-13  -0.1000000000000E+04   0.9976493366987E+00  -0.1684330154915E-15   0.6852591469345E-01  -0.5464524670971E-16
   0.4540000000000E+01   0.3269007713502E+03   0.9240945434200E-14   0.4512079000482E+02  -0.1687354957226E-15  -0.6498952561920E-13  -0.7210439692039E-16   0.1498200000000E+04  -0.2108779849275E-13  -0.1000000000000E+04   0.9976493366987E+00  -0.1692980174983E-15   0.6852591469345E-01  -0.5494655898711E-16
   0.4550000000000E+01   0.3269007713502E+03   0.9267636457816E-14   0.4512079000482E+02  -0.1692786898347E-15  -0.6516948680809E-13  -0.7236185421057E-16   0.1501500000000E+04  -0.2128128065824E-13  -0.1000000000000E+04   0.9976493366987E+00  -0.1701658154718E-15   0.6852591469345E-01  -0.5524896868788E-16
   0.4560000000000E+01   0.3269007713502E+03   0.9294288764926E-14   0.4512079000482E+02  -0.1698225739884E-15  -0.6534997859379E-13  -0.7261965917156E-16   0.1504800000000E+04  -0.2147609782275E-13  -0.1000000000000E+04   0.9976493366987E+00  -0.1710364130345E-15   0.6852591469345E-01  -0.5555247727620E-16
   0.4570000000000E+01   0.3269007713502E+03   0.9320901432150E-14   0.4512079000482E+02  -0.1703671230364E-15  -0.6553055880613E-13  -0.7287782361075E-16   0.1508100000000E+04  -0.2167225635177E-13  -0.1000000000000E+04   0.9976493366987E+00  -0.1719098136877E-15   0.6852591469345E-01  -0.5585708628921E-16
   0.4580000000000E+01   0.3269007713502E+03   0.9347473571183E-14   0.4512079000482E+02  -0.1709123115998E-15  -0.6571158118124E-13  -0.7313635493169E-16   0.1511400000000E+04  -0.2186976262856E-13  -0.1000000000000E+04   0.9976493366987E+00  -0.1727860208082E-15   0.6852591469345E-01  -0.5616279730949E-16
   0.4590000000000E+01   0.3269007713502E+03   0.9374004343259E-14   0.4512079000482E+02  -0.1714581150266E-15  -0.6589269198296E-13  -0.7339526509604E-16   0.1514700000000E+04  -0.2206862305416E-13  -0.1000000000000E+04   0.9976493366987E+00  -0.1736650376531E-15   0.6852591469345E-01  -0.5646961198762E-16
   0.4600000000000E+01   0.3269007713502E+03   0.9400492944919E-14   0.4512079000482E+02  -0.1720045084549E-15  -0.6607415651340E-13  -0.7365456165124E-16   0.1518000000000E+04  -0.2226884404738E-13  -0.1000000000000E+04   0.9976493366987E+00  -0.1745468673576E-15   0.6852591469345E-01  -0.5677753202018E-16
   0.4610000000000E+01   0.3269007713502E+03   0.9426938615273E-14   0.4512079000482E+02  -0.1725514672965E-15  -0.6625570947042E-13  -0.7391425220912E-16   0.1521300000000E+04  -0.2247043204486E-13  -0.1000000000000E+04   0.9976493366987E+00  -0.1754315129380E-15   0.6852591469345E-01  -0.5708655916119E-16
   0.4620000000000E+01   0.3269007713502E+03   0.9453340628926E-14   0.4512079000482E+02  -0.1730989677002E-15  -0.6643779302421E-13  -0.7417434894176E-16   0.1524600000000E+04  -0.2267339350100E-13  -0.1000000000000E+04   0.9976493366987E+00  -0.1763189772911E-15   0.6852591469345E-01  -0.5739669521115E-16
   0.4630000000000E+01   0.3269007713502E+03   0.9479698321101E-14   0.4512079000482E+02  -0.1736469865955E-15  -0.6662031874070E-13  -0.7443486854652E-16   0.1527900000000E+04  -0.2287773488802E-13  -0.1000000000000E+04   0.9976493366987E+00  -0.1772092632029E-15   0.6852591469345E-01  -0.5770794205623E-16
   0.4640000000000E+01   0.3269007713502E+03   0.9506011080348E-14   0.4512079000482E+02  -0.1741955003050E-15  -0.6680284444972E-13  -0.7469581877123E-16   0.1531200000000E+04  -0.2308346269595E-13  -0.1000000000000E+04   0.9976493366987E+00  -0.1781023733475E-15   0.6852591469345E-01  -0.5802030165707E-16
   0.4650000000000E+01   0.3269007713502E+03   0.9532278323440E-14   0.4512079000482E+02  -0.1747444854513E-15  -0.6698581232142E-13  -0.7495720742273E-16   0.1534500000000E+04  -0.2329058343262E-13  -0.1000000000000E+04   0.9976493366987E+00  -0.1789983102829E-15   0.6852591469345E-01  -0.5833377601010E-16
   0.4660000000000E+01   0.3269007713502E+03   0.9558499516888E-14   0.4512079000482E+02  -0.1752939194560E-15  -0.6716886861966E-13  -0.7521904682900E-16   0.1537800000000E+04  -0.2349910362371E-13  -0.1000000000000E+04   0.9976493366987E+00  -0.1798970764573E-15   0.6852591469345E-01  -0.5864836718093E-16
   0.4670000000000E+01   0.3269007713502E+03   0.9584674162540E-14   0.4512079000482E+02  -0.1758437796017E-15  -0.6735236708055E-13  -0.7548134486690E-16   0.1541100000000E+04  -0.2370902981272E-13  -0.1000000000000E+04   0.9976493366987E+00  -0.1807986742080E-15   0.6852591469345E-01  -0.5896407728222E-16
   0.4680000000000E+01   0.3269007713502E+03   0.9610801811837E-14   0.4512079000482E+02  -0.1763940439882E-15  -0.6753595396796E-13  -0.7574411392418E-16   0.1544400000000E+04  -0.2392036856099E-13  -0.1000000000000E+04   0.9976493366987E+00  -0.1817031057660E-15   0.6852591469345E-01  -0.5928090849594E-16
   0.4690000000000E+01   0.3269007713502E+03   0.9636882051380E-14   0.4512079000482E+02  -0.1769446905936E-15  -0.6771989458396E-13  -0.7600736192731E-16   0.1547700000000E+04  -0.2413312644771E-13  -0.1000000000000E+04   0.9976493366987E+00  -0.1826103732546E-15   0.6852591469345E-01  -0.5959886305113E-16
   0.4700000000000E+01   0.3269007713502E+03   0.9662914509990E-14   0.4512079000482E+02  -0.1774956977557E-15  -0.6790392362644E-13  -0.7627109682020E-16   0.1551000000000E+04  -0.2434731006993E-13  -0.1000000000000E+04   0.9976493366987E+00  -0.1835204786925E-15   0.6852591469345E-01  -0.5991794323501E-16
   0.4710000000000E+01   0.3269007713502E+03   0.9688898851436E-14   0.4512079000482E+02  -0.1780470446337E-15  -0.6808848326556E-13  -0.7653533106027E-16   0.1554300000000E+04  -0.2456292604254E-13  -0.1000000000000E+04   0.9976493366987E+00  -0.1844334239942E-15   0.6852591469345E-01  -0.6023815138186E-16
   0.4720000000000E+01   0.3269007713502E+03   0.9714834795770E-14   0.4512079000482E+02  -0.1785987107797E-15  -0.6827313133113E-13  -0.7680007709586E-16   0.1557600000000E+04  -0.2477998099832E-13  -0.1000000000000E+04   0.9976493366987E+00  -0.1853492109772E-15   0.6852591469345E-01  -0.6055948990628E-16
   0.4730000000000E+01   0.3269007713502E+03   0.9740722097597E-14   0.4512079000482E+02  -0.1791506756564E-15  -0.6845813312524E-13  -0.7706534289396E-16   0.1560900000000E+04  -0.2499848158794E-13  -0.1000000000000E+04   0.9976493366987E+00  -0.1862678413586E-15   0.6852591469345E-01  -0.6088196126967E-16
   0.4740000000000E+01   0.3269007713502E+03   0.9766560553056E-14   0.4512079000482E+02  -0.1797029191172E-15  -0.6864322334577E-13  -0.7733113641916E-16   0.1564200000000E+04  -0.2521843447993E-13  -0.1000000000000E+04   0.9976493366987E+00  -0.1871893167585E-15   0.6852591469345E-01  -0.6120556799127E-16
   0.4750000000000E+01   0.3269007713502E+03   0.9792349992471E-14   0.4512079000482E+02  -0.1802554218666E-15  -0.6882875572885E-13  -0.7759747012984E-16   0.1567500000000E+04  -0.2543984636075E-13  -0.1000000000000E+04   0.9976493366987E+00  -0.1881136387003E-15   0.6852591469345E-01  -0.6153031263690E-16
   0.4760000000000E+01   0.3269007713502E+03   0.9818090294447E-14   0.4512079000482E+02  -0.1808081645571E-15  -0.6901437653832E-13  -0.7786435197238E-16   0.1570800000000E+04  -0.2566272393474E-13  -0.1000000000000E+04   0.9976493366987E+00  -0.1890408086162E-15   0.6852591469344E-01  -0.6185619784100E-16
   0.4770000000000E+01   0.3269007713502E+03   0.9843781367683E-14   0.4512079000482E+02  -0.1813611282370E-15  -0.6920008577416E-13  -0.7813178988944E-16   0.1574100000000E+04  -0.2588707392417E-13  -0.1000000000000E+04   0.9976493366987E+00  -0.1899708278450E-15   0.6852591469344E-01  -0.6218322627865E-16
   0.4780000000000E+01   0.3269007713502E+03   0.9869423150784E-14   0.4512079000482E+02  -0.1819142943526E-15  -0.6938623717250E-13  -0.7839979181664E-16   0.1577400000000E+04  -0.2611290306924E-13  -0.1000000000000E+04   0.9976493366987E+00  -0.1909036976334E-15   0.6852591469344E-01  -0.6251140066541E-16
   0.4790000000000E+01   0.3269007713502E+03   0.9895015629909E-14   0.4512079000482E+02  -0.1824676452417E-15  -0.6957247699718E-13  -0.7866837014889E-16   0.1580700000000E+04  -0.2634021812809E-13  -0.1000000000000E+04   0.9976493366987E+00  -0.1918394191434E-15   0.6852591469344E-01  -0.6284072378484E-16
   0.4800000000000E+01   0.3269007713502E+03   0.9920558824120E-14   0.4512079000482E+02  -0.1830211631918E-15  -0.6975915898433E-13  -0.7893753276865E-16   0.1584000000000E+04  -0.2656902587677E-13  -0.1000000000000E+04   0.9976493366987E+00  -0.1927779934502E-15   0.6852591469344E-01  -0.6317119846607E-16
   0.4810000000000E+01   0.3269007713502E+03   0.9946052799396E-14   0.4512079000482E+02  -0.1835748313932E-15  -0.6994592939779E-13  -0.7920729200840E-16   0.1587300000000E+04  -0.2679933310934E-13  -0.1000000000000E+04   0.9976493366987E+00  -0.1937194215483E-15   0.6852591469344E-01  -0.6350282760563E-16
   0.4820000000000E+01   0.3269007713502E+03   0.9971497653951E-14   0.4512079000482E+02  -0.1841286329975E-15  -0.7013314197367E-13  -0.7947765567897E-16   0.1590600000000E+04  -0.2703114663779E-13  -0.1000000000000E+04   0.9976493366987E+00  -0.1946637043497E-15   0.6852591469344E-01  -0.6383561414499E-16
   0.4830000000000E+01   0.3269007713502E+03   0.9996893532203E-14   0.4512079000482E+02  -0.1846825520695E-15  -0.7032044297583E-13  -0.7974863603212E-16   0.1593900000000E+04  -0.2726447329211E-13  -0.1000000000000E+04   0.9976493366987E+00  -0.1956108426903E-15   0.6852591469344E-01  -0.6416956109235E-16
   0.4840000000000E+01   0.3269007713502E+03   0.1002224061006E-13   0.4512079000482E+02  -0.1852365726453E-15  -0.7050809770636E-13  -0.8002024078900E-16   0.1597200000000E+04  -0.2749931992026E-13  -0.1000000000000E+04   0.9976493366987E+00  -0.1965608373275E-15   0.6852591469344E-01  -0.6450467150010E-16
   0.4850000000000E+01   0.3269007713502E+03   0.1004753910172E-13   0.4512079000482E+02  -0.1857906792100E-15  -0.7069592929715E-13  -0.8029247761949E-16   0.1600500000000E+04  -0.2773569338823E-13  -0.1000000000000E+04   0.9976493366987E+00  -0.1975136889450E-15   0.6852591469344E-01  -0.6484094847552E-16
   0.4860000000000E+01   0.3269007713502E+03   0.1007278925924E-13   0.4512079000482E+02  -0.1863448576296E-15  -0.7088429148433E-13  -0.8056536312231E-16   0.1603800000000E+04  -0.2797360058000E-13  -0.1000000000000E+04   0.9976493366987E+00  -0.1984693981548E-15   0.6852591469344E-01  -0.6517839518039E-16
   0.4870000000000E+01   0.3269007713502E+03   0.1009799139003E-13   0.4512079000482E+02  -0.1868990937871E-15  -0.7107309583386E-13  -0.8083890932275E-16   0.1607100000000E+04  -0.2821304839759E-13  -0.1000000000000E+04   0.9976493366987E+00  -0.1994279655042E-15   0.6852591469344E-01  -0.6551701485828E-16
   0.4880000000000E+01   0.3269007713502E+03   0.1012314584908E-13   0.4512079000482E+02  -0.1874533740479E-15  -0.7126198860957E-13  -0.8111312816689E-16   0.1610400000000E+04  -0.2845404376106E-13  -0.1000000000000E+04   0.9976493366987E+00  -0.2003893914764E-15   0.6852591469344E-01  -0.6585681082288E-16
   0.4890000000000E+01   0.3269007713502E+03   0.1014825302056E-13   0.4512079000482E+02  -0.1880076847760E-15  -0.7145141198161E-13  -0.8138802704648E-16   0.1613700000000E+04  -0.2869659360854E-13  -0.1000000000000E+04   0.9976493366987E+00  -0.2013536764879E-15   0.6852591469344E-01  -0.6619778642964E-16
   0.4900000000000E+01   0.3269007713502E+03   0.1017331334241E-13   0.4512079000482E+02  -0.1885620142279E-15  -0.7164136594996E-13  -0.8166362673316E-16   0.1617000000000E+04  -0.2894070489620E-13  -0.1000000000000E+04   0.9976493366987E+00  -0.2023208208979E-15   0.6852591469344E-01  -0.6653994511418E-16
   0.4910000000000E+01   0.3269007713502E+03   0.1019832730929E-13   0.4512079000482E+02  -0.1891163502438E-15  -0.7183167364655E-13  -0.8193993890801E-16   0.1620300000000E+04  -0.2918638459834E-13  -0.1000000000000E+04   0.9976493366987E+00  -0.2032908250112E-15   0.6852591469344E-01  -0.6688329039716E-16
   0.4920000000000E+01   0.3269007713502E+03   0.1022329545400E-13   0.4512079000482E+02  -0.1896706806978E-15  -0.7202215820327E-13  -0.8221697066880E-16   0.1623600000000E+04  -0.2943363970733E-13  -0.1000000000000E+04   0.9976493366987E+00  -0.2042636890766E-15   0.6852591469344E-01  -0.6722782585578E-16
   0.4930000000000E+01   0.3269007713502E+03   0.1024821834334E-13   0.4512079000482E+02  -0.1902249948878E-15  -0.7221317335624E-13  -0.8249473800671E-16   0.1626900000000E+04  -0.2968247723368E-13  -0.1000000000000E+04   0.9976493366987E+00  -0.2052394132875E-15   0.6852591469344E-01  -0.6757355511765E-16
   0.4940000000000E+01   0.3269007713502E+03   0.1027309659547E-13   0.4512079000482E+02  -0.1907792821692E-15  -0.7240463067141E-13  -0.8277325230465E-16   0.1630200000000E+04  -0.2993290420605E-13  -0.1000000000000E+04   0.9976493366987E+00  -0.2062179977903E-15   0.6852591469344E-01  -0.6792048188784E-16
   0.4950000000000E+01   0.3269007713502E+03   0.1029793087197E-13   0.4512079000482E+02  -0.1913335324173E-15  -0.7259617641262E-13  -0.8305252483201E-16   0.1633500000000E+04  -0.3018492767122E-13  -0.1000000000000E+04   0.9976493366987E+00  -0.2071994426839E-15   0.6852591469344E-01  -0.6826860993707E-16
   0.4960000000000E+01   0.3269007713502E+03   0.1032272185933E-13   0.4512079000482E+02  -0.1918877355417E-15  -0.7278816431598E-13  -0.8333256227018E-16   0.1636800000000E+04  -0.3043855469418E-13  -0.1000000000000E+04   0.9976493366987E+00  -0.2081837480182E-15   0.6852591469344E-01  -0.6861794307314E-16
   0.4970000000000E+01   0.3269007713502E+03   0.1034747028271E-13   0.4512079000482E+02  -0.1924418824337E-15  -0.7298032907937E-13  -0.8361337567613E-16   0.1640100000000E+04  -0.3069379235811E-13  -0.1000000000000E+04   0.9976493366987E+00  -0.2091709138003E-15   0.6852591469344E-01  -0.6896848516253E-16
   0.4980000000000E+01   0.3269007713502E+03   0.1037217690165E-13   0.4512079000482E+02  -0.1929959649629E-15  -0.7317328974101E-13  -0.8389498048315E-16   0.1643400000000E+04  -0.3095064776439E-13  -0.1000000000000E+04   0.9976493366987E+00  -0.2101609399956E-15   0.6852591469344E-01  -0.6932024012406E-16
   0.4990000000000E+01   0.3269007713502E+03   0.1039684253446E-13   0.4512079000482E+02  -0.1935499750864E-15  -0.7336633882860E-13  -0.8417738748191E-16   0.1646700000000E+04  -0.3120912803265E-13  -0.1000000000000E+04   0.9976493366987E+00  -0.2111538265379E-15   0.6852591469344E-01  -0.6967321196696E-16
   0.5000000000000E+01   0.3269007713502E+03   0.1042146802159E-13   0.4512079000482E+02  -0.1941039048072E-15  -0.7355956477615E-13  -0.8446060285798E-16   0.1650000000000E+04  -0.3146924030076E-13  -0.1000000000000E+04   0.9976493366987E+00  -0.2121495733216E-15   0.6852591469344E-01  -0.7002740473444E-16
   0.5010000000000E+01   0.3269007713502E+03   0.1044605422859E-13   0.4512079000482E+02  -0.1946577471045E-15  -0.7375323288574E-13  -0.8474463716949E-16   0.1653300000000E+04  -0.3173099172488E-13  -0.1000000000000E+04   0.9976493366987E+00  -0.2131481802058E-15   0.6852591469344E-01  -0.7038282250847E-16
