         t[s]                   u[ft/s]               v[ft/s]                 w[ft/s]                p[rad/s]             q[rad/s]            r[rad/s]                x[ft]                  y[ft]                  z[ft]                    e0                   ex                      ey                   ez
   0.0000000000000E+00   0.7071067811865E+02   0.0000000000000E+00  -0.7071067811865E+02   0.0000000000000E+00   0.0000000000000E+00   0.0000000000000E+00   0.0000000000000E+00   0.0000000000000E+00  -0.1000000000000E+01   0.1000000000000E+01   0.0000000000000E+00   0.0000000000000E+00   0.0000000000000E+00
   0.1000000000000E-01   0.7035661851808E+02   0.0000000000000E+00  -0.7003568838735E+02   0.0000000000000E+00   0.0000000000000E+00   0.0000000000000E+00   0.7053440927756E+00   0.0000000000000E+00  -0.1703738078730E+01   0.1000000000000E+01   0.0000000000000E+00   0.0000000000000E+00   0.0000000000000E+00
   0.2000000000000E-01   0.6999320805331E+02   0.0000000000000E+00  -0.6935303120964E+02   0.0000000000000E+00   0.0000000000000E+00   0.0000000000000E+00   0.1407101205367E+01   0.0000000000000E+00  -0.2400688213102E+01   0.1000000000000E+01   0.0000000000000E+00   0.0000000000000E+00   0.0000000000000E+00
   0.3000000000000E-01   0.6960988213517E+02   0.0000000000000E+00  -0.6865238064418E+02   0.0000000000000E+00   0.0000000000000E+00   0.0000000000000E+00   0.2105175552724E+01   0.0000000000000E+00  -0.3090771944274E+01   0.1000000000000E+01   0.0000000000000E+00   0.0000000000000E+00   0.0000000000000E+00
   0.4000000000000E-01   0.6917433000969E+02   0.0000000000000E+00  -0.6790208546411E+02   0.0000000000000E+00   0.0000000000000E+00   0.0000000000000E+00   0.2799091242979E+01   0.0000000000000E+00  -0.3773537307707E+01   0.1000000000000E+01   0.0000000000000E+00   0.0000000000000E+00   0.0000000000000E+00
   0.5000000000000E-01   0.6874515512677E+02   0.0000000000000E+00  -0.6716006125005E+02   0.0000000000000E+00   0.0000000000000E+00   0.0000000000000E+00   0.3488683409771E+01   0.0000000000000E+00  -0.4448841222658E+01   0.1000000000000E+01   0.0000000000000E+00   0.0000000000000E+00   0.0000000000000E+00
   0.6000000000000E-01   0.6832222542923E+02   0.0000000000000E+00  -0.6642613225212E+02   0.0000000000000E+00   0.0000000000000E+00   0.0000000000000E+00   0.4174015162199E+01   0.0000000000000E+00  -0.5116765516004E+01   0.1000000000000E+01   0.0000000000000E+00   0.0000000000000E+00   0.0000000000000E+00
   0.7000000000000E-01   0.6790541244524E+02   0.0000000000000E+00  -0.6570012748059E+02   0.0000000000000E+00   0.0000000000000E+00   0.0000000000000E+00   0.4855148306821E+01   0.0000000000000E+00  -0.5777390281058E+01   0.1000000000000E+01   0.0000000000000E+00   0.0000000000000E+00   0.0000000000000E+00
   0.8000000000000E-01   0.6749459116628E+02   0.0000000000000E+00  -0.6498188054466E+02   0.0000000000000E+00   0.0000000000000E+00   0.0000000000000E+00   0.5532143382895E+01   0.0000000000000E+00  -0.6430793924363E+01   0.1000000000000E+01   0.0000000000000E+00   0.0000000000000E+00   0.0000000000000E+00
   0.9000000000000E-01   0.6708963993004E+02   0.0000000000000E+00  -0.6427122949774E+02   0.0000000000000E+00   0.0000000000000E+00   0.0000000000000E+00   0.6205059696416E+01   0.0000000000000E+00  -0.7077053210901E+01   0.1000000000000E+01   0.0000000000000E+00   0.0000000000000E+00   0.0000000000000E+00
   0.1000000000000E+00   0.6669044030807E+02   0.0000000000000E+00  -0.6356801668893E+02   0.0000000000000E+00   0.0000000000000E+00   0.0000000000000E+00   0.6873955353021E+01   0.0000000000000E+00  -0.7716243307788E+01   0.1000000000000E+01   0.0000000000000E+00   0.0000000000000E+00   0.0000000000000E+00
   0.1100000000000E+00   0.6629687699780E+02   0.0000000000000E+00  -0.6287208862053E+02   0.0000000000000E+00   0.0000000000000E+00   0.0000000000000E+00   0.7538887289779E+01   0.0000000000000E+00  -0.8348437826513E+01   0.1000000000000E+01   0.0000000000000E+00   0.0000000000000E+00   0.0000000000000E+00
   0.1200000000000E+00   0.6590883771893E+02   0.0000000000000E+00  -0.6218329581102E+02   0.0000000000000E+00   0.0000000000000E+00   0.0000000000000E+00   0.8199911305928E+01   0.0000000000000E+00  -0.8973708863782E+01   0.1000000000000E+01   0.0000000000000E+00   0.0000000000000E+00   0.0000000000000E+00
   0.1300000000000E+00   0.6552621311378E+02   0.0000000000000E+00  -0.6150149266364E+02   0.0000000000000E+00   0.0000000000000E+00   0.0000000000000E+00   0.8857082092599E+01   0.0000000000000E+00  -0.9592127041015E+01   0.1000000000000E+01   0.0000000000000E+00   0.0000000000000E+00   0.0000000000000E+00
   0.1400000000000E+00   0.6514889665165E+02   0.0000000000000E+00  -0.6082653734000E+02   0.0000000000000E+00   0.0000000000000E+00   0.0000000000000E+00   0.9510453261558E+01   0.0000000000000E+00  -0.1020376154256E+02   0.1000000000000E+01   0.0000000000000E+00   0.0000000000000E+00   0.0000000000000E+00
   0.1500000000000E+00   0.6477678453678E+02   0.0000000000000E+00  -0.6015829163860E+02   0.0000000000000E+00   0.0000000000000E+00   0.0000000000000E+00   0.1016007737302E+02   0.0000000000000E+00  -0.1080868015267E+02   0.1000000000000E+01   0.0000000000000E+00   0.0000000000000E+00   0.0000000000000E+00
   0.1600000000000E+00   0.6440977561991E+02   0.0000000000000E+00  -0.5949662087813E+02   0.0000000000000E+00   0.0000000000000E+00   0.0000000000000E+00   0.1080600596253E+02   0.0000000000000E+00  -0.1140694929127E+02   0.1000000000000E+01   0.0000000000000E+00   0.0000000000000E+00   0.0000000000000E+00
   0.1700000000000E+00   0.6404777131318E+02   0.0000000000000E+00  -0.5884139378518E+02   0.0000000000000E+00   0.0000000000000E+00   0.0000000000000E+00   0.1144828956704E+02   0.0000000000000E+00  -0.1199863404861E+02   0.1000000000000E+01   0.0000000000000E+00   0.0000000000000E+00   0.0000000000000E+00
   0.1800000000000E+00   0.6369067550833E+02   0.0000000000000E+00  -0.5819248238629E+02   0.0000000000000E+00   0.0000000000000E+00   0.0000000000000E+00   0.1208697775007E+02   0.0000000000000E+00  -0.1258379821879E+02   0.1000000000000E+01   0.0000000000000E+00   0.0000000000000E+00   0.0000000000000E+00
   0.1900000000000E+00   0.6333839449794E+02   0.0000000000000E+00  -0.5754976190404E+02   0.0000000000000E+00   0.0000000000000E+00   0.0000000000000E+00   0.1272211912613E+02   0.0000000000000E+00  -0.1316250433224E+02   0.1000000000000E+01   0.0000000000000E+00   0.0000000000000E+00   0.0000000000000E+00
   0.2000000000000E+00   0.6299083689960E+02   0.0000000000000E+00  -0.5691311065712E+02   0.0000000000000E+00   0.0000000000000E+00   0.0000000000000E+00   0.1335376138436E+02   0.0000000000000E+00  -0.1373481368718E+02   0.1000000000000E+01   0.0000000000000E+00   0.0000000000000E+00   0.0000000000000E+00
   0.2100000000000E+00   0.6264791358297E+02   0.0000000000000E+00  -0.5628240996414E+02   0.0000000000000E+00   0.0000000000000E+00   0.0000000000000E+00   0.1398195131137E+02   0.0000000000000E+00  -0.1430078638011E+02   0.1000000000000E+01   0.0000000000000E+00   0.0000000000000E+00   0.0000000000000E+00
   0.2200000000000E+00   0.6230953759948E+02   0.0000000000000E+00  -0.5565754405096E+02   0.0000000000000E+00   0.0000000000000E+00   0.0000000000000E+00   0.1460673481345E+02   0.0000000000000E+00  -0.1486048133529E+02   0.1000000000000E+01   0.0000000000000E+00   0.0000000000000E+00   0.0000000000000E+00
   0.2300000000000E+00   0.6197562411469E+02   0.0000000000000E+00  -0.5503839996155E+02   0.0000000000000E+00   0.0000000000000E+00   0.0000000000000E+00   0.1522815693801E+02   0.0000000000000E+00  -0.1541395633345E+02   0.1000000000000E+01   0.0000000000000E+00   0.0000000000000E+00   0.0000000000000E+00
   0.2400000000000E+00   0.6164609034303E+02   0.0000000000000E+00  -0.5442486747206E+02   0.0000000000000E+00   0.0000000000000E+00   0.0000000000000E+00   0.1584626189445E+02   0.0000000000000E+00  -0.1596126803945E+02   0.1000000000000E+01   0.0000000000000E+00   0.0000000000000E+00   0.0000000000000E+00
   0.2500000000000E+00   0.6132085548500E+02   0.0000000000000E+00  -0.5381683900808E+02   0.0000000000000E+00   0.0000000000000E+00   0.0000000000000E+00   0.1646109307427E+02   0.0000000000000E+00  -0.1650247202924E+02   0.1000000000000E+01   0.0000000000000E+00   0.0000000000000E+00   0.0000000000000E+00
   0.2600000000000E+00   0.6099984066656E+02   0.0000000000000E+00  -0.5321420956488E+02   0.0000000000000E+00   0.0000000000000E+00   0.0000000000000E+00   0.1707269307064E+02   0.0000000000000E+00  -0.1703762281596E+02   0.1000000000000E+01   0.0000000000000E+00   0.0000000000000E+00   0.0000000000000E+00
   0.2700000000000E+00   0.6068296888078E+02   0.0000000000000E+00  -0.5261687663058E+02   0.0000000000000E+00   0.0000000000000E+00   0.0000000000000E+00   0.1768110369741E+02   0.0000000000000E+00  -0.1756677387519E+02   0.1000000000000E+01   0.0000000000000E+00   0.0000000000000E+00   0.0000000000000E+00
   0.2800000000000E+00   0.6037016493147E+02   0.0000000000000E+00  -0.5202474011205E+02   0.0000000000000E+00   0.0000000000000E+00   0.0000000000000E+00   0.1828636600743E+02   0.0000000000000E+00  -0.1808997766959E+02   0.1000000000000E+01   0.0000000000000E+00   0.0000000000000E+00   0.0000000000000E+00
   0.2900000000000E+00   0.6006135537892E+02   0.0000000000000E+00  -0.5143770226348E+02   0.0000000000000E+00   0.0000000000000E+00   0.0000000000000E+00   0.1888852031042E+02   0.0000000000000E+00  -0.1860728567265E+02   0.1000000000000E+01   0.0000000000000E+00   0.0000000000000E+00   0.0000000000000E+00
   0.3000000000000E+00   0.5975646848746E+02   0.0000000000000E+00  -0.5085566761748E+02   0.0000000000000E+00   0.0000000000000E+00   0.0000000000000E+00   0.1948760619027E+02   0.0000000000000E+00  -0.1911874839186E+02   0.1000000000000E+01   0.0000000000000E+00   0.0000000000000E+00   0.0000000000000E+00
   0.3100000000000E+00   0.5945543417490E+02   0.0000000000000E+00  -0.5027854291862E+02   0.0000000000000E+00   0.0000000000000E+00   0.0000000000000E+00   0.2008366252183E+02   0.0000000000000E+00  -0.1962441539116E+02   0.1000000000000E+01   0.0000000000000E+00   0.0000000000000E+00   0.0000000000000E+00
   0.3200000000000E+00   0.5915818396372E+02   0.0000000000000E+00  -0.4970623705936E+02   0.0000000000000E+00   0.0000000000000E+00   0.0000000000000E+00   0.2067672748718E+02   0.0000000000000E+00  -0.2012433531271E+02   0.1000000000000E+01   0.0000000000000E+00   0.0000000000000E+00   0.0000000000000E+00
   0.3300000000000E+00   0.5886465093396E+02   0.0000000000000E+00  -0.4913866101815E+02   0.0000000000000E+00   0.0000000000000E+00   0.0000000000000E+00   0.2126683859146E+02   0.0000000000000E+00  -0.2061855589810E+02   0.1000000000000E+01   0.0000000000000E+00   0.0000000000000E+00   0.0000000000000E+00
   0.3400000000000E+00   0.5857476967770E+02   0.0000000000000E+00  -0.4857572779973E+02   0.0000000000000E+00   0.0000000000000E+00   0.0000000000000E+00   0.2185403267820E+02   0.0000000000000E+00  -0.2110712400885E+02   0.1000000000000E+01   0.0000000000000E+00   0.0000000000000E+00   0.0000000000000E+00
   0.3500000000000E+00   0.5828847625516E+02   0.0000000000000E+00  -0.4801735237747E+02   0.0000000000000E+00   0.0000000000000E+00   0.0000000000000E+00   0.2243834594423E+02   0.0000000000000E+00  -0.2159008564645E+02   0.1000000000000E+01   0.0000000000000E+00   0.0000000000000E+00   0.0000000000000E+00
   0.3600000000000E+00   0.5800570815219E+02   0.0000000000000E+00  -0.4746345163776E+02   0.0000000000000E+00   0.0000000000000E+00   0.0000000000000E+00   0.2301981395414E+02   0.0000000000000E+00  -0.2206748597173E+02   0.1000000000000E+01   0.0000000000000E+00   0.0000000000000E+00   0.0000000000000E+00
   0.3700000000000E+00   0.5772640423932E+02   0.0000000000000E+00  -0.4691394432624E+02   0.0000000000000E+00   0.0000000000000E+00   0.0000000000000E+00   0.2359847165435E+02   0.0000000000000E+00  -0.2253936932369E+02   0.1000000000000E+01   0.0000000000000E+00   0.0000000000000E+00   0.0000000000000E+00
   0.3800000000000E+00   0.5745050473206E+02   0.0000000000000E+00  -0.4636875099589E+02   0.0000000000000E+00   0.0000000000000E+00   0.0000000000000E+00   0.2417435338673E+02   0.0000000000000E+00  -0.2300577923792E+02   0.1000000000000E+01   0.0000000000000E+00   0.0000000000000E+00   0.0000000000000E+00
   0.3900000000000E+00   0.5717795115263E+02   0.0000000000000E+00  -0.4582779395688E+02   0.0000000000000E+00   0.0000000000000E+00   0.0000000000000E+00   0.2474749290188E+02   0.0000000000000E+00  -0.2346675846432E+02   0.1000000000000E+01   0.0000000000000E+00   0.0000000000000E+00   0.0000000000000E+00
   0.4000000000000E+00   0.5690868629292E+02   0.0000000000000E+00  -0.4529099722815E+02   0.0000000000000E+00   0.0000000000000E+00   0.0000000000000E+00   0.2531792337198E+02   0.0000000000000E+00  -0.2392234898451E+02   0.1000000000000E+01   0.0000000000000E+00   0.0000000000000E+00   0.0000000000000E+00
   0.4100000000000E+00   0.5664265417864E+02   0.0000000000000E+00  -0.4475828649055E+02   0.0000000000000E+00   0.0000000000000E+00   0.0000000000000E+00   0.2588567740336E+02   0.0000000000000E+00  -0.2437259202861E+02   0.1000000000000E+01   0.0000000000000E+00   0.0000000000000E+00   0.0000000000000E+00
   0.4200000000000E+00   0.5637980003468E+02   0.0000000000000E+00  -0.4422958904161E+02   0.0000000000000E+00   0.0000000000000E+00   0.0000000000000E+00   0.2645078704860E+02   0.0000000000000E+00  -0.2481752809171E+02   0.1000000000000E+01   0.0000000000000E+00   0.0000000000000E+00   0.0000000000000E+00
   0.4300000000000E+00   0.5612007025165E+02   0.0000000000000E+00  -0.4370483375178E+02   0.0000000000000E+00   0.0000000000000E+00   0.0000000000000E+00   0.2701328381841E+02   0.0000000000000E+00  -0.2525719694974E+02   0.1000000000000E+01   0.0000000000000E+00   0.0000000000000E+00   0.0000000000000E+00
   0.4400000000000E+00   0.5586341235339E+02   0.0000000000000E+00  -0.4318395102213E+02   0.0000000000000E+00   0.0000000000000E+00   0.0000000000000E+00   0.2757319869307E+02   0.0000000000000E+00  -0.2569163767505E+02   0.1000000000000E+01   0.0000000000000E+00   0.0000000000000E+00   0.0000000000000E+00
   0.4500000000000E+00   0.5560977496561E+02   0.0000000000000E+00  -0.4266687274346E+02   0.0000000000000E+00   0.0000000000000E+00   0.0000000000000E+00   0.2813056213367E+02   0.0000000000000E+00  -0.2612088865147E+02   0.1000000000000E+01   0.0000000000000E+00   0.0000000000000E+00   0.0000000000000E+00
   0.4600000000000E+00   0.5535910778554E+02   0.0000000000000E+00  -0.4215353225677E+02   0.0000000000000E+00   0.0000000000000E+00   0.0000000000000E+00   0.2868540409291E+02   0.0000000000000E+00  -0.2654498758902E+02   0.1000000000000E+01   0.0000000000000E+00   0.0000000000000E+00   0.0000000000000E+00
   0.4700000000000E+00   0.5511136155253E+02   0.0000000000000E+00  -0.4164386431492E+02   0.0000000000000E+00   0.0000000000000E+00   0.0000000000000E+00   0.2923775402570E+02   0.0000000000000E+00  -0.2696397153822E+02   0.1000000000000E+01   0.0000000000000E+00   0.0000000000000E+00   0.0000000000000E+00
   0.4800000000000E+00   0.5486648801952E+02   0.0000000000000E+00  -0.4113780504568E+02   0.0000000000000E+00   0.0000000000000E+00   0.0000000000000E+00   0.2978764089946E+02   0.0000000000000E+00  -0.2737787690402E+02   0.1000000000000E+01   0.0000000000000E+00   0.0000000000000E+00   0.0000000000000E+00
   0.4900000000000E+00   0.5462443992556E+02   0.0000000000000E+00  -0.4063529191590E+02   0.0000000000000E+00   0.0000000000000E+00   0.0000000000000E+00   0.3033509320407E+02   0.0000000000000E+00  -0.2778673945940E+02   0.1000000000000E+01   0.0000000000000E+00   0.0000000000000E+00   0.0000000000000E+00
   0.5000000000000E+00   0.5438517096902E+02   0.0000000000000E+00  -0.4013626369684E+02   0.0000000000000E+00   0.0000000000000E+00   0.0000000000000E+00   0.3088013896162E+02   0.0000000000000E+00  -0.2819059435852E+02   0.1000000000000E+01   0.0000000000000E+00   0.0000000000000E+00   0.0000000000000E+00
   0.5100000000000E+00   0.5414863578177E+02   0.0000000000000E+00  -0.3964066043061E+02   0.0000000000000E+00   0.0000000000000E+00   0.0000000000000E+00   0.3142280573587E+02   0.0000000000000E+00  -0.2858947614966E+02   0.1000000000000E+01   0.0000000000000E+00   0.0000000000000E+00   0.0000000000000E+00
   0.5200000000000E+00   0.5391478990410E+02   0.0000000000000E+00  -0.3914842339774E+02   0.0000000000000E+00   0.0000000000000E+00   0.0000000000000E+00   0.3196312064147E+02   0.0000000000000E+00  -0.2898341878773E+02   0.1000000000000E+01   0.0000000000000E+00   0.0000000000000E+00   0.0000000000000E+00
   0.5300000000000E+00   0.5368358976040E+02   0.0000000000000E+00  -0.3865949508571E+02   0.0000000000000E+00   0.0000000000000E+00   0.0000000000000E+00   0.3250111035292E+02   0.0000000000000E+00  -0.2937245564651E+02   0.1000000000000E+01   0.0000000000000E+00   0.0000000000000E+00   0.0000000000000E+00
   0.5400000000000E+00   0.5345499263567E+02   0.0000000000000E+00  -0.3817381915851E+02   0.0000000000000E+00   0.0000000000000E+00   0.0000000000000E+00   0.3303680111328E+02   0.0000000000000E+00  -0.2975661953056E+02   0.1000000000000E+01   0.0000000000000E+00   0.0000000000000E+00   0.0000000000000E+00
   0.5500000000000E+00   0.5322895665261E+02   0.0000000000000E+00  -0.3769134042720E+02   0.0000000000000E+00   0.0000000000000E+00   0.0000000000000E+00   0.3357021874265E+02   0.0000000000000E+00  -0.3013594268683E+02   0.1000000000000E+01   0.0000000000000E+00   0.0000000000000E+00   0.0000000000000E+00
   0.5600000000000E+00   0.5300544074955E+02   0.0000000000000E+00  -0.3721200482134E+02   0.0000000000000E+00   0.0000000000000E+00   0.0000000000000E+00   0.3410138864647E+02   0.0000000000000E+00  -0.3051045681603E+02   0.1000000000000E+01   0.0000000000000E+00   0.0000000000000E+00   0.0000000000000E+00
   0.5700000000000E+00   0.5278440465899E+02   0.0000000000000E+00  -0.3673575936135E+02   0.0000000000000E+00   0.0000000000000E+00   0.0000000000000E+00   0.3463033582355E+02   0.0000000000000E+00  -0.3088019308359E+02   0.1000000000000E+01   0.0000000000000E+00   0.0000000000000E+00   0.0000000000000E+00
   0.5800000000000E+00   0.5256580888670E+02   0.0000000000000E+00  -0.3626255213174E+02   0.0000000000000E+00   0.0000000000000E+00   0.0000000000000E+00   0.3515708487392E+02   0.0000000000000E+00  -0.3124518213053E+02   0.1000000000000E+01   0.0000000000000E+00   0.0000000000000E+00   0.0000000000000E+00
   0.5900000000000E+00   0.5234961469162E+02   0.0000000000000E+00  -0.3579233225516E+02   0.0000000000000E+00   0.0000000000000E+00   0.0000000000000E+00   0.3568166000643E+02   0.0000000000000E+00  -0.3160545408392E+02   0.1000000000000E+01   0.0000000000000E+00   0.0000000000000E+00   0.0000000000000E+00
   0.6000000000000E+00   0.5213578406621E+02   0.0000000000000E+00  -0.3532504986723E+02   0.0000000000000E+00   0.0000000000000E+00   0.0000000000000E+00   0.3620408504621E+02   0.0000000000000E+00  -0.3196103856712E+02   0.1000000000000E+01   0.0000000000000E+00   0.0000000000000E+00   0.0000000000000E+00
   0.6100000000000E+00   0.5192427971746E+02   0.0000000000000E+00  -0.3486065609225E+02   0.0000000000000E+00   0.0000000000000E+00   0.0000000000000E+00   0.3672438344190E+02   0.0000000000000E+00  -0.3231196470983E+02   0.1000000000000E+01   0.0000000000000E+00   0.0000000000000E+00   0.0000000000000E+00
   0.6200000000000E+00   0.5171506504843E+02   0.0000000000000E+00  -0.3439910301953E+02   0.0000000000000E+00   0.0000000000000E+00   0.0000000000000E+00   0.3724257827271E+02   0.0000000000000E+00  -0.3265826115783E+02   0.1000000000000E+01   0.0000000000000E+00   0.0000000000000E+00   0.0000000000000E+00
   0.6300000000000E+00   0.5150810414032E+02   0.0000000000000E+00  -0.3394034368054E+02   0.0000000000000E+00   0.0000000000000E+00   0.0000000000000E+00   0.3775869225530E+02   0.0000000000000E+00  -0.3299995608253E+02   0.1000000000000E+01   0.0000000000000E+00   0.0000000000000E+00   0.0000000000000E+00
   0.6400000000000E+00   0.5130336173513E+02   0.0000000000000E+00  -0.3348433202675E+02   0.0000000000000E+00   0.0000000000000E+00   0.0000000000000E+00   0.3827274775043E+02   0.0000000000000E+00  -0.3333707719026E+02   0.1000000000000E+01   0.0000000000000E+00   0.0000000000000E+00   0.0000000000000E+00
   0.6500000000000E+00   0.5110080321875E+02   0.0000000000000E+00  -0.3303102290811E+02   0.0000000000000E+00   0.0000000000000E+00   0.0000000000000E+00   0.3878476676953E+02   0.0000000000000E+00  -0.3366965173139E+02   0.1000000000000E+01   0.0000000000000E+00   0.0000000000000E+00   0.0000000000000E+00
   0.6600000000000E+00   0.5090039460454E+02   0.0000000000000E+00  -0.3258037205222E+02   0.0000000000000E+00   0.0000000000000E+00   0.0000000000000E+00   0.3929477098104E+02   0.0000000000000E+00  -0.3399770650918E+02   0.1000000000000E+01   0.0000000000000E+00   0.0000000000000E+00   0.0000000000000E+00
   0.6700000000000E+00   0.5070210251748E+02   0.0000000000000E+00  -0.3213233604413E+02   0.0000000000000E+00   0.0000000000000E+00   0.0000000000000E+00   0.3980278171662E+02   0.0000000000000E+00  -0.3432126788847E+02   0.1000000000000E+01   0.0000000000000E+00   0.0000000000000E+00   0.0000000000000E+00
   0.6800000000000E+00   0.5050589417865E+02   0.0000000000000E+00  -0.3168687230675E+02   0.0000000000000E+00   0.0000000000000E+00   0.0000000000000E+00   0.4030881997713E+02   0.0000000000000E+00  -0.3464036180418E+02   0.1000000000000E+01   0.0000000000000E+00   0.0000000000000E+00   0.0000000000000E+00
   0.6900000000000E+00   0.5031173739024E+02   0.0000000000000E+00  -0.3124393908185E+02   0.0000000000000E+00   0.0000000000000E+00   0.0000000000000E+00   0.4081290643860E+02   0.0000000000000E+00  -0.3495501376953E+02   0.1000000000000E+01   0.0000000000000E+00   0.0000000000000E+00   0.0000000000000E+00
   0.7000000000000E+00   0.5011960052093E+02   0.0000000000000E+00  -0.3080349541165E+02   0.0000000000000E+00   0.0000000000000E+00   0.0000000000000E+00   0.4131506145791E+02   0.0000000000000E+00  -0.3526524888422E+02   0.1000000000000E+01   0.0000000000000E+00   0.0000000000000E+00   0.0000000000000E+00
   0.7100000000000E+00   0.4992945249176E+02   0.0000000000000E+00  -0.3036550112096E+02   0.0000000000000E+00   0.0000000000000E+00   0.0000000000000E+00   0.4181530507840E+02   0.0000000000000E+00  -0.3557109184225E+02   0.1000000000000E+01   0.0000000000000E+00   0.0000000000000E+00   0.0000000000000E+00
   0.7200000000000E+00   0.4974126276231E+02   0.0000000000000E+00  -0.2992991679984E+02   0.0000000000000E+00   0.0000000000000E+00   0.0000000000000E+00   0.4231365703533E+02   0.0000000000000E+00  -0.3587256693976E+02   0.1000000000000E+01   0.0000000000000E+00   0.0000000000000E+00   0.0000000000000E+00
   0.7300000000000E+00   0.4955500131731E+02   0.0000000000000E+00  -0.2949670378680E+02   0.0000000000000E+00   0.0000000000000E+00   0.0000000000000E+00   0.4281013676118E+02   0.0000000000000E+00  -0.3616969808250E+02   0.1000000000000E+01   0.0000000000000E+00   0.0000000000000E+00   0.0000000000000E+00
   0.7400000000000E+00   0.4937063865365E+02   0.0000000000000E+00  -0.2906582415252E+02   0.0000000000000E+00   0.0000000000000E+00   0.0000000000000E+00   0.4330476339087E+02   0.0000000000000E+00  -0.3646250879332E+02   0.1000000000000E+01   0.0000000000000E+00   0.0000000000000E+00   0.0000000000000E+00
   0.7500000000000E+00   0.4918814576775E+02   0.0000000000000E+00  -0.2863724068401E+02   0.0000000000000E+00   0.0000000000000E+00   0.0000000000000E+00   0.4379755576677E+02   0.0000000000000E+00  -0.3675102221934E+02   0.1000000000000E+01   0.0000000000000E+00   0.0000000000000E+00   0.0000000000000E+00
   0.7600000000000E+00   0.4900749414319E+02   0.0000000000000E+00  -0.2821091686930E+02   0.0000000000000E+00   0.0000000000000E+00   0.0000000000000E+00   0.4428853244369E+02   0.0000000000000E+00  -0.3703526113908E+02   0.1000000000000E+01   0.0000000000000E+00   0.0000000000000E+00   0.0000000000000E+00
   0.7700000000000E+00   0.4882865573883E+02   0.0000000000000E+00  -0.2778681688255E+02   0.0000000000000E+00   0.0000000000000E+00   0.0000000000000E+00   0.4477771169363E+02   0.0000000000000E+00  -0.3731524796939E+02   0.1000000000000E+01   0.0000000000000E+00   0.0000000000000E+00   0.0000000000000E+00
   0.7800000000000E+00   0.4865160297715E+02   0.0000000000000E+00  -0.2736490556961E+02   0.0000000000000E+00   0.0000000000000E+00   0.0000000000000E+00   0.4526511151053E+02   0.0000000000000E+00  -0.3759100477222E+02   0.1000000000000E+01   0.0000000000000E+00   0.0000000000000E+00   0.0000000000000E+00
   0.7900000000000E+00   0.4847630873293E+02   0.0000000000000E+00  -0.2694514843404E+02   0.0000000000000E+00   0.0000000000000E+00   0.0000000000000E+00   0.4575074961483E+02   0.0000000000000E+00  -0.3786255326128E+02   0.1000000000000E+01   0.0000000000000E+00   0.0000000000000E+00   0.0000000000000E+00
   0.8000000000000E+00   0.4830274632232E+02   0.0000000000000E+00  -0.2652751162347E+02   0.0000000000000E+00   0.0000000000000E+00   0.0000000000000E+00   0.4623464345790E+02   0.0000000000000E+00  -0.3812991480856E+02   0.1000000000000E+01   0.0000000000000E+00   0.0000000000000E+00   0.0000000000000E+00
   0.8100000000000E+00   0.4813088949207E+02   0.0000000000000E+00  -0.2611196191649E+02   0.0000000000000E+00   0.0000000000000E+00   0.0000000000000E+00   0.4671681022648E+02   0.0000000000000E+00  -0.3839311045067E+02   0.1000000000000E+01   0.0000000000000E+00   0.0000000000000E+00   0.0000000000000E+00
   0.8200000000000E+00   0.4796071240923E+02   0.0000000000000E+00  -0.2569846670980E+02   0.0000000000000E+00   0.0000000000000E+00   0.0000000000000E+00   0.4719726684684E+02   0.0000000000000E+00  -0.3865216089514E+02   0.1000000000000E+01   0.0000000000000E+00   0.0000000000000E+00   0.0000000000000E+00
   0.8300000000000E+00   0.4779218965093E+02   0.0000000000000E+00  -0.2528699400584E+02   0.0000000000000E+00   0.0000000000000E+00   0.0000000000000E+00   0.4767602998901E+02   0.0000000000000E+00  -0.3890708652646E+02   0.1000000000000E+01   0.0000000000000E+00   0.0000000000000E+00   0.0000000000000E+00
   0.8400000000000E+00   0.4762529619464E+02   0.0000000000000E+00  -0.2487751240070E+02   0.0000000000000E+00   0.0000000000000E+00   0.0000000000000E+00   0.4815311607080E+02   0.0000000000000E+00  -0.3915790741217E+02   0.1000000000000E+01   0.0000000000000E+00   0.0000000000000E+00   0.0000000000000E+00
   0.8500000000000E+00   0.4746000740856E+02   0.0000000000000E+00  -0.2446999107249E+02   0.0000000000000E+00   0.0000000000000E+00   0.0000000000000E+00   0.4862854126175E+02   0.0000000000000E+00  -0.3940464330865E+02   0.1000000000000E+01   0.0000000000000E+00   0.0000000000000E+00   0.0000000000000E+00
   0.8600000000000E+00   0.4729629904232E+02   0.0000000000000E+00  -0.2406439976996E+02   0.0000000000000E+00   0.0000000000000E+00   0.0000000000000E+00   0.4910232148698E+02   0.0000000000000E+00  -0.3964731366696E+02   0.1000000000000E+01   0.0000000000000E+00   0.0000000000000E+00   0.0000000000000E+00
   0.8700000000000E+00   0.4713414721793E+02   0.0000000000000E+00  -0.2366070880152E+02   0.0000000000000E+00   0.0000000000000E+00   0.0000000000000E+00   0.4957447243101E+02   0.0000000000000E+00  -0.3988593763842E+02   0.1000000000000E+01   0.0000000000000E+00   0.0000000000000E+00   0.0000000000000E+00
   0.8800000000000E+00   0.4697352842099E+02   0.0000000000000E+00  -0.2325888902453E+02   0.0000000000000E+00   0.0000000000000E+00   0.0000000000000E+00   0.5004500954138E+02   0.0000000000000E+00  -0.4012053408022E+02   0.1000000000000E+01   0.0000000000000E+00   0.0000000000000E+00   0.0000000000000E+00
   0.8900000000000E+00   0.4681441949209E+02   0.0000000000000E+00  -0.2285891183500E+02   0.0000000000000E+00   0.0000000000000E+00   0.0000000000000E+00   0.5051394803227E+02   0.0000000000000E+00  -0.4035112156079E+02   0.1000000000000E+01   0.0000000000000E+00   0.0000000000000E+00   0.0000000000000E+00
   0.9000000000000E+00   0.4665679761854E+02   0.0000000000000E+00  -0.2246074915747E+02   0.0000000000000E+00   0.0000000000000E+00   0.0000000000000E+00   0.5098130288802E+02   0.0000000000000E+00  -0.4057771836522E+02   0.1000000000000E+01   0.0000000000000E+00   0.0000000000000E+00   0.0000000000000E+00
   0.9100000000000E+00   0.4650064032621E+02   0.0000000000000E+00  -0.2206437343528E+02   0.0000000000000E+00   0.0000000000000E+00   0.0000000000000E+00   0.5144708886653E+02   0.0000000000000E+00  -0.4080034250039E+02   0.1000000000000E+01   0.0000000000000E+00   0.0000000000000E+00   0.0000000000000E+00
   0.9200000000000E+00   0.4634592547166E+02   0.0000000000000E+00  -0.2166975762111E+02   0.0000000000000E+00   0.0000000000000E+00   0.0000000000000E+00   0.5191132050262E+02   0.0000000000000E+00  -0.4101901170021E+02   0.1000000000000E+01   0.0000000000000E+00   0.0000000000000E+00   0.0000000000000E+00
   0.9300000000000E+00   0.4619263123452E+02   0.0000000000000E+00  -0.2127687516780E+02   0.0000000000000E+00   0.0000000000000E+00   0.0000000000000E+00   0.5237401211131E+02   0.0000000000000E+00  -0.4123374343061E+02   0.1000000000000E+01   0.0000000000000E+00   0.0000000000000E+00   0.0000000000000E+00
   0.9400000000000E+00   0.4604073610995E+02   0.0000000000000E+00  -0.2088570001938E+02   0.0000000000000E+00   0.0000000000000E+00   0.0000000000000E+00   0.5283517779097E+02   0.0000000000000E+00  -0.4144455489452E+02   0.1000000000000E+01   0.0000000000000E+00   0.0000000000000E+00   0.0000000000000E+00
   0.9500000000000E+00   0.4589021890146E+02   0.0000000000000E+00  -0.2049620660248E+02   0.0000000000000E+00   0.0000000000000E+00   0.0000000000000E+00   0.5329483142651E+02   0.0000000000000E+00  -0.4165146303670E+02   0.1000000000000E+01   0.0000000000000E+00   0.0000000000000E+00   0.0000000000000E+00
   0.9600000000000E+00   0.4574105871384E+02   0.0000000000000E+00  -0.2010836981790E+02   0.0000000000000E+00   0.0000000000000E+00   0.0000000000000E+00   0.5375298669236E+02   0.0000000000000E+00  -0.4185448454861E+02   0.1000000000000E+01   0.0000000000000E+00   0.0000000000000E+00   0.0000000000000E+00
   0.9700000000000E+00   0.4559323494626E+02   0.0000000000000E+00  -0.1972216503247E+02   0.0000000000000E+00   0.0000000000000E+00   0.0000000000000E+00   0.5420965705548E+02   0.0000000000000E+00  -0.4205363587300E+02   0.1000000000000E+01   0.0000000000000E+00   0.0000000000000E+00   0.0000000000000E+00
   0.9800000000000E+00   0.4544672728566E+02   0.0000000000000E+00  -0.1933756807111E+02   0.0000000000000E+00   0.0000000000000E+00   0.0000000000000E+00   0.5466485577827E+02   0.0000000000000E+00  -0.4224893320861E+02   0.1000000000000E+01   0.0000000000000E+00   0.0000000000000E+00   0.0000000000000E+00
   0.9900000000000E+00   0.4530151570023E+02   0.0000000000000E+00  -0.1895455520923E+02   0.0000000000000E+00   0.0000000000000E+00   0.0000000000000E+00   0.5511859592140E+02   0.0000000000000E+00  -0.4244039251469E+02   0.1000000000000E+01   0.0000000000000E+00   0.0000000000000E+00   0.0000000000000E+00
   0.1000000000000E+01   0.4515758043312E+02   0.0000000000000E+00  -0.1857310316520E+02   0.0000000000000E+00   0.0000000000000E+00   0.0000000000000E+00   0.5557089034662E+02   0.0000000000000E+00  -0.4262802951546E+02   0.1000000000000E+01   0.0000000000000E+00   0.0000000000000E+00   0.0000000000000E+00
   0.1010000000000E+01   0.4501490199631E+02   0.0000000000000E+00  -0.1819318909316E+02   0.0000000000000E+00   0.0000000000000E+00   0.0000000000000E+00   0.5602175171946E+02   0.0000000000000E+00  -0.4281185970451E+02   0.1000000000000E+01   0.0000000000000E+00   0.0000000000000E+00   0.0000000000000E+00
   0.1020000000000E+01   0.4487346116465E+02   0.0000000000000E+00  -0.1781479057599E+02   0.0000000000000E+00   0.0000000000000E+00   0.0000000000000E+00   0.5647119251186E+02   0.0000000000000E+00  -0.4299189834911E+02   0.1000000000000E+01   0.0000000000000E+00   0.0000000000000E+00   0.0000000000000E+00
   0.1030000000000E+01   0.4473323897008E+02   0.0000000000000E+00  -0.1743788561853E+02   0.0000000000000E+00   0.0000000000000E+00   0.0000000000000E+00   0.5691922500484E+02   0.0000000000000E+00  -0.4316816049450E+02   0.1000000000000E+01   0.0000000000000E+00   0.0000000000000E+00   0.0000000000000E+00
   0.1040000000000E+01   0.4459421669603E+02   0.0000000000000E+00  -0.1706245264092E+02   0.0000000000000E+00   0.0000000000000E+00   0.0000000000000E+00   0.5736586129096E+02   0.0000000000000E+00  -0.4334066096802E+02   0.1000000000000E+01   0.0000000000000E+00   0.0000000000000E+00   0.0000000000000E+00
   0.1050000000000E+01   0.4445637587190E+02   0.0000000000000E+00  -0.1668847047222E+02   0.0000000000000E+00   0.0000000000000E+00   0.0000000000000E+00   0.5781111327689E+02   0.0000000000000E+00  -0.4350941438329E+02   0.1000000000000E+01   0.0000000000000E+00   0.0000000000000E+00   0.0000000000000E+00
   0.1060000000000E+01   0.4431969826783E+02   0.0000000000000E+00  -0.1631591834418E+02   0.0000000000000E+00   0.0000000000000E+00   0.0000000000000E+00   0.5825499268577E+02   0.0000000000000E+00  -0.4367443514422E+02   0.1000000000000E+01   0.0000000000000E+00   0.0000000000000E+00   0.0000000000000E+00
   0.1070000000000E+01   0.4418416588951E+02   0.0000000000000E+00  -0.1594477588518E+02   0.0000000000000E+00   0.0000000000000E+00   0.0000000000000E+00   0.5869751105963E+02   0.0000000000000E+00  -0.4383573744902E+02   0.1000000000000E+01   0.0000000000000E+00   0.0000000000000E+00   0.0000000000000E+00
   0.1080000000000E+01   0.4404976097318E+02   0.0000000000000E+00  -0.1557502311437E+02   0.0000000000000E+00   0.0000000000000E+00   0.0000000000000E+00   0.5913867976173E+02   0.0000000000000E+00  -0.4399333529416E+02   0.1000000000000E+01   0.0000000000000E+00   0.0000000000000E+00   0.0000000000000E+00
   0.1090000000000E+01   0.4391646598081E+02   0.0000000000000E+00  -0.1520664043594E+02   0.0000000000000E+00   0.0000000000000E+00   0.0000000000000E+00   0.5957850997881E+02   0.0000000000000E+00  -0.4414724247823E+02   0.1000000000000E+01   0.0000000000000E+00   0.0000000000000E+00   0.0000000000000E+00
   0.1100000000000E+01   0.4378426359537E+02   0.0000000000000E+00  -0.1483960863365E+02   0.0000000000000E+00   0.0000000000000E+00   0.0000000000000E+00   0.6001701272334E+02   0.0000000000000E+00  -0.4429747260575E+02   0.1000000000000E+01   0.0000000000000E+00   0.0000000000000E+00   0.0000000000000E+00
   0.1110000000000E+01   0.4365313671626E+02   0.0000000000000E+00  -0.1447390886539E+02   0.0000000000000E+00   0.0000000000000E+00   0.0000000000000E+00   0.6045419883570E+02   0.0000000000000E+00  -0.4444403909096E+02   0.1000000000000E+01   0.0000000000000E+00   0.0000000000000E+00   0.0000000000000E+00
   0.1120000000000E+01   0.4352306845492E+02   0.0000000000000E+00  -0.1410952265798E+02   0.0000000000000E+00   0.0000000000000E+00   0.0000000000000E+00   0.6089007898636E+02   0.0000000000000E+00  -0.4458695516154E+02   0.1000000000000E+01   0.0000000000000E+00   0.0000000000000E+00   0.0000000000000E+00
   0.1130000000000E+01   0.4339404213052E+02   0.0000000000000E+00  -0.1374643190212E+02   0.0000000000000E+00   0.0000000000000E+00   0.0000000000000E+00   0.6132466367790E+02   0.0000000000000E+00  -0.4472623386224E+02   0.1000000000000E+01   0.0000000000000E+00   0.0000000000000E+00   0.0000000000000E+00
   0.1140000000000E+01   0.4326604126579E+02   0.0000000000000E+00  -0.1338461884743E+02   0.0000000000000E+00   0.0000000000000E+00   0.0000000000000E+00   0.6175796324714E+02   0.0000000000000E+00  -0.4486188805854E+02   0.1000000000000E+01   0.0000000000000E+00   0.0000000000000E+00   0.0000000000000E+00
   0.1150000000000E+01   0.4313904958303E+02   0.0000000000000E+00  -0.1302406609768E+02   0.0000000000000E+00   0.0000000000000E+00   0.0000000000000E+00   0.6218998786712E+02   0.0000000000000E+00  -0.4499393044016E+02   0.1000000000000E+01   0.0000000000000E+00   0.0000000000000E+00   0.0000000000000E+00
   0.1160000000000E+01   0.4301305100019E+02   0.0000000000000E+00  -0.1266475660612E+02   0.0000000000000E+00   0.0000000000000E+00   0.0000000000000E+00   0.6262074754910E+02   0.0000000000000E+00  -0.4512237352464E+02   0.1000000000000E+01   0.0000000000000E+00   0.0000000000000E+00   0.0000000000000E+00
   0.1170000000000E+01   0.4288802962712E+02   0.0000000000000E+00  -0.1230667367098E+02   0.0000000000000E+00   0.0000000000000E+00   0.0000000000000E+00   0.6305025214446E+02   0.0000000000000E+00  -0.4524722966076E+02   0.1000000000000E+01   0.0000000000000E+00   0.0000000000000E+00   0.0000000000000E+00
   0.1180000000000E+01   0.4276396976192E+02   0.0000000000000E+00  -0.1194980093102E+02   0.0000000000000E+00   0.0000000000000E+00   0.0000000000000E+00   0.6347851134664E+02   0.0000000000000E+00  -0.4536851103200E+02   0.1000000000000E+01   0.0000000000000E+00   0.0000000000000E+00   0.0000000000000E+00
   0.1190000000000E+01   0.4264085588738E+02   0.0000000000000E+00  -0.1159412236130E+02   0.0000000000000E+00   0.0000000000000E+00   0.0000000000000E+00   0.6390553469298E+02   0.0000000000000E+00  -0.4548622965990E+02   0.1000000000000E+01   0.0000000000000E+00   0.0000000000000E+00   0.0000000000000E+00
   0.1200000000000E+01   0.4251867266764E+02   0.0000000000000E+00  -0.1123962226899E+02   0.0000000000000E+00   0.0000000000000E+00   0.0000000000000E+00   0.6433133156655E+02   0.0000000000000E+00  -0.4560039740744E+02   0.1000000000000E+01   0.0000000000000E+00   0.0000000000000E+00   0.0000000000000E+00
   0.1210000000000E+01   0.4239740494485E+02   0.0000000000000E+00  -0.1088628528931E+02   0.0000000000000E+00   0.0000000000000E+00   0.0000000000000E+00   0.6475591119796E+02   0.0000000000000E+00  -0.4571102598228E+02   0.1000000000000E+01   0.0000000000000E+00   0.0000000000000E+00   0.0000000000000E+00
   0.1220000000000E+01   0.4227703773602E+02   0.0000000000000E+00  -0.1053409638155E+02   0.0000000000000E+00   0.0000000000000E+00   0.0000000000000E+00   0.6517928266713E+02   0.0000000000000E+00  -0.4581812694008E+02   0.1000000000000E+01   0.0000000000000E+00   0.0000000000000E+00   0.0000000000000E+00
   0.1230000000000E+01   0.4215755622994E+02   0.0000000000000E+00  -0.1018304082530E+02   0.0000000000000E+00   0.0000000000000E+00   0.0000000000000E+00   0.6560145490500E+02   0.0000000000000E+00  -0.4592171168770E+02   0.1000000000000E+01   0.0000000000000E+00   0.0000000000000E+00   0.0000000000000E+00
   0.1240000000000E+01   0.4203894578428E+02   0.0000000000000E+00  -0.9833104216621E+01   0.0000000000000E+00   0.0000000000000E+00   0.0000000000000E+00   0.6602243669524E+02   0.0000000000000E+00  -0.4602179148637E+02   0.1000000000000E+01   0.0000000000000E+00   0.0000000000000E+00   0.0000000000000E+00
   0.1250000000000E+01   0.4192119192265E+02   0.0000000000000E+00  -0.9484272464406E+01   0.0000000000000E+00   0.0000000000000E+00   0.0000000000000E+00   0.6644223667594E+02   0.0000000000000E+00  -0.4611837745485E+02   0.1000000000000E+01   0.0000000000000E+00   0.0000000000000E+00   0.0000000000000E+00
   0.1260000000000E+01   0.4180428033199E+02   0.0000000000000E+00  -0.9136531786829E+01   0.0000000000000E+00   0.0000000000000E+00   0.0000000000000E+00   0.6686086334124E+02   0.0000000000000E+00  -0.4621148057253E+02   0.1000000000000E+01   0.0000000000000E+00   0.0000000000000E+00   0.0000000000000E+00
   0.1270000000000E+01   0.4168819685981E+02   0.0000000000000E+00  -0.8789868707838E+01   0.0000000000000E+00   0.0000000000000E+00   0.0000000000000E+00   0.6727832504296E+02   0.0000000000000E+00  -0.4630111168254E+02   0.1000000000000E+01   0.0000000000000E+00   0.0000000000000E+00   0.0000000000000E+00
   0.1280000000000E+01   0.4157292751178E+02   0.0000000000000E+00  -0.8444270053753E+01   0.0000000000000E+00   0.0000000000000E+00   0.0000000000000E+00   0.6769462999217E+02   0.0000000000000E+00  -0.4638728149473E+02   0.1000000000000E+01   0.0000000000000E+00   0.0000000000000E+00   0.0000000000000E+00
   0.1290000000000E+01   0.4145845844920E+02   0.0000000000000E+00  -0.8099722949939E+01   0.0000000000000E+00   0.0000000000000E+00   0.0000000000000E+00   0.6810978626079E+02   0.0000000000000E+00  -0.4647000058874E+02   0.1000000000000E+01   0.0000000000000E+00   0.0000000000000E+00   0.0000000000000E+00
   0.1300000000000E+01   0.4134477598674E+02   0.0000000000000E+00  -0.7756214817543E+01   0.0000000000000E+00   0.0000000000000E+00   0.0000000000000E+00   0.6852380178313E+02   0.0000000000000E+00  -0.4654927941693E+02   0.1000000000000E+01   0.0000000000000E+00   0.0000000000000E+00   0.0000000000000E+00
   0.1310000000000E+01   0.4123186659017E+02   0.0000000000000E+00  -0.7413733370310E+01   0.0000000000000E+00   0.0000000000000E+00   0.0000000000000E+00   0.6893668435739E+02   0.0000000000000E+00  -0.4662512830734E+02   0.1000000000000E+01   0.0000000000000E+00   0.0000000000000E+00   0.0000000000000E+00
   0.1320000000000E+01   0.4111971687424E+02   0.0000000000000E+00  -0.7072266611451E+01   0.0000000000000E+00   0.0000000000000E+00   0.0000000000000E+00   0.6934844164718E+02   0.0000000000000E+00  -0.4669755746659E+02   0.1000000000000E+01   0.0000000000000E+00   0.0000000000000E+00   0.0000000000000E+00
   0.1330000000000E+01   0.4100831360062E+02   0.0000000000000E+00  -0.6731802830584E+01   0.0000000000000E+00   0.0000000000000E+00   0.0000000000000E+00   0.6975908118299E+02   0.0000000000000E+00  -0.4676657698279E+02   0.1000000000000E+01   0.0000000000000E+00   0.0000000000000E+00   0.0000000000000E+00
   0.1340000000000E+01   0.4089764367594E+02   0.0000000000000E+00  -0.6392330600723E+01   0.0000000000000E+00   0.0000000000000E+00   0.0000000000000E+00   0.7016861036367E+02   0.0000000000000E+00  -0.4683219682833E+02   0.1000000000000E+01   0.0000000000000E+00   0.0000000000000E+00   0.0000000000000E+00
   0.1350000000000E+01   0.4078769414995E+02   0.0000000000000E+00  -0.6053838775325E+01   0.0000000000000E+00   0.0000000000000E+00   0.0000000000000E+00   0.7057703645782E+02   0.0000000000000E+00  -0.4689442686278E+02   0.1000000000000E+01   0.0000000000000E+00   0.0000000000000E+00   0.0000000000000E+00
   0.1360000000000E+01   0.4067845221370E+02   0.0000000000000E+00  -0.5716316485382E+01   0.0000000000000E+00   0.0000000000000E+00   0.0000000000000E+00   0.7098436660528E+02   0.0000000000000E+00  -0.4695327683559E+02   0.1000000000000E+01   0.0000000000000E+00   0.0000000000000E+00   0.0000000000000E+00
   0.1370000000000E+01   0.4056990519787E+02   0.0000000000000E+00  -0.5379753136568E+01   0.0000000000000E+00   0.0000000000000E+00   0.0000000000000E+00   0.7139060781848E+02   0.0000000000000E+00  -0.4700875638892E+02   0.1000000000000E+01   0.0000000000000E+00   0.0000000000000E+00   0.0000000000000E+00
   0.1380000000000E+01   0.4046204057116E+02   0.0000000000000E+00  -0.5044138406413E+01   0.0000000000000E+00   0.0000000000000E+00   0.0000000000000E+00   0.7179576698385E+02   0.0000000000000E+00  -0.4706087506034E+02   0.1000000000000E+01   0.0000000000000E+00   0.0000000000000E+00   0.0000000000000E+00
   0.1390000000000E+01   0.4035484593875E+02   0.0000000000000E+00  -0.4709462241535E+01   0.0000000000000E+00   0.0000000000000E+00   0.0000000000000E+00   0.7219985086320E+02   0.0000000000000E+00  -0.4710964228556E+02   0.1000000000000E+01   0.0000000000000E+00   0.0000000000000E+00   0.0000000000000E+00
   0.1400000000000E+01   0.4024830904083E+02   0.0000000000000E+00  -0.4375714854891E+01   0.0000000000000E+00   0.0000000000000E+00   0.0000000000000E+00   0.7260286609506E+02   0.0000000000000E+00  -0.4715506740107E+02   0.1000000000000E+01   0.0000000000000E+00   0.0000000000000E+00   0.0000000000000E+00
   0.1410000000000E+01   0.4014241775125E+02   0.0000000000000E+00  -0.4042886723071E+01   0.0000000000000E+00   0.0000000000000E+00   0.0000000000000E+00   0.7300481919603E+02   0.0000000000000E+00  -0.4719715964681E+02   0.1000000000000E+01   0.0000000000000E+00   0.0000000000000E+00   0.0000000000000E+00
   0.1420000000000E+01   0.4003716007622E+02   0.0000000000000E+00  -0.3710968583613E+01   0.0000000000000E+00   0.0000000000000E+00   0.0000000000000E+00   0.7340571656211E+02   0.0000000000000E+00  -0.4723592816880E+02   0.1000000000000E+01   0.0000000000000E+00   0.0000000000000E+00   0.0000000000000E+00
   0.1430000000000E+01   0.3993252415304E+02   0.0000000000000E+00  -0.3379951432356E+01   0.0000000000000E+00   0.0000000000000E+00   0.0000000000000E+00   0.7380556447004E+02   0.0000000000000E+00  -0.4727138202174E+02   0.1000000000000E+01   0.0000000000000E+00   0.0000000000000E+00   0.0000000000000E+00
   0.1440000000000E+01   0.3982849824899E+02   0.0000000000000E+00  -0.3049826520800E+01   0.0000000000000E+00   0.0000000000000E+00   0.0000000000000E+00   0.7420436907855E+02   0.0000000000000E+00  -0.4730353017154E+02   0.1000000000000E+01   0.0000000000000E+00   0.0000000000000E+00   0.0000000000000E+00
   0.1450000000000E+01   0.3972507076023E+02   0.0000000000000E+00  -0.2720585353499E+01   0.0000000000000E+00   0.0000000000000E+00   0.0000000000000E+00   0.7460213642972E+02   0.0000000000000E+00  -0.4733238149793E+02   0.1000000000000E+01   0.0000000000000E+00   0.0000000000000E+00   0.0000000000000E+00
   0.1460000000000E+01   0.3962223021074E+02   0.0000000000000E+00  -0.2392219685467E+01   0.0000000000000E+00   0.0000000000000E+00   0.0000000000000E+00   0.7499887245020E+02   0.0000000000000E+00  -0.4735794479691E+02   0.1000000000000E+01   0.0000000000000E+00   0.0000000000000E+00   0.0000000000000E+00
   0.1470000000000E+01   0.3951996525140E+02   0.0000000000000E+00  -0.2064721519591E+01   0.0000000000000E+00   0.0000000000000E+00   0.0000000000000E+00   0.7539458295255E+02   0.0000000000000E+00  -0.4738022878328E+02   0.1000000000000E+01   0.0000000000000E+00   0.0000000000000E+00   0.0000000000000E+00
   0.1480000000000E+01   0.3941826465910E+02   0.0000000000000E+00  -0.1738083104068E+01   0.0000000000000E+00   0.0000000000000E+00   0.0000000000000E+00   0.7578927363644E+02   0.0000000000000E+00  -0.4739924209310E+02   0.1000000000000E+01   0.0000000000000E+00   0.0000000000000E+00   0.0000000000000E+00
   0.1490000000000E+01   0.3931711733586E+02   0.0000000000000E+00  -0.1412296929845E+01   0.0000000000000E+00   0.0000000000000E+00   0.0000000000000E+00   0.7618295008995E+02   0.0000000000000E+00  -0.4741499328613E+02   0.1000000000000E+01   0.0000000000000E+00   0.0000000000000E+00   0.0000000000000E+00
   0.1500000000000E+01   0.3921651230807E+02   0.0000000000000E+00  -0.1087355728057E+01   0.0000000000000E+00   0.0000000000000E+00   0.0000000000000E+00   0.7657561779079E+02   0.0000000000000E+00  -0.4742749084824E+02   0.1000000000000E+01   0.0000000000000E+00   0.0000000000000E+00   0.0000000000000E+00
   0.1510000000000E+01   0.3911643872581E+02   0.0000000000000E+00  -0.7632524674856E+00   0.0000000000000E+00   0.0000000000000E+00   0.0000000000000E+00   0.7696728210758E+02   0.0000000000000E+00  -0.4743674319380E+02   0.1000000000000E+01   0.0000000000000E+00   0.0000000000000E+00   0.0000000000000E+00
   0.1520000000000E+01   0.3901688586210E+02   0.0000000000000E+00  -0.4399803520044E+00   0.0000000000000E+00   0.0000000000000E+00   0.0000000000000E+00   0.7735794830102E+02   0.0000000000000E+00  -0.4744275866804E+02   0.1000000000000E+01   0.0000000000000E+00   0.0000000000000E+00   0.0000000000000E+00
   0.1530000000000E+01   0.3891784311234E+02   0.0000000000000E+00  -0.1175328180307E+00   0.0000000000000E+00   0.0000000000000E+00   0.0000000000000E+00   0.7774762152518E+02   0.0000000000000E+00  -0.4744554554941E+02   0.1000000000000E+01   0.0000000000000E+00   0.0000000000000E+00   0.0000000000000E+00
   0.1540000000000E+01   0.3881929999372E+02   0.0000000000000E+00   0.2040964680272E+00   0.0000000000000E+00   0.0000000000000E+00   0.0000000000000E+00   0.7813630682869E+02   0.0000000000000E+00  -0.4744511205187E+02   0.1000000000000E+01   0.0000000000000E+00   0.0000000000000E+00   0.0000000000000E+00
   0.1550000000000E+01   0.3872124614470E+02   0.0000000000000E+00   0.5249136123284E+00   0.0000000000000E+00   0.0000000000000E+00   0.0000000000000E+00   0.7852400915594E+02   0.0000000000000E+00  -0.4744146632716E+02   0.1000000000000E+01   0.0000000000000E+00   0.0000000000000E+00   0.0000000000000E+00
   0.1560000000000E+01   0.3862367132453E+02   0.0000000000000E+00   0.8449244961639E+00   0.0000000000000E+00   0.0000000000000E+00   0.0000000000000E+00   0.7891073334833E+02   0.0000000000000E+00  -0.4743461646712E+02   0.1000000000000E+01   0.0000000000000E+00   0.0000000000000E+00   0.0000000000000E+00
   0.1570000000000E+01   0.3852656541280E+02   0.0000000000000E+00   0.1164134778530E+01   0.0000000000000E+00   0.0000000000000E+00   0.0000000000000E+00   0.7929648414544E+02   0.0000000000000E+00  -0.4742457050588E+02   0.1000000000000E+01   0.0000000000000E+00   0.0000000000000E+00   0.0000000000000E+00
   0.1580000000000E+01   0.3842991840905E+02   0.0000000000000E+00   0.1482549898715E+01   0.0000000000000E+00   0.0000000000000E+00   0.0000000000000E+00   0.7968126618626E+02   0.0000000000000E+00  -0.4741133642206E+02   0.1000000000000E+01   0.0000000000000E+00   0.0000000000000E+00   0.0000000000000E+00
   0.1590000000000E+01   0.3833372043243E+02   0.0000000000000E+00   0.1800175078890E+01   0.0000000000000E+00   0.0000000000000E+00   0.0000000000000E+00   0.8006508401037E+02   0.0000000000000E+00  -0.4739492214101E+02   0.1000000000000E+01   0.0000000000000E+00   0.0000000000000E+00   0.0000000000000E+00
   0.1600000000000E+01   0.3823796172134E+02   0.0000000000000E+00   0.2117015326724E+01   0.0000000000000E+00   0.0000000000000E+00   0.0000000000000E+00   0.8044794205911E+02   0.0000000000000E+00  -0.4737533553690E+02   0.1000000000000E+01   0.0000000000000E+00   0.0000000000000E+00   0.0000000000000E+00
   0.1610000000000E+01   0.3814263263314E+02   0.0000000000000E+00   0.2433075438008E+01   0.0000000000000E+00   0.0000000000000E+00   0.0000000000000E+00   0.8082984467685E+02   0.0000000000000E+00  -0.4735258443490E+02   0.1000000000000E+01   0.0000000000000E+00   0.0000000000000E+00   0.0000000000000E+00
   0.1620000000000E+01   0.3804772364393E+02   0.0000000000000E+00   0.2748359999292E+01   0.0000000000000E+00   0.0000000000000E+00   0.0000000000000E+00   0.8121079611209E+02   0.0000000000000E+00  -0.4732667661327E+02   0.1000000000000E+01   0.0000000000000E+00   0.0000000000000E+00   0.0000000000000E+00
   0.1630000000000E+01   0.3795322534824E+02   0.0000000000000E+00   0.3062873390548E+01   0.0000000000000E+00   0.0000000000000E+00   0.0000000000000E+00   0.8159080051869E+02   0.0000000000000E+00  -0.4729761980545E+02   0.1000000000000E+01   0.0000000000000E+00   0.0000000000000E+00   0.0000000000000E+00
   0.1640000000000E+01   0.3785912845889E+02   0.0000000000000E+00   0.3376619787843E+01   0.0000000000000E+00   0.0000000000000E+00   0.0000000000000E+00   0.8196986195706E+02   0.0000000000000E+00  -0.4726542170208E+02   0.1000000000000E+01   0.0000000000000E+00   0.0000000000000E+00   0.0000000000000E+00
   0.1650000000000E+01   0.3776542380677E+02   0.0000000000000E+00   0.3689603166040E+01   0.0000000000000E+00   0.0000000000000E+00   0.0000000000000E+00   0.8234798439532E+02   0.0000000000000E+00  -0.4723008995306E+02   0.1000000000000E+01   0.0000000000000E+00   0.0000000000000E+00   0.0000000000000E+00
   0.1660000000000E+01   0.3767210234068E+02   0.0000000000000E+00   0.4001827301506E+01   0.0000000000000E+00   0.0000000000000E+00   0.0000000000000E+00   0.8272517171047E+02   0.0000000000000E+00  -0.4719163216954E+02   0.1000000000000E+01   0.0000000000000E+00   0.0000000000000E+00   0.0000000000000E+00
   0.1670000000000E+01   0.3757915512718E+02   0.0000000000000E+00   0.4313295774855E+01   0.0000000000000E+00   0.0000000000000E+00   0.0000000000000E+00   0.8310142768962E+02   0.0000000000000E+00  -0.4715005592588E+02   0.1000000000000E+01   0.0000000000000E+00   0.0000000000000E+00   0.0000000000000E+00
   0.1680000000000E+01   0.3748657335046E+02   0.0000000000000E+00   0.4624011973704E+01   0.0000000000000E+00   0.0000000000000E+00   0.0000000000000E+00   0.8347675603112E+02   0.0000000000000E+00  -0.4710536876160E+02   0.1000000000000E+01   0.0000000000000E+00   0.0000000000000E+00   0.0000000000000E+00
   0.1690000000000E+01   0.3739434831224E+02   0.0000000000000E+00   0.4933979095450E+01   0.0000000000000E+00   0.0000000000000E+00   0.0000000000000E+00   0.8385116034574E+02   0.0000000000000E+00  -0.4705757818330E+02   0.1000000000000E+01   0.0000000000000E+00   0.0000000000000E+00   0.0000000000000E+00
   0.1700000000000E+01   0.3730247143164E+02   0.0000000000000E+00   0.5243200150073E+01   0.0000000000000E+00   0.0000000000000E+00   0.0000000000000E+00   0.8422464415788E+02   0.0000000000000E+00  -0.4700669166655E+02   0.1000000000000E+01   0.0000000000000E+00   0.0000000000000E+00   0.0000000000000E+00
   0.1710000000000E+01   0.3721093424512E+02   0.0000000000000E+00   0.5551677962960E+01   0.0000000000000E+00   0.0000000000000E+00   0.0000000000000E+00   0.8459721090668E+02   0.0000000000000E+00  -0.4695271665775E+02   0.1000000000000E+01   0.0000000000000E+00   0.0000000000000E+00   0.0000000000000E+00
   0.1720000000000E+01   0.3711972840636E+02   0.0000000000000E+00   0.5859415177748E+01   0.0000000000000E+00   0.0000000000000E+00   0.0000000000000E+00   0.8496886394726E+02   0.0000000000000E+00  -0.4689566057593E+02   0.1000000000000E+01   0.0000000000000E+00   0.0000000000000E+00   0.0000000000000E+00
   0.1730000000000E+01   0.3702884568620E+02   0.0000000000000E+00   0.6166414259192E+01   0.0000000000000E+00   0.0000000000000E+00   0.0000000000000E+00   0.8533960655185E+02   0.0000000000000E+00  -0.4683553081461E+02   0.1000000000000E+01   0.0000000000000E+00   0.0000000000000E+00   0.0000000000000E+00
   0.1740000000000E+01   0.3693827797256E+02   0.0000000000000E+00   0.6472677496054E+01   0.0000000000000E+00   0.0000000000000E+00   0.0000000000000E+00   0.8570944191099E+02   0.0000000000000E+00  -0.4677233474354E+02   0.1000000000000E+01   0.0000000000000E+00   0.0000000000000E+00   0.0000000000000E+00
   0.1750000000000E+01   0.3684801727037E+02   0.0000000000000E+00   0.6778207004018E+01   0.0000000000000E+00   0.0000000000000E+00   0.0000000000000E+00   0.8607837313466E+02   0.0000000000000E+00  -0.4670607971043E+02   0.1000000000000E+01   0.0000000000000E+00   0.0000000000000E+00   0.0000000000000E+00
   0.1760000000000E+01   0.3675805570150E+02   0.0000000000000E+00   0.7083004728614E+01   0.0000000000000E+00   0.0000000000000E+00   0.0000000000000E+00   0.8644640325349E+02   0.0000000000000E+00  -0.4663677304271E+02   0.1000000000000E+01   0.0000000000000E+00   0.0000000000000E+00   0.0000000000000E+00
   0.1770000000000E+01   0.3666838550467E+02   0.0000000000000E+00   0.7387072448179E+01   0.0000000000000E+00   0.0000000000000E+00   0.0000000000000E+00   0.8681353521991E+02   0.0000000000000E+00  -0.4656442204918E+02   0.1000000000000E+01   0.0000000000000E+00   0.0000000000000E+00   0.0000000000000E+00
   0.1780000000000E+01   0.3657899903536E+02   0.0000000000000E+00   0.7690411776824E+01   0.0000000000000E+00   0.0000000000000E+00   0.0000000000000E+00   0.8717977190933E+02   0.0000000000000E+00  -0.4648903402169E+02   0.1000000000000E+01   0.0000000000000E+00   0.0000000000000E+00   0.0000000000000E+00
   0.1790000000000E+01   0.3648988876579E+02   0.0000000000000E+00   0.7993024167432E+01   0.0000000000000E+00   0.0000000000000E+00   0.0000000000000E+00   0.8754511612127E+02   0.0000000000000E+00  -0.4641061623675E+02   0.1000000000000E+01   0.0000000000000E+00   0.0000000000000E+00   0.0000000000000E+00
   0.1800000000000E+01   0.3640104728473E+02   0.0000000000000E+00   0.8294910914666E+01   0.0000000000000E+00   0.0000000000000E+00   0.0000000000000E+00   0.8790957058059E+02   0.0000000000000E+00  -0.4632917595713E+02   0.1000000000000E+01   0.0000000000000E+00   0.0000000000000E+00   0.0000000000000E+00
   0.1810000000000E+01   0.3631246729750E+02   0.0000000000000E+00   0.8596073158001E+01   0.0000000000000E+00   0.0000000000000E+00   0.0000000000000E+00   0.8827313793860E+02   0.0000000000000E+00  -0.4624472043345E+02   0.1000000000000E+01   0.0000000000000E+00   0.0000000000000E+00   0.0000000000000E+00
   0.1820000000000E+01   0.3622414162578E+02   0.0000000000000E+00   0.8896511884769E+01   0.0000000000000E+00   0.0000000000000E+00   0.0000000000000E+00   0.8863582077425E+02   0.0000000000000E+00  -0.4615725690567E+02   0.1000000000000E+01   0.0000000000000E+00   0.0000000000000E+00   0.0000000000000E+00
   0.1830000000000E+01   0.3613606320752E+02   0.0000000000000E+00   0.9196227933223E+01   0.0000000000000E+00   0.0000000000000E+00   0.0000000000000E+00   0.8899762159528E+02   0.0000000000000E+00  -0.4606679260466E+02   0.1000000000000E+01   0.0000000000000E+00   0.0000000000000E+00   0.0000000000000E+00
   0.1840000000000E+01   0.3604822509682E+02   0.0000000000000E+00   0.9495221995614E+01   0.0000000000000E+00   0.0000000000000E+00   0.0000000000000E+00   0.8935854283941E+02   0.0000000000000E+00  -0.4597333475361E+02   0.1000000000000E+01   0.0000000000000E+00   0.0000000000000E+00   0.0000000000000E+00
   0.1850000000000E+01   0.3596062046375E+02   0.0000000000000E+00   0.9793494621285E+01   0.0000000000000E+00   0.0000000000000E+00   0.0000000000000E+00   0.8971858687546E+02   0.0000000000000E+00  -0.4587689056952E+02   0.1000000000000E+01   0.0000000000000E+00   0.0000000000000E+00   0.0000000000000E+00
   0.1860000000000E+01   0.3587324259420E+02   0.0000000000000E+00   0.1009104621977E+02   0.0000000000000E+00   0.0000000000000E+00   0.0000000000000E+00   0.9007775600455E+02   0.0000000000000E+00  -0.4577746726459E+02   0.1000000000000E+01   0.0000000000000E+00   0.0000000000000E+00   0.0000000000000E+00
   0.1870000000000E+01   0.3578608488969E+02   0.0000000000000E+00   0.1038787706392E+02   0.0000000000000E+00   0.0000000000000E+00   0.0000000000000E+00   0.9043605246121E+02   0.0000000000000E+00  -0.4567507204762E+02   0.1000000000000E+01   0.0000000000000E+00   0.0000000000000E+00   0.0000000000000E+00
   0.1880000000000E+01   0.3569914086719E+02   0.0000000000000E+00   0.1068398729301E+02   0.0000000000000E+00   0.0000000000000E+00   0.0000000000000E+00   0.9079347841460E+02   0.0000000000000E+00  -0.4556971212534E+02   0.1000000000000E+01   0.0000000000000E+00   0.0000000000000E+00   0.0000000000000E+00
   0.1890000000000E+01   0.3561240415886E+02   0.0000000000000E+00   0.1097937691591E+02   0.0000000000000E+00   0.0000000000000E+00   0.0000000000000E+00   0.9115003596959E+02   0.0000000000000E+00  -0.4546139470376E+02   0.1000000000000E+01   0.0000000000000E+00   0.0000000000000E+00   0.0000000000000E+00
   0.1900000000000E+01   0.3552586851185E+02   0.0000000000000E+00   0.1127404581417E+02   0.0000000000000E+00   0.0000000000000E+00   0.0000000000000E+00   0.9150572716797E+02   0.0000000000000E+00  -0.4535012698942E+02   0.1000000000000E+01   0.0000000000000E+00   0.0000000000000E+00   0.0000000000000E+00
   0.1910000000000E+01   0.3543952778801E+02   0.0000000000000E+00   0.1156799374523E+02   0.0000000000000E+00   0.0000000000000E+00   0.0000000000000E+00   0.9186055398956E+02   0.0000000000000E+00  -0.4523591619068E+02   0.1000000000000E+01   0.0000000000000E+00   0.0000000000000E+00   0.0000000000000E+00
   0.1920000000000E+01   0.3535337596362E+02   0.0000000000000E+00   0.1186122034553E+02   0.0000000000000E+00   0.0000000000000E+00   0.0000000000000E+00   0.9221451835338E+02   0.0000000000000E+00  -0.4511876951893E+02   0.1000000000000E+01   0.0000000000000E+00   0.0000000000000E+00   0.0000000000000E+00
   0.1930000000000E+01   0.3526740712911E+02   0.0000000000000E+00   0.1215372513368E+02   0.0000000000000E+00   0.0000000000000E+00   0.0000000000000E+00   0.9256762211878E+02   0.0000000000000E+00  -0.4499869418979E+02   0.1000000000000E+01   0.0000000000000E+00   0.0000000000000E+00   0.0000000000000E+00
   0.1940000000000E+01   0.3518161548866E+02   0.0000000000000E+00   0.1244550751361E+02   0.0000000000000E+00   0.0000000000000E+00   0.0000000000000E+00   0.9291986708659E+02   0.0000000000000E+00  -0.4487569742427E+02   0.1000000000000E+01   0.0000000000000E+00   0.0000000000000E+00   0.0000000000000E+00
   0.1950000000000E+01   0.3509599535994E+02   0.0000000000000E+00   0.1273656677773E+02   0.0000000000000E+00   0.0000000000000E+00   0.0000000000000E+00   0.9327125500025E+02   0.0000000000000E+00  -0.4474978644989E+02   0.1000000000000E+01   0.0000000000000E+00   0.0000000000000E+00   0.0000000000000E+00
   0.1960000000000E+01   0.3501054117365E+02   0.0000000000000E+00   0.1302690211011E+02   0.0000000000000E+00   0.0000000000000E+00   0.0000000000000E+00   0.9362178754692E+02   0.0000000000000E+00  -0.4462096850180E+02   0.1000000000000E+01   0.0000000000000E+00   0.0000000000000E+00   0.0000000000000E+00
   0.1970000000000E+01   0.3492524747317E+02   0.0000000000000E+00   0.1331651258958E+02   0.0000000000000E+00   0.0000000000000E+00   0.0000000000000E+00   0.9397146635866E+02   0.0000000000000E+00  -0.4448925082385E+02   0.1000000000000E+01   0.0000000000000E+00   0.0000000000000E+00   0.0000000000000E+00
   0.1980000000000E+01   0.3484010891413E+02   0.0000000000000E+00   0.1360539719290E+02   0.0000000000000E+00   0.0000000000000E+00   0.0000000000000E+00   0.9432029301351E+02   0.0000000000000E+00  -0.4435464066958E+02   0.1000000000000E+01   0.0000000000000E+00   0.0000000000000E+00   0.0000000000000E+00
   0.1990000000000E+01   0.3475512026392E+02   0.0000000000000E+00   0.1389355479791E+02   0.0000000000000E+00   0.0000000000000E+00   0.0000000000000E+00   0.9466826903662E+02   0.0000000000000E+00  -0.4421714530330E+02   0.1000000000000E+01   0.0000000000000E+00   0.0000000000000E+00   0.0000000000000E+00
   0.2000000000000E+01   0.3467027640129E+02   0.0000000000000E+00   0.1418098418665E+02   0.0000000000000E+00   0.0000000000000E+00   0.0000000000000E+00   0.9501539590140E+02   0.0000000000000E+00  -0.4407677200100E+02   0.1000000000000E+01   0.0000000000000E+00   0.0000000000000E+00   0.0000000000000E+00
   0.2010000000000E+01   0.3458557231574E+02   0.0000000000000E+00   0.1446768404850E+02   0.0000000000000E+00   0.0000000000000E+00   0.0000000000000E+00   0.9536167503056E+02   0.0000000000000E+00  -0.4393352805131E+02   0.1000000000000E+01   0.0000000000000E+00   0.0000000000000E+00   0.0000000000000E+00
   0.2020000000000E+01   0.3450100310710E+02   0.0000000000000E+00   0.1475365298325E+02   0.0000000000000E+00   0.0000000000000E+00   0.0000000000000E+00   0.9570710779729E+02   0.0000000000000E+00  -0.4378742075644E+02   0.1000000000000E+01   0.0000000000000E+00   0.0000000000000E+00   0.0000000000000E+00
   0.2030000000000E+01   0.3441656398490E+02   0.0000000000000E+00   0.1503888950422E+02   0.0000000000000E+00   0.0000000000000E+00   0.0000000000000E+00   0.9605169552631E+02   0.0000000000000E+00  -0.4363845743301E+02   0.1000000000000E+01   0.0000000000000E+00   0.0000000000000E+00   0.0000000000000E+00
   0.2040000000000E+01   0.3433225026783E+02   0.0000000000000E+00   0.1532339204137E+02   0.0000000000000E+00   0.0000000000000E+00   0.0000000000000E+00   0.9639543949499E+02   0.0000000000000E+00  -0.4348664541295E+02   0.1000000000000E+01   0.0000000000000E+00   0.0000000000000E+00   0.0000000000000E+00
   0.2050000000000E+01   0.3424805738311E+02   0.0000000000000E+00   0.1560715894432E+02   0.0000000000000E+00   0.0000000000000E+00   0.0000000000000E+00   0.9673834093443E+02   0.0000000000000E+00  -0.4333199204429E+02   0.1000000000000E+01   0.0000000000000E+00   0.0000000000000E+00   0.0000000000000E+00
   0.2060000000000E+01   0.3416398086588E+02   0.0000000000000E+00   0.1589018848541E+02   0.0000000000000E+00   0.0000000000000E+00   0.0000000000000E+00   0.9708040103053E+02   0.0000000000000E+00  -0.4317450469193E+02   0.1000000000000E+01   0.0000000000000E+00   0.0000000000000E+00   0.0000000000000E+00
   0.2070000000000E+01   0.3408001635855E+02   0.0000000000000E+00   0.1617247886277E+02   0.0000000000000E+00   0.0000000000000E+00   0.0000000000000E+00   0.9742162092510E+02   0.0000000000000E+00  -0.4301419073845E+02   0.1000000000000E+01   0.0000000000000E+00   0.0000000000000E+00   0.0000000000000E+00
   0.2080000000000E+01   0.3399615961007E+02   0.0000000000000E+00   0.1645402820326E+02   0.0000000000000E+00   0.0000000000000E+00   0.0000000000000E+00   0.9776200171689E+02   0.0000000000000E+00  -0.4285105758478E+02   0.1000000000000E+01   0.0000000000000E+00   0.0000000000000E+00   0.0000000000000E+00
   0.2090000000000E+01   0.3391240647529E+02   0.0000000000000E+00   0.1673483456554E+02   0.0000000000000E+00   0.0000000000000E+00   0.0000000000000E+00   0.9810154446267E+02   0.0000000000000E+00  -0.4268511265096E+02   0.1000000000000E+01   0.0000000000000E+00   0.0000000000000E+00   0.0000000000000E+00
   0.2100000000000E+01   0.3382875291420E+02   0.0000000000000E+00   0.1701489594296E+02   0.0000000000000E+00   0.0000000000000E+00   0.0000000000000E+00   0.9844025017829E+02   0.0000000000000E+00  -0.4251636337675E+02   0.1000000000000E+01   0.0000000000000E+00   0.0000000000000E+00   0.0000000000000E+00
   0.2110000000000E+01   0.3374519499114E+02   0.0000000000000E+00   0.1729421026654E+02   0.0000000000000E+00   0.0000000000000E+00   0.0000000000000E+00   0.9877811983973E+02   0.0000000000000E+00  -0.4234481722227E+02   0.1000000000000E+01   0.0000000000000E+00   0.0000000000000E+00   0.0000000000000E+00
   0.2120000000000E+01   0.3366172887411E+02   0.0000000000000E+00   0.1757277540789E+02   0.0000000000000E+00   0.0000000000000E+00   0.0000000000000E+00   0.9911515438412E+02   0.0000000000000E+00  -0.4217048166868E+02   0.1000000000000E+01   0.0000000000000E+00   0.0000000000000E+00   0.0000000000000E+00
   0.2130000000000E+01   0.3357835083388E+02   0.0000000000000E+00   0.1785058918208E+02   0.0000000000000E+00   0.0000000000000E+00   0.0000000000000E+00   0.9945135471079E+02   0.0000000000000E+00  -0.4199336421866E+02   0.1000000000000E+01   0.0000000000000E+00   0.0000000000000E+00   0.0000000000000E+00
   0.2140000000000E+01   0.3349505724323E+02   0.0000000000000E+00   0.1812764935050E+02   0.0000000000000E+00   0.0000000000000E+00   0.0000000000000E+00   0.9978672168229E+02   0.0000000000000E+00  -0.4181347239705E+02   0.1000000000000E+01   0.0000000000000E+00   0.0000000000000E+00   0.0000000000000E+00
   0.2150000000000E+01   0.3341184457608E+02   0.0000000000000E+00   0.1840395362368E+02   0.0000000000000E+00   0.0000000000000E+00   0.0000000000000E+00   0.1001212561254E+03   0.0000000000000E+00  -0.4163081375130E+02   0.1000000000000E+01   0.0000000000000E+00   0.0000000000000E+00   0.0000000000000E+00
   0.2160000000000E+01   0.3332870940660E+02   0.0000000000000E+00   0.1867949966415E+02   0.0000000000000E+00   0.0000000000000E+00   0.0000000000000E+00   0.1004549588321E+03   0.0000000000000E+00  -0.4144539585201E+02   0.1000000000000E+01   0.0000000000000E+00   0.0000000000000E+00   0.0000000000000E+00
   0.2170000000000E+01   0.3324564840840E+02   0.0000000000000E+00   0.1895428508911E+02   0.0000000000000E+00   0.0000000000000E+00   0.0000000000000E+00   0.1007878305607E+03   0.0000000000000E+00  -0.4125722629339E+02   0.1000000000000E+01   0.0000000000000E+00   0.0000000000000E+00   0.0000000000000E+00
   0.2180000000000E+01   0.3316265835354E+02   0.0000000000000E+00   0.1922830747325E+02   0.0000000000000E+00   0.0000000000000E+00   0.0000000000000E+00   0.1011198720368E+03   0.0000000000000E+00  -0.4106631269369E+02   0.1000000000000E+01   0.0000000000000E+00   0.0000000000000E+00   0.0000000000000E+00
   0.2190000000000E+01   0.3307973611165E+02   0.0000000000000E+00   0.1950156435141E+02   0.0000000000000E+00   0.0000000000000E+00   0.0000000000000E+00   0.1014510839538E+03   0.0000000000000E+00  -0.4087266269560E+02   0.1000000000000E+01   0.0000000000000E+00   0.0000000000000E+00   0.0000000000000E+00
   0.2200000000000E+01   0.3299687864897E+02   0.0000000000000E+00   0.1977405322127E+02   0.0000000000000E+00   0.0000000000000E+00   0.0000000000000E+00   0.1017814669749E+03   0.0000000000000E+00  -0.4067628396668E+02   0.1000000000000E+01   0.0000000000000E+00   0.0000000000000E+00   0.0000000000000E+00
   0.2210000000000E+01   0.3291408302742E+02   0.0000000000000E+00   0.2004577154594E+02   0.0000000000000E+00   0.0000000000000E+00   0.0000000000000E+00   0.1021110217330E+03   0.0000000000000E+00  -0.4047718419966E+02   0.1000000000000E+01   0.0000000000000E+00   0.0000000000000E+00   0.0000000000000E+00
   0.2220000000000E+01   0.3283134640356E+02   0.0000000000000E+00   0.2031671675661E+02   0.0000000000000E+00   0.0000000000000E+00   0.0000000000000E+00   0.1024397488321E+03   0.0000000000000E+00  -0.4027537111280E+02   0.1000000000000E+01   0.0000000000000E+00   0.0000000000000E+00   0.0000000000000E+00
   0.2230000000000E+01   0.3274866602765E+02   0.0000000000000E+00   0.2058688625508E+02   0.0000000000000E+00   0.0000000000000E+00   0.0000000000000E+00   0.1027676488485E+03   0.0000000000000E+00  -0.4007085245022E+02   0.1000000000000E+01   0.0000000000000E+00   0.0000000000000E+00   0.0000000000000E+00
   0.2240000000000E+01   0.3266603924262E+02   0.0000000000000E+00   0.2085627741628E+02   0.0000000000000E+00   0.0000000000000E+00   0.0000000000000E+00   0.1030947223313E+03   0.0000000000000E+00  -0.3986363598215E+02   0.1000000000000E+01   0.0000000000000E+00   0.0000000000000E+00   0.0000000000000E+00
   0.2250000000000E+01   0.3258346348304E+02   0.0000000000000E+00   0.2112488759075E+02   0.0000000000000E+00   0.0000000000000E+00   0.0000000000000E+00   0.1034209698034E+03   0.0000000000000E+00  -0.3965372950518E+02   0.1000000000000E+01   0.0000000000000E+00   0.0000000000000E+00   0.0000000000000E+00
   0.2260000000000E+01   0.3250093627408E+02   0.0000000000000E+00   0.2139271410713E+02   0.0000000000000E+00   0.0000000000000E+00   0.0000000000000E+00   0.1037463917628E+03   0.0000000000000E+00  -0.3944114084252E+02   0.1000000000000E+01   0.0000000000000E+00   0.0000000000000E+00   0.0000000000000E+00
   0.2270000000000E+01   0.3241845523044E+02   0.0000000000000E+00   0.2165975427447E+02   0.0000000000000E+00   0.0000000000000E+00   0.0000000000000E+00   0.1040709886828E+03   0.0000000000000E+00  -0.3922587784420E+02   0.1000000000000E+01   0.0000000000000E+00   0.0000000000000E+00   0.0000000000000E+00
   0.2280000000000E+01   0.3233601805534E+02   0.0000000000000E+00   0.2192600538469E+02   0.0000000000000E+00   0.0000000000000E+00   0.0000000000000E+00   0.1043947610136E+03   0.0000000000000E+00  -0.3900794838722E+02   0.1000000000000E+01   0.0000000000000E+00   0.0000000000000E+00   0.0000000000000E+00
   0.2290000000000E+01   0.3225362253937E+02   0.0000000000000E+00   0.2219146471486E+02   0.0000000000000E+00   0.0000000000000E+00   0.0000000000000E+00   0.1047177091828E+03   0.0000000000000E+00  -0.3878736037577E+02   0.1000000000000E+01   0.0000000000000E+00   0.0000000000000E+00   0.0000000000000E+00
   0.2300000000000E+01   0.3217126655945E+02   0.0000000000000E+00   0.2245612952948E+02   0.0000000000000E+00   0.0000000000000E+00   0.0000000000000E+00   0.1050398335962E+03   0.0000000000000E+00  -0.3856412174130E+02   0.1000000000000E+01   0.0000000000000E+00   0.0000000000000E+00   0.0000000000000E+00
   0.2310000000000E+01   0.3208894807769E+02   0.0000000000000E+00   0.2271999708272E+02   0.0000000000000E+00   0.0000000000000E+00   0.0000000000000E+00   0.1053611346389E+03   0.0000000000000E+00  -0.3833824044271E+02   0.1000000000000E+01   0.0000000000000E+00   0.0000000000000E+00   0.0000000000000E+00
   0.2320000000000E+01   0.3200666514034E+02   0.0000000000000E+00   0.2298306462066E+02   0.0000000000000E+00   0.0000000000000E+00   0.0000000000000E+00   0.1056816126762E+03   0.0000000000000E+00  -0.3810972446636E+02   0.1000000000000E+01   0.0000000000000E+00   0.0000000000000E+00   0.0000000000000E+00
   0.2330000000000E+01   0.3192441587661E+02   0.0000000000000E+00   0.2324532938338E+02   0.0000000000000E+00   0.0000000000000E+00   0.0000000000000E+00   0.1060012680540E+03   0.0000000000000E+00  -0.3787858182621E+02   0.1000000000000E+01   0.0000000000000E+00   0.0000000000000E+00   0.0000000000000E+00
   0.2340000000000E+01   0.3184219849756E+02   0.0000000000000E+00   0.2350678860713E+02   0.0000000000000E+00   0.0000000000000E+00   0.0000000000000E+00   0.1063201011000E+03   0.0000000000000E+00  -0.3764482056382E+02   0.1000000000000E+01   0.0000000000000E+00   0.0000000000000E+00   0.0000000000000E+00
   0.2350000000000E+01   0.3176001129499E+02   0.0000000000000E+00   0.2376743952640E+02   0.0000000000000E+00   0.0000000000000E+00   0.0000000000000E+00   0.1066381121245E+03   0.0000000000000E+00  -0.3740844874841E+02   0.1000000000000E+01   0.0000000000000E+00   0.0000000000000E+00   0.0000000000000E+00
   0.2360000000000E+01   0.3167785264029E+02   0.0000000000000E+00   0.2402727937589E+02   0.0000000000000E+00   0.0000000000000E+00   0.0000000000000E+00   0.1069553014210E+03   0.0000000000000E+00  -0.3716947447686E+02   0.1000000000000E+01   0.0000000000000E+00   0.0000000000000E+00   0.0000000000000E+00
   0.2370000000000E+01   0.3159572098326E+02   0.0000000000000E+00   0.2428630539260E+02   0.0000000000000E+00   0.0000000000000E+00   0.0000000000000E+00   0.1072716692673E+03   0.0000000000000E+00  -0.3692790587367E+02   0.1000000000000E+01   0.0000000000000E+00   0.0000000000000E+00   0.0000000000000E+00
   0.2380000000000E+01   0.3151361485100E+02   0.0000000000000E+00   0.2454451481767E+02   0.0000000000000E+00   0.0000000000000E+00   0.0000000000000E+00   0.1075872159258E+03   0.0000000000000E+00  -0.3668375109098E+02   0.1000000000000E+01   0.0000000000000E+00   0.0000000000000E+00   0.0000000000000E+00
   0.2390000000000E+01   0.3143153284674E+02   0.0000000000000E+00   0.2480190489836E+02   0.0000000000000E+00   0.0000000000000E+00   0.0000000000000E+00   0.1079019416447E+03   0.0000000000000E+00  -0.3643701830846E+02   0.1000000000000E+01   0.0000000000000E+00   0.0000000000000E+00   0.0000000000000E+00
   0.2400000000000E+01   0.3134947364867E+02   0.0000000000000E+00   0.2505847288986E+02   0.0000000000000E+00   0.0000000000000E+00   0.0000000000000E+00   0.1082158466587E+03   0.0000000000000E+00  -0.3618771573330E+02   0.1000000000000E+01   0.0000000000000E+00   0.0000000000000E+00   0.0000000000000E+00
   0.2410000000000E+01   0.3126743600880E+02   0.0000000000000E+00   0.2531421605714E+02   0.0000000000000E+00   0.0000000000000E+00   0.0000000000000E+00   0.1085289311896E+03   0.0000000000000E+00  -0.3593585160008E+02   0.1000000000000E+01   0.0000000000000E+00   0.0000000000000E+00   0.0000000000000E+00
   0.2420000000000E+01   0.3118541875176E+02   0.0000000000000E+00   0.2556913167669E+02   0.0000000000000E+00   0.0000000000000E+00   0.0000000000000E+00   0.1088411954468E+03   0.0000000000000E+00  -0.3568143417065E+02   0.1000000000000E+01   0.0000000000000E+00   0.0000000000000E+00   0.0000000000000E+00
   0.2430000000000E+01   0.3110342077366E+02   0.0000000000000E+00   0.2582321703828E+02   0.0000000000000E+00   0.0000000000000E+00   0.0000000000000E+00   0.1091526396288E+03   0.0000000000000E+00  -0.3542447173407E+02   0.1000000000000E+01   0.0000000000000E+00   0.0000000000000E+00   0.0000000000000E+00
   0.2440000000000E+01   0.3102144104092E+02   0.0000000000000E+00   0.2607646944663E+02   0.0000000000000E+00   0.0000000000000E+00   0.0000000000000E+00   0.1094632639231E+03   0.0000000000000E+00  -0.3516497260640E+02   0.1000000000000E+01   0.0000000000000E+00   0.0000000000000E+00   0.0000000000000E+00
   0.2450000000000E+01   0.3093947858909E+02   0.0000000000000E+00   0.2632888622306E+02   0.0000000000000E+00   0.0000000000000E+00   0.0000000000000E+00   0.1097730685073E+03   0.0000000000000E+00  -0.3490294513058E+02   0.1000000000000E+01   0.0000000000000E+00   0.0000000000000E+00   0.0000000000000E+00
   0.2460000000000E+01   0.3085753252167E+02   0.0000000000000E+00   0.2658046470709E+02   0.0000000000000E+00   0.0000000000000E+00   0.0000000000000E+00   0.1100820535495E+03   0.0000000000000E+00  -0.3463839767624E+02   0.1000000000000E+01   0.0000000000000E+00   0.0000000000000E+00   0.0000000000000E+00
   0.2470000000000E+01   0.3077560200897E+02   0.0000000000000E+00   0.2683120225802E+02   0.0000000000000E+00   0.0000000000000E+00   0.0000000000000E+00   0.1103902192095E+03   0.0000000000000E+00  -0.3437133863954E+02   0.1000000000000E+01   0.0000000000000E+00   0.0000000000000E+00   0.0000000000000E+00
   0.2480000000000E+01   0.3069368628693E+02   0.0000000000000E+00   0.2708109625641E+02   0.0000000000000E+00   0.0000000000000E+00   0.0000000000000E+00   0.1106975656390E+03   0.0000000000000E+00  -0.3410177644292E+02   0.1000000000000E+01   0.0000000000000E+00   0.0000000000000E+00   0.0000000000000E+00
   0.2490000000000E+01   0.3061178465596E+02   0.0000000000000E+00   0.2733014410558E+02   0.0000000000000E+00   0.0000000000000E+00   0.0000000000000E+00   0.1110040929822E+03   0.0000000000000E+00  -0.3382971953491E+02   0.1000000000000E+01   0.0000000000000E+00   0.0000000000000E+00   0.0000000000000E+00
   0.2500000000000E+01   0.3052989647974E+02   0.0000000000000E+00   0.2757834323306E+02   0.0000000000000E+00   0.0000000000000E+00   0.0000000000000E+00   0.1113098013770E+03   0.0000000000000E+00  -0.3355517638988E+02   0.1000000000000E+01   0.0000000000000E+00   0.0000000000000E+00   0.0000000000000E+00
   0.2510000000000E+01   0.3044802118411E+02   0.0000000000000E+00   0.2782569109195E+02   0.0000000000000E+00   0.0000000000000E+00   0.0000000000000E+00   0.1116146909548E+03   0.0000000000000E+00  -0.3327815550781E+02   0.1000000000000E+01   0.0000000000000E+00   0.0000000000000E+00   0.0000000000000E+00
   0.2520000000000E+01   0.3036615825590E+02   0.0000000000000E+00   0.2807218516230E+02   0.0000000000000E+00   0.0000000000000E+00   0.0000000000000E+00   0.1119187618419E+03   0.0000000000000E+00  -0.3299866541401E+02   0.1000000000000E+01   0.0000000000000E+00   0.0000000000000E+00   0.0000000000000E+00
   0.2530000000000E+01   0.3028430724175E+02   0.0000000000000E+00   0.2831782295241E+02   0.0000000000000E+00   0.0000000000000E+00   0.0000000000000E+00   0.1122220141596E+03   0.0000000000000E+00  -0.3271671465883E+02   0.1000000000000E+01   0.0000000000000E+00   0.0000000000000E+00   0.0000000000000E+00
   0.2540000000000E+01   0.3020246774700E+02   0.0000000000000E+00   0.2856260200010E+02   0.0000000000000E+00   0.0000000000000E+00   0.0000000000000E+00   0.1125244480251E+03   0.0000000000000E+00  -0.3243231181743E+02   0.1000000000000E+01   0.0000000000000E+00   0.0000000000000E+00   0.0000000000000E+00
   0.2550000000000E+01   0.3012063943449E+02   0.0000000000000E+00   0.2880651987396E+02   0.0000000000000E+00   0.0000000000000E+00   0.0000000000000E+00   0.1128260635518E+03   0.0000000000000E+00  -0.3214546548941E+02   0.1000000000000E+01   0.0000000000000E+00   0.0000000000000E+00   0.0000000000000E+00
   0.2560000000000E+01   0.3003882202349E+02   0.0000000000000E+00   0.2904957417452E+02   0.0000000000000E+00   0.0000000000000E+00   0.0000000000000E+00   0.1131268608501E+03   0.0000000000000E+00  -0.3185618429853E+02   0.1000000000000E+01   0.0000000000000E+00   0.0000000000000E+00   0.0000000000000E+00
   0.2570000000000E+01   0.2995701528851E+02   0.0000000000000E+00   0.2929176253542E+02   0.0000000000000E+00   0.0000000000000E+00   0.0000000000000E+00   0.1134268400278E+03   0.0000000000000E+00  -0.3156447689239E+02   0.1000000000000E+01   0.0000000000000E+00   0.0000000000000E+00   0.0000000000000E+00
   0.2580000000000E+01   0.2987521905820E+02   0.0000000000000E+00   0.2953308262452E+02   0.0000000000000E+00   0.0000000000000E+00   0.0000000000000E+00   0.1137260011909E+03   0.0000000000000E+00  -0.3127035194207E+02   0.1000000000000E+01   0.0000000000000E+00   0.0000000000000E+00   0.0000000000000E+00
   0.2590000000000E+01   0.2979343321422E+02   0.0000000000000E+00   0.2977353214498E+02   0.0000000000000E+00   0.0000000000000E+00   0.0000000000000E+00   0.1140243444436E+03   0.0000000000000E+00  -0.3097381814179E+02   0.1000000000000E+01   0.0000000000000E+00   0.0000000000000E+00   0.0000000000000E+00
   0.2600000000000E+01   0.2971165769013E+02   0.0000000000000E+00   0.3001310883630E+02   0.0000000000000E+00   0.0000000000000E+00   0.0000000000000E+00   0.1143218698896E+03   0.0000000000000E+00  -0.3067488420860E+02   0.1000000000000E+01   0.0000000000000E+00   0.0000000000000E+00   0.0000000000000E+00
   0.2610000000000E+01   0.2962989247027E+02   0.0000000000000E+00   0.3025181047531E+02   0.0000000000000E+00   0.0000000000000E+00   0.0000000000000E+00   0.1146185776318E+03   0.0000000000000E+00  -0.3037355888191E+02   0.1000000000000E+01   0.0000000000000E+00   0.0000000000000E+00   0.0000000000000E+00
   0.2620000000000E+01   0.2954813758867E+02   0.0000000000000E+00   0.3048963487716E+02   0.0000000000000E+00   0.0000000000000E+00   0.0000000000000E+00   0.1149144677734E+03   0.0000000000000E+00  -0.3006985092322E+02   0.1000000000000E+01   0.0000000000000E+00   0.0000000000000E+00   0.0000000000000E+00
   0.2630000000000E+01   0.2946639312795E+02   0.0000000000000E+00   0.3072657989622E+02   0.0000000000000E+00   0.0000000000000E+00   0.0000000000000E+00   0.1152095404183E+03   0.0000000000000E+00  -0.2976376911565E+02   0.1000000000000E+01   0.0000000000000E+00   0.0000000000000E+00   0.0000000000000E+00
   0.2640000000000E+01   0.2938465921826E+02   0.0000000000000E+00   0.3096264342699E+02   0.0000000000000E+00   0.0000000000000E+00   0.0000000000000E+00   0.1155037956711E+03   0.0000000000000E+00  -0.2945532226359E+02   0.1000000000000E+01   0.0000000000000E+00   0.0000000000000E+00   0.0000000000000E+00
   0.2650000000000E+01   0.2930293603615E+02   0.0000000000000E+00   0.3119782340496E+02   0.0000000000000E+00   0.0000000000000E+00   0.0000000000000E+00   0.1157972336384E+03   0.0000000000000E+00  -0.2914451919228E+02   0.1000000000000E+01   0.0000000000000E+00   0.0000000000000E+00   0.0000000000000E+00
   0.2660000000000E+01   0.2922122380356E+02   0.0000000000000E+00   0.3143211780743E+02   0.0000000000000E+00   0.0000000000000E+00   0.0000000000000E+00   0.1160898544284E+03   0.0000000000000E+00  -0.2883136874741E+02   0.1000000000000E+01   0.0000000000000E+00   0.0000000000000E+00   0.0000000000000E+00
   0.2670000000000E+01   0.2913952278673E+02   0.0000000000000E+00   0.3166552465427E+02   0.0000000000000E+00   0.0000000000000E+00   0.0000000000000E+00   0.1163816581518E+03   0.0000000000000E+00  -0.2851587979465E+02   0.1000000000000E+01   0.0000000000000E+00   0.0000000000000E+00   0.0000000000000E+00
   0.2680000000000E+01   0.2905783329513E+02   0.0000000000000E+00   0.3189804200873E+02   0.0000000000000E+00   0.0000000000000E+00   0.0000000000000E+00   0.1166726449225E+03   0.0000000000000E+00  -0.2819806121930E+02   0.1000000000000E+01   0.0000000000000E+00   0.0000000000000E+00   0.0000000000000E+00
   0.2690000000000E+01   0.2897615568047E+02   0.0000000000000E+00   0.3212966797812E+02   0.0000000000000E+00   0.0000000000000E+00   0.0000000000000E+00   0.1169628148573E+03   0.0000000000000E+00  -0.2787792192577E+02   0.1000000000000E+01   0.0000000000000E+00   0.0000000000000E+00   0.0000000000000E+00
   0.2700000000000E+01   0.2889449033563E+02   0.0000000000000E+00   0.3236040071450E+02   0.0000000000000E+00   0.0000000000000E+00   0.0000000000000E+00   0.1172521680770E+03   0.0000000000000E+00  -0.2755547083718E+02   0.1000000000000E+01   0.0000000000000E+00   0.0000000000000E+00   0.0000000000000E+00
   0.2710000000000E+01   0.2881283769366E+02   0.0000000000000E+00   0.3259023841534E+02   0.0000000000000E+00   0.0000000000000E+00   0.0000000000000E+00   0.1175407047064E+03   0.0000000000000E+00  -0.2723071689493E+02   0.1000000000000E+01   0.0000000000000E+00   0.0000000000000E+00   0.0000000000000E+00
   0.2720000000000E+01   0.2873119822673E+02   0.0000000000000E+00   0.3281917932416E+02   0.0000000000000E+00   0.0000000000000E+00   0.0000000000000E+00   0.1178284248748E+03   0.0000000000000E+00  -0.2690366905818E+02   0.1000000000000E+01   0.0000000000000E+00   0.0000000000000E+00   0.0000000000000E+00
   0.2730000000000E+01   0.2864957244517E+02   0.0000000000000E+00   0.3304722173110E+02   0.0000000000000E+00   0.0000000000000E+00   0.0000000000000E+00   0.1181153287165E+03   0.0000000000000E+00  -0.2657433630345E+02   0.1000000000000E+01   0.0000000000000E+00   0.0000000000000E+00   0.0000000000000E+00
   0.2740000000000E+01   0.2856796089648E+02   0.0000000000000E+00   0.3327436397350E+02   0.0000000000000E+00   0.0000000000000E+00   0.0000000000000E+00   0.1184014163711E+03   0.0000000000000E+00  -0.2624272762411E+02   0.1000000000000E+01   0.0000000000000E+00   0.0000000000000E+00   0.0000000000000E+00
   0.2750000000000E+01   0.2848636416430E+02   0.0000000000000E+00   0.3350060443639E+02   0.0000000000000E+00   0.0000000000000E+00   0.0000000000000E+00   0.1186866879839E+03   0.0000000000000E+00  -0.2590885202992E+02   0.1000000000000E+01   0.0000000000000E+00   0.0000000000000E+00   0.0000000000000E+00
   0.2760000000000E+01   0.2840478286747E+02   0.0000000000000E+00   0.3372594155305E+02   0.0000000000000E+00   0.0000000000000E+00   0.0000000000000E+00   0.1189711437059E+03   0.0000000000000E+00  -0.2557271854654E+02   0.1000000000000E+01   0.0000000000000E+00   0.0000000000000E+00   0.0000000000000E+00
   0.2770000000000E+01   0.2832321765910E+02   0.0000000000000E+00   0.3395037380544E+02   0.0000000000000E+00   0.0000000000000E+00   0.0000000000000E+00   0.1192547836948E+03   0.0000000000000E+00  -0.2523433621507E+02   0.1000000000000E+01   0.0000000000000E+00   0.0000000000000E+00   0.0000000000000E+00
   0.2780000000000E+01   0.2824166922555E+02   0.0000000000000E+00   0.3417389972467E+02   0.0000000000000E+00   0.0000000000000E+00   0.0000000000000E+00   0.1195376081150E+03   0.0000000000000E+00  -0.2489371409155E+02   0.1000000000000E+01   0.0000000000000E+00   0.0000000000000E+00   0.0000000000000E+00
   0.2790000000000E+01   0.2816013828554E+02   0.0000000000000E+00   0.3439651789137E+02   0.0000000000000E+00   0.0000000000000E+00   0.0000000000000E+00   0.1198196171376E+03   0.0000000000000E+00  -0.2455086124642E+02   0.1000000000000E+01   0.0000000000000E+00   0.0000000000000E+00   0.0000000000000E+00
   0.2800000000000E+01   0.2807862558924E+02   0.0000000000000E+00   0.3461822693612E+02   0.0000000000000E+00   0.0000000000000E+00   0.0000000000000E+00   0.1201008109415E+03   0.0000000000000E+00  -0.2420578676413E+02   0.1000000000000E+01   0.0000000000000E+00   0.0000000000000E+00   0.0000000000000E+00
   0.2810000000000E+01   0.2799713191727E+02   0.0000000000000E+00   0.3483902553981E+02   0.0000000000000E+00   0.0000000000000E+00   0.0000000000000E+00   0.1203811897128E+03   0.0000000000000E+00  -0.2385849974251E+02   0.1000000000000E+01   0.0000000000000E+00   0.0000000000000E+00   0.0000000000000E+00
   0.2820000000000E+01   0.2791565807990E+02   0.0000000000000E+00   0.3505891243394E+02   0.0000000000000E+00   0.0000000000000E+00   0.0000000000000E+00   0.1206607536460E+03   0.0000000000000E+00  -0.2350900929236E+02   0.1000000000000E+01   0.0000000000000E+00   0.0000000000000E+00   0.0000000000000E+00
   0.2830000000000E+01   0.2783420491607E+02   0.0000000000000E+00   0.3527788640096E+02   0.0000000000000E+00   0.0000000000000E+00   0.0000000000000E+00   0.1209395029434E+03   0.0000000000000E+00  -0.2315732453692E+02   0.1000000000000E+01   0.0000000000000E+00   0.0000000000000E+00   0.0000000000000E+00
   0.2840000000000E+01   0.2775277329254E+02   0.0000000000000E+00   0.3549594627452E+02   0.0000000000000E+00   0.0000000000000E+00   0.0000000000000E+00   0.1212174378161E+03   0.0000000000000E+00  -0.2280345461133E+02   0.1000000000000E+01   0.0000000000000E+00   0.0000000000000E+00   0.0000000000000E+00
   0.2850000000000E+01   0.2767136410304E+02   0.0000000000000E+00   0.3571309093975E+02   0.0000000000000E+00   0.0000000000000E+00   0.0000000000000E+00   0.1214945584840E+03   0.0000000000000E+00  -0.2244740866213E+02   0.1000000000000E+01   0.0000000000000E+00   0.0000000000000E+00   0.0000000000000E+00
   0.2860000000000E+01   0.2758997826736E+02   0.0000000000000E+00   0.3592931933349E+02   0.0000000000000E+00   0.0000000000000E+00   0.0000000000000E+00   0.1217708651760E+03   0.0000000000000E+00  -0.2208919584677E+02   0.1000000000000E+01   0.0000000000000E+00   0.0000000000000E+00   0.0000000000000E+00
   0.2870000000000E+01   0.2750861673055E+02   0.0000000000000E+00   0.3614463044449E+02   0.0000000000000E+00   0.0000000000000E+00   0.0000000000000E+00   0.1220463581303E+03   0.0000000000000E+00  -0.2172882533307E+02   0.1000000000000E+01   0.0000000000000E+00   0.0000000000000E+00   0.0000000000000E+00
   0.2880000000000E+01   0.2742728046203E+02   0.0000000000000E+00   0.3635902331357E+02   0.0000000000000E+00   0.0000000000000E+00   0.0000000000000E+00   0.1223210375948E+03   0.0000000000000E+00  -0.2136630629869E+02   0.1000000000000E+01   0.0000000000000E+00   0.0000000000000E+00   0.0000000000000E+00
   0.2890000000000E+01   0.2734597045481E+02   0.0000000000000E+00   0.3657249703383E+02   0.0000000000000E+00   0.0000000000000E+00   0.0000000000000E+00   0.1225949038271E+03   0.0000000000000E+00  -0.2100164793063E+02   0.1000000000000E+01   0.0000000000000E+00   0.0000000000000E+00   0.0000000000000E+00
   0.2900000000000E+01   0.2726468772465E+02   0.0000000000000E+00   0.3678505075077E+02   0.0000000000000E+00   0.0000000000000E+00   0.0000000000000E+00   0.1228679570948E+03   0.0000000000000E+00  -0.2063485942469E+02   0.1000000000000E+01   0.0000000000000E+00   0.0000000000000E+00   0.0000000000000E+00
   0.2910000000000E+01   0.2718343330926E+02   0.0000000000000E+00   0.3699668366236E+02   0.0000000000000E+00   0.0000000000000E+00   0.0000000000000E+00   0.1231401976760E+03   0.0000000000000E+00  -0.2026594998497E+02   0.1000000000000E+01   0.0000000000000E+00   0.0000000000000E+00   0.0000000000000E+00
   0.2920000000000E+01   0.2710220826752E+02   0.0000000000000E+00   0.3720739501921E+02   0.0000000000000E+00   0.0000000000000E+00   0.0000000000000E+00   0.1234116258589E+03   0.0000000000000E+00  -0.1989492882330E+02   0.1000000000000E+01   0.0000000000000E+00   0.0000000000000E+00   0.0000000000000E+00
   0.2930000000000E+01   0.2702101367868E+02   0.0000000000000E+00   0.3741718412458E+02   0.0000000000000E+00   0.0000000000000E+00   0.0000000000000E+00   0.1236822419428E+03   0.0000000000000E+00  -0.1952180515876E+02   0.1000000000000E+01   0.0000000000000E+00   0.0000000000000E+00   0.0000000000000E+00
   0.2940000000000E+01   0.2693985064159E+02   0.0000000000000E+00   0.3762605033447E+02   0.0000000000000E+00   0.0000000000000E+00   0.0000000000000E+00   0.1239520462377E+03   0.0000000000000E+00  -0.1914658821713E+02   0.1000000000000E+01   0.0000000000000E+00   0.0000000000000E+00   0.0000000000000E+00
   0.2950000000000E+01   0.2685872027397E+02   0.0000000000000E+00   0.3783399305764E+02   0.0000000000000E+00   0.0000000000000E+00   0.0000000000000E+00   0.1242210390646E+03   0.0000000000000E+00  -0.1876928723036E+02   0.1000000000000E+01   0.0000000000000E+00   0.0000000000000E+00   0.0000000000000E+00
   0.2960000000000E+01   0.2677762371163E+02   0.0000000000000E+00   0.3804101175560E+02   0.0000000000000E+00   0.0000000000000E+00   0.0000000000000E+00   0.1244892207558E+03   0.0000000000000E+00  -0.1838991143606E+02   0.1000000000000E+01   0.0000000000000E+00   0.0000000000000E+00   0.0000000000000E+00
   0.2970000000000E+01   0.2669656210776E+02   0.0000000000000E+00   0.3824710594266E+02   0.0000000000000E+00   0.0000000000000E+00   0.0000000000000E+00   0.1247565916553E+03   0.0000000000000E+00  -0.1800847007695E+02   0.1000000000000E+01   0.0000000000000E+00   0.0000000000000E+00   0.0000000000000E+00
   0.2980000000000E+01   0.2661553663217E+02   0.0000000000000E+00   0.3845227518583E+02   0.0000000000000E+00   0.0000000000000E+00   0.0000000000000E+00   0.1250231521184E+03   0.0000000000000E+00  -0.1762497240036E+02   0.1000000000000E+01   0.0000000000000E+00   0.0000000000000E+00   0.0000000000000E+00
   0.2990000000000E+01   0.2653454847064E+02   0.0000000000000E+00   0.3865651910484E+02   0.0000000000000E+00   0.0000000000000E+00   0.0000000000000E+00   0.1252889025124E+03   0.0000000000000E+00  -0.1723942765765E+02   0.1000000000000E+01   0.0000000000000E+00   0.0000000000000E+00   0.0000000000000E+00
   0.3000000000000E+01   0.2645359882416E+02   0.0000000000000E+00   0.3885983737204E+02   0.0000000000000E+00   0.0000000000000E+00   0.0000000000000E+00   0.1255538432162E+03   0.0000000000000E+00  -0.1685184510377E+02   0.1000000000000E+01   0.0000000000000E+00   0.0000000000000E+00   0.0000000000000E+00
   0.3010000000000E+01   0.2637268890825E+02   0.0000000000000E+00   0.3906222971234E+02   0.0000000000000E+00   0.0000000000000E+00   0.0000000000000E+00   0.1258179746213E+03   0.0000000000000E+00  -0.1646223399664E+02   0.1000000000000E+01   0.0000000000000E+00   0.0000000000000E+00   0.0000000000000E+00
   0.3020000000000E+01   0.2629181995232E+02   0.0000000000000E+00   0.3926369590309E+02   0.0000000000000E+00   0.0000000000000E+00   0.0000000000000E+00   0.1260812971309E+03   0.0000000000000E+00  -0.1607060359669E+02   0.1000000000000E+01   0.0000000000000E+00   0.0000000000000E+00   0.0000000000000E+00
   0.3030000000000E+01   0.2621099319895E+02   0.0000000000000E+00   0.3946423577401E+02   0.0000000000000E+00   0.0000000000000E+00   0.0000000000000E+00   0.1263438111610E+03   0.0000000000000E+00  -0.1567696316631E+02   0.1000000000000E+01   0.0000000000000E+00   0.0000000000000E+00   0.0000000000000E+00
   0.3040000000000E+01   0.2613020990327E+02   0.0000000000000E+00   0.3966384920701E+02   0.0000000000000E+00   0.0000000000000E+00   0.0000000000000E+00   0.1266055171398E+03   0.0000000000000E+00  -0.1528132196934E+02   0.1000000000000E+01   0.0000000000000E+00   0.0000000000000E+00   0.0000000000000E+00
   0.3050000000000E+01   0.2604947133231E+02   0.0000000000000E+00   0.3986253613609E+02   0.0000000000000E+00   0.0000000000000E+00   0.0000000000000E+00   0.1268664155081E+03   0.0000000000000E+00  -0.1488368927052E+02   0.1000000000000E+01   0.0000000000000E+00   0.0000000000000E+00   0.0000000000000E+00
   0.3060000000000E+01   0.2596877876434E+02   0.0000000000000E+00   0.4006029654713E+02   0.0000000000000E+00   0.0000000000000E+00   0.0000000000000E+00   0.1271265067198E+03   0.0000000000000E+00  -0.1448407433501E+02   0.1000000000000E+01   0.0000000000000E+00   0.0000000000000E+00   0.0000000000000E+00
   0.3070000000000E+01   0.2588813348829E+02   0.0000000000000E+00   0.4025713047778E+02   0.0000000000000E+00   0.0000000000000E+00   0.0000000000000E+00   0.1273857912411E+03   0.0000000000000E+00  -0.1408248642784E+02   0.1000000000000E+01   0.0000000000000E+00   0.0000000000000E+00   0.0000000000000E+00
   0.3080000000000E+01   0.2580753680308E+02   0.0000000000000E+00   0.4045303801720E+02   0.0000000000000E+00   0.0000000000000E+00   0.0000000000000E+00   0.1276442695515E+03   0.0000000000000E+00  -0.1367893481343E+02   0.1000000000000E+01   0.0000000000000E+00   0.0000000000000E+00   0.0000000000000E+00
   0.3090000000000E+01   0.2572699001707E+02   0.0000000000000E+00   0.4064801930593E+02   0.0000000000000E+00   0.0000000000000E+00   0.0000000000000E+00   0.1279019421435E+03   0.0000000000000E+00  -0.1327342875500E+02   0.1000000000000E+01   0.0000000000000E+00   0.0000000000000E+00   0.0000000000000E+00
   0.3100000000000E+01   0.2564649444746E+02   0.0000000000000E+00   0.4084207453561E+02   0.0000000000000E+00   0.0000000000000E+00   0.0000000000000E+00   0.1281588095226E+03   0.0000000000000E+00  -0.1286597751417E+02   0.1000000000000E+01   0.0000000000000E+00   0.0000000000000E+00   0.0000000000000E+00
   0.3110000000000E+01   0.2556605141967E+02   0.0000000000000E+00   0.4103520394877E+02   0.0000000000000E+00   0.0000000000000E+00   0.0000000000000E+00   0.1284148722075E+03   0.0000000000000E+00  -0.1245659035035E+02   0.1000000000000E+01   0.0000000000000E+00   0.0000000000000E+00   0.0000000000000E+00
   0.3120000000000E+01   0.2548566226683E+02   0.0000000000000E+00   0.4122740783861E+02   0.0000000000000E+00   0.0000000000000E+00   0.0000000000000E+00   0.1286701307305E+03   0.0000000000000E+00  -0.1204527652028E+02   0.1000000000000E+01   0.0000000000000E+00   0.0000000000000E+00   0.0000000000000E+00
   0.3130000000000E+01   0.2540532832915E+02   0.0000000000000E+00   0.4141868654871E+02   0.0000000000000E+00   0.0000000000000E+00   0.0000000000000E+00   0.1289245856369E+03   0.0000000000000E+00  -0.1163204527751E+02   0.1000000000000E+01   0.0000000000000E+00   0.0000000000000E+00   0.0000000000000E+00
   0.3140000000000E+01   0.2532505095346E+02   0.0000000000000E+00   0.4160904047280E+02   0.0000000000000E+00   0.0000000000000E+00   0.0000000000000E+00   0.1291782374857E+03   0.0000000000000E+00  -0.1121690587192E+02   0.1000000000000E+01   0.0000000000000E+00   0.0000000000000E+00   0.0000000000000E+00
   0.3150000000000E+01   0.2524483149257E+02   0.0000000000000E+00   0.4179847005445E+02   0.0000000000000E+00   0.0000000000000E+00   0.0000000000000E+00   0.1294310868491E+03   0.0000000000000E+00  -0.1079986754920E+02   0.1000000000000E+01   0.0000000000000E+00   0.0000000000000E+00   0.0000000000000E+00
   0.3160000000000E+01   0.2516467130484E+02   0.0000000000000E+00   0.4198697578678E+02   0.0000000000000E+00   0.0000000000000E+00   0.0000000000000E+00   0.1296831343131E+03   0.0000000000000E+00  -0.1038093955033E+02   0.1000000000000E+01   0.0000000000000E+00   0.0000000000000E+00   0.0000000000000E+00
   0.3170000000000E+01   0.2508457175359E+02   0.0000000000000E+00   0.4217455821217E+02   0.0000000000000E+00   0.0000000000000E+00   0.0000000000000E+00   0.1299343804773E+03   0.0000000000000E+00  -0.9960131111152E+01   0.1000000000000E+01   0.0000000000000E+00   0.0000000000000E+00   0.0000000000000E+00
   0.3180000000000E+01   0.2500453420661E+02   0.0000000000000E+00   0.4236121792197E+02   0.0000000000000E+00   0.0000000000000E+00   0.0000000000000E+00   0.1301848259548E+03   0.0000000000000E+00  -0.9537451461809E+01   0.1000000000000E+01   0.0000000000000E+00   0.0000000000000E+00   0.0000000000000E+00
   0.3190000000000E+01   0.2492456003569E+02   0.0000000000000E+00   0.4254695555612E+02   0.0000000000000E+00   0.0000000000000E+00   0.0000000000000E+00   0.1304344713727E+03   0.0000000000000E+00  -0.9112909826299E+01   0.1000000000000E+01   0.0000000000000E+00   0.0000000000000E+00   0.0000000000000E+00
   0.3200000000000E+01   0.2484465061609E+02   0.0000000000000E+00   0.4273177180287E+02   0.0000000000000E+00   0.0000000000000E+00   0.0000000000000E+00   0.1306833173714E+03   0.0000000000000E+00  -0.8686515421979E+01   0.1000000000000E+01   0.0000000000000E+00   0.0000000000000E+00   0.0000000000000E+00
   0.3210000000000E+01   0.2476480732610E+02   0.0000000000000E+00   0.4291566739843E+02   0.0000000000000E+00   0.0000000000000E+00   0.0000000000000E+00   0.1309313646054E+03   0.0000000000000E+00  -0.8258277459080E+01   0.1000000000000E+01   0.0000000000000E+00   0.0000000000000E+00   0.0000000000000E+00
   0.3220000000000E+01   0.2468503154654E+02   0.0000000000000E+00   0.4309864312658E+02   0.0000000000000E+00   0.0000000000000E+00   0.0000000000000E+00   0.1311786137429E+03   0.0000000000000E+00  -0.7828205140236E+01   0.1000000000000E+01   0.0000000000000E+00   0.0000000000000E+00   0.0000000000000E+00
   0.3230000000000E+01   0.2460532466032E+02   0.0000000000000E+00   0.4328069981836E+02   0.0000000000000E+00   0.0000000000000E+00   0.0000000000000E+00   0.1314250654660E+03   0.0000000000000E+00  -0.7396307660004E+01   0.1000000000000E+01   0.0000000000000E+00   0.0000000000000E+00   0.0000000000000E+00
   0.3240000000000E+01   0.2452568805199E+02   0.0000000000000E+00   0.4346183835168E+02   0.0000000000000E+00   0.0000000000000E+00   0.0000000000000E+00   0.1316707204704E+03   0.0000000000000E+00  -0.6962594204398E+01   0.1000000000000E+01   0.0000000000000E+00   0.0000000000000E+00   0.0000000000000E+00
   0.3250000000000E+01   0.2444612310729E+02   0.0000000000000E+00   0.4364205965094E+02   0.0000000000000E+00   0.0000000000000E+00   0.0000000000000E+00   0.1319155794659E+03   0.0000000000000E+00  -0.6527073950418E+01   0.1000000000000E+01   0.0000000000000E+00   0.0000000000000E+00   0.0000000000000E+00
   0.3260000000000E+01   0.2436663121271E+02   0.0000000000000E+00   0.4382136468665E+02   0.0000000000000E+00   0.0000000000000E+00   0.0000000000000E+00   0.1321596431761E+03   0.0000000000000E+00  -0.6089756065591E+01   0.1000000000000E+01   0.0000000000000E+00   0.0000000000000E+00   0.0000000000000E+00
   0.3270000000000E+01   0.2428721375511E+02   0.0000000000000E+00   0.4399975447503E+02   0.0000000000000E+00   0.0000000000000E+00   0.0000000000000E+00   0.1324029123383E+03   0.0000000000000E+00  -0.5650649707510E+01   0.1000000000000E+01   0.0000000000000E+00   0.0000000000000E+00   0.0000000000000E+00
   0.3280000000000E+01   0.2420787212125E+02   0.0000000000000E+00   0.4417723007763E+02   0.0000000000000E+00   0.0000000000000E+00   0.0000000000000E+00   0.1326453877039E+03   0.0000000000000E+00  -0.5209764023377E+01   0.1000000000000E+01   0.0000000000000E+00   0.0000000000000E+00   0.0000000000000E+00
   0.3290000000000E+01   0.2412860769744E+02   0.0000000000000E+00   0.4435379260090E+02   0.0000000000000E+00   0.0000000000000E+00   0.0000000000000E+00   0.1328870700381E+03   0.0000000000000E+00  -0.4767108149555E+01   0.1000000000000E+01   0.0000000000000E+00   0.0000000000000E+00   0.0000000000000E+00
   0.3300000000000E+01   0.2404942186912E+02   0.0000000000000E+00   0.4452944319581E+02   0.0000000000000E+00   0.0000000000000E+00   0.0000000000000E+00   0.1331279601198E+03   0.0000000000000E+00  -0.4322691211120E+01   0.1000000000000E+01   0.0000000000000E+00   0.0000000000000E+00   0.0000000000000E+00
   0.3310000000000E+01   0.2397031602046E+02   0.0000000000000E+00   0.4470418305737E+02   0.0000000000000E+00   0.0000000000000E+00   0.0000000000000E+00   0.1333680587421E+03   0.0000000000000E+00  -0.3876522321417E+01   0.1000000000000E+01   0.0000000000000E+00   0.0000000000000E+00   0.0000000000000E+00
   0.3320000000000E+01   0.2389129153401E+02   0.0000000000000E+00   0.4487801342427E+02   0.0000000000000E+00   0.0000000000000E+00   0.0000000000000E+00   0.1336073667115E+03   0.0000000000000E+00  -0.3428610581622E+01   0.1000000000000E+01   0.0000000000000E+00   0.0000000000000E+00   0.0000000000000E+00
   0.3330000000000E+01   0.2381234979032E+02   0.0000000000000E+00   0.4505093557843E+02   0.0000000000000E+00   0.0000000000000E+00   0.0000000000000E+00   0.1338458848486E+03   0.0000000000000E+00  -0.2978965080307E+01   0.1000000000000E+01   0.0000000000000E+00   0.0000000000000E+00   0.0000000000000E+00
   0.3340000000000E+01   0.2373349216760E+02   0.0000000000000E+00   0.4522295084452E+02   0.0000000000000E+00   0.0000000000000E+00   0.0000000000000E+00   0.1340836139877E+03   0.0000000000000E+00  -0.2527594893013E+01   0.1000000000000E+01   0.0000000000000E+00   0.0000000000000E+00   0.0000000000000E+00
   0.3350000000000E+01   0.2365472004133E+02   0.0000000000000E+00   0.4539406058957E+02   0.0000000000000E+00   0.0000000000000E+00   0.0000000000000E+00   0.1343205549769E+03   0.0000000000000E+00  -0.2074509081820E+01   0.1000000000000E+01   0.0000000000000E+00   0.0000000000000E+00   0.0000000000000E+00
   0.3360000000000E+01   0.2357603478393E+02   0.0000000000000E+00   0.4556426622251E+02   0.0000000000000E+00   0.0000000000000E+00   0.0000000000000E+00   0.1345567086781E+03   0.0000000000000E+00  -0.1619716694929E+01   0.1000000000000E+01   0.0000000000000E+00   0.0000000000000E+00   0.0000000000000E+00
   0.3370000000000E+01   0.2349743776447E+02   0.0000000000000E+00   0.4573356919370E+02   0.0000000000000E+00   0.0000000000000E+00   0.0000000000000E+00   0.1347920759667E+03   0.0000000000000E+00  -0.1163226766242E+01   0.1000000000000E+01   0.0000000000000E+00   0.0000000000000E+00   0.0000000000000E+00
   0.3380000000000E+01   0.2341893034827E+02   0.0000000000000E+00   0.4590197099449E+02   0.0000000000000E+00   0.0000000000000E+00   0.0000000000000E+00   0.1350266577320E+03   0.0000000000000E+00  -0.7050483149558E+00   0.1000000000000E+01   0.0000000000000E+00   0.0000000000000E+00   0.0000000000000E+00
   0.3390000000000E+01   0.2334051389665E+02   0.0000000000000E+00   0.4606947315674E+02   0.0000000000000E+00   0.0000000000000E+00   0.0000000000000E+00   0.1352604548769E+03   0.0000000000000E+00  -0.2451903451474E+00   0.1000000000000E+01   0.0000000000000E+00   0.0000000000000E+00   0.0000000000000E+00
   0.3400000000000E+01   0.2326218984813E+02   0.0000000000000E+00   0.4623607741450E+02   0.0000000000000E+00   0.0000000000000E+00   0.0000000000000E+00   0.1354934683177E+03   0.0000000000000E+00   0.2163381546240E+00   0.1000000000000E+01   0.0000000000000E+00   0.0000000000000E+00   0.0000000000000E+00
